customerID,Contract,tenure,MonthlyCharges,Churn,churn_probability,risk_band
7590-VHVEG,Month-to-month,1,29.85,No,0.8101,High
5575-GNVDE,One year,34,56.95,No,0.1181,Low
3668-QPYBK,Month-to-month,2,53.85,Yes,0.5156,Medium
7795-CFOCW,One year,45,42.3,No,0.0817,Low
9237-HQITU,Month-to-month,2,70.7,Yes,0.8532,High
9305-CDSKC,Month-to-month,8,99.65,Yes,0.9115,High
1452-KIOVK,Month-to-month,22,89.1,No,0.7222,High
6713-OKOMC,Month-to-month,10,29.75,No,0.5628,Medium
7892-POOKP,Month-to-month,28,104.8,Yes,0.814,High
6388-TABGU,One year,62,56.15,No,0.0302,Low
9763-GRSKD,Month-to-month,13,49.95,No,0.3854,Medium
7469-LKBCI,Two year,16,18.95,No,0.0782,Low
8091-TTVAX,One year,58,100.35,No,0.4085,Medium
0280-XJGEX,Month-to-month,49,103.7,Yes,0.6826,High
5129-JLPIS,Month-to-month,25,105.5,No,0.703,High
3655-SNQYZ,Two year,69,113.25,No,0.0997,Low
8191-XWSZG,One year,52,20.65,No,0.0299,Low
9959-WOFKT,Two year,71,106.7,No,0.1231,Low
4190-MFLUW,Month-to-month,10,55.2,Yes,0.3704,Medium
4183-MYFRB,Month-to-month,21,90.05,No,0.7806,High
8779-QRDMV,Month-to-month,1,39.65,Yes,0.8888,High
1680-VDCWW,One year,12,19.8,No,0.1481,Low
1066-JKSGK,Month-to-month,1,20.15,Yes,0.4113,Medium
3638-WEABW,Two year,58,59.9,No,0.0439,Low
6322-HRPFA,Month-to-month,49,59.6,No,0.077,Low
6865-JZNKO,Month-to-month,30,55.3,No,0.2579,Low
6467-CHFZW,Month-to-month,47,99.35,Yes,0.7178,High
8665-UTDHZ,Month-to-month,1,30.2,Yes,0.7208,High
5248-YGIJN,Two year,72,90.25,No,0.0452,Low
8773-HHUOZ,Month-to-month,17,64.7,Yes,0.5946,Medium
3841-NFECX,Two year,71,96.35,No,0.0832,Low
4929-XIHVW,Month-to-month,2,95.5,No,0.8823,High
6827-IEAUQ,One year,27,66.15,No,0.0775,Low
7310-EGVHZ,Month-to-month,1,20.2,No,0.3973,Medium
3413-BMNZE,Month-to-month,1,45.25,No,0.6421,High
6234-RAAPL,Two year,72,99.9,No,0.056,Low
6047-YHPVI,Month-to-month,5,69.7,Yes,0.8396,High
6572-ADKRS,Month-to-month,46,74.8,No,0.5213,Medium
5380-WJKOV,Month-to-month,34,106.35,Yes,0.8181,High
8168-UQWWF,Month-to-month,11,97.85,Yes,0.8668,High
8865-TNMNX,One year,10,49.55,No,0.2422,Low
9489-DEDVP,Two year,70,69.2,No,0.0335,Low
9867-JCZSP,One year,17,20.75,No,0.1069,Low
4671-VJLCL,Two year,63,79.85,No,0.0412,Low
4080-IIARD,Month-to-month,13,76.2,No,0.5291,Medium
3714-NTNFO,Month-to-month,49,84.5,No,0.6998,High
5948-UJZLF,Month-to-month,2,49.25,No,0.5564,Medium
7760-OYPDY,Month-to-month,2,80.65,Yes,0.8791,High
7639-LIAYI,Two year,52,79.75,No,0.0862,Low
2954-PIBKO,Two year,69,64.15,No,0.0197,Low
8012-SOUDQ,Month-to-month,43,90.25,No,0.7602,High
9420-LOJKX,Month-to-month,15,99.1,Yes,0.7188,High
6575-SUVOI,Month-to-month,25,69.5,No,0.448,Medium
7495-OOKFY,Month-to-month,8,80.65,Yes,0.8141,High
4667-QONEA,One year,60,74.85,No,0.0591,Low
1658-BYGOY,Month-to-month,18,95.45,Yes,0.9054,High
8769-KKTPH,One year,63,99.65,No,0.3039,Medium
5067-XJQFU,One year,66,108.45,No,0.4058,Medium
3957-SQXML,Two year,34,24.95,No,0.0373,Low
5954-BDFSG,Two year,72,107.5,No,0.2155,Low
0434-CSFON,Month-to-month,47,100.5,No,0.7901,High
1215-FIGMP,Month-to-month,60,89.9,No,0.5233,Medium
0526-SXDJP,Two year,72,42.1,No,0.0179,Low
0557-ASKVU,One year,18,54.4,No,0.2068,Low
5698-BQJOH,Month-to-month,9,94.4,Yes,0.8856,High
5122-CYFXA,Month-to-month,3,75.3,No,0.7041,High
8627-ZYGSZ,One year,47,78.9,No,0.414,Medium
3410-YOQBQ,Two year,31,79.2,No,0.1172,Low
3170-NMYVV,Two year,50,20.15,No,0.0123,Low
7410-OIEDU,Month-to-month,10,79.85,No,0.6808,High
2273-QCKXA,Month-to-month,1,49.05,No,0.5172,Medium
0731-EBJQB,One year,52,20.4,No,0.0425,Low
1891-QRQSA,Two year,64,111.6,No,0.1619,Low
8028-PNXHQ,Two year,62,24.25,No,0.0127,Low
5630-AHZIL,Month-to-month,3,64.5,No,0.4392,Medium
2673-CXQEU,One year,56,110.5,No,0.4568,Medium
6416-JNVRK,One year,46,55.65,No,0.1525,Low
5590-ZSKRV,Month-to-month,8,54.65,No,0.3389,Medium
0191-ZHSKZ,Month-to-month,30,74.75,No,0.5366,Medium
3887-PBQAO,One year,45,25.9,No,0.0565,Low
5919-TMRGD,Month-to-month,1,79.35,Yes,0.8593,High
8108-UXRQN,Month-to-month,11,50.55,No,0.686,High
9191-MYQKX,Month-to-month,7,75.15,Yes,0.7593,High
9919-YLNNG,Month-to-month,42,103.8,No,0.5745,Medium
0318-ZOPWS,Two year,49,20.15,No,0.0211,Low
4445-ZJNMU,Month-to-month,9,99.3,No,0.8557,High
4808-YNLEU,One year,35,62.15,No,0.1721,Low
1862-QRWPE,Two year,48,20.65,No,0.0139,Low
2796-NNUFI,Two year,46,19.95,No,0.0205,Low
3016-KSVCP,Month-to-month,29,33.75,No,0.5233,Medium
4767-HZZHQ,Month-to-month,30,82.05,No,0.4527,Medium
2424-WVHPL,Month-to-month,1,74.7,No,0.795,High
7233-PAHHL,Two year,66,84.0,No,0.0496,Low
6067-NGCEU,Month-to-month,65,111.05,No,0.529,Medium
9848-JQJTX,Two year,72,100.9,No,0.2361,Low
8637-XJIVR,Month-to-month,12,78.95,Yes,0.7876,High
9803-FTJCG,One year,71,66.85,No,0.0309,Low
0278-YXOOG,Month-to-month,5,21.05,Yes,0.3653,Medium
3212-KXOCR,Two year,52,21.0,No,0.0148,Low
4598-XLKNJ,Month-to-month,25,98.5,Yes,0.8398,High
6380-ARCEH,Month-to-month,1,20.2,No,0.4111,Medium
3679-XASPY,Month-to-month,1,19.45,No,0.4381,Medium
7123-WQUHX,One year,38,95.0,No,0.3708,Medium
5386-THSLQ,One year,66,45.55,No,0.1078,Low
3192-NQECA,Two year,68,110.0,Yes,0.1944,Low
6180-YBIQI,Month-to-month,5,24.3,No,0.7067,High
6728-DKUCO,One year,72,104.15,No,0.2962,Low
9750-BOOHV,One year,32,30.15,No,0.1826,Low
8597-CWYHH,One year,43,94.35,No,0.4937,Medium
2848-YXSMW,Two year,72,19.4,No,0.0049,Low
0486-HECZI,Month-to-month,55,96.75,Yes,0.5513,Medium
4549-ZDQYY,One year,52,57.95,No,0.0512,Low
5712-AHQNN,Month-to-month,43,91.65,No,0.6666,High
4846-WHAFZ,Month-to-month,37,76.5,Yes,0.7516,High
5256-SKJGO,Two year,64,54.6,No,0.0762,Low
3071-VBYPO,Month-to-month,3,89.85,No,0.6943,High
9560-BBZXK,Two year,36,31.05,No,0.0839,Low
5299-RULOA,Month-to-month,10,100.25,Yes,0.8316,High
8402-OOOHJ,Two year,41,20.65,No,0.0257,Low
9445-ZUEQE,Month-to-month,27,85.2,No,0.5211,Medium
1091-SOZGA,One year,56,99.8,No,0.4343,Medium
2928-HLDBA,Month-to-month,6,20.7,No,0.3575,Medium
0404-SWRVG,Month-to-month,3,74.4,Yes,0.8802,High
6497-TILVL,Month-to-month,7,50.7,No,0.3822,Medium
7219-TLZHO,Month-to-month,4,20.85,No,0.3172,Medium
4622-YNKIJ,Two year,33,88.95,No,0.2517,Low
4412-YLTKF,Month-to-month,27,78.05,Yes,0.8187,High
6734-PSBAW,Two year,72,23.55,No,0.0105,Low
3930-ZGWVE,Month-to-month,1,19.75,No,0.4128,Medium
2639-UGMAZ,One year,71,56.45,No,0.1616,Low
2876-GZYZC,Month-to-month,13,85.95,No,0.8748,High
6207-WIOLX,Month-to-month,25,58.6,Yes,0.5168,Medium
8587-XYZSF,Two year,67,50.55,No,0.0183,Low
3091-FYHKI,Month-to-month,1,35.45,Yes,0.8662,High
2372-HWUHI,Month-to-month,2,44.35,Yes,0.6821,High
7799-LGRDP,Two year,43,25.7,No,0.0423,Low
7850-VWJUU,Month-to-month,23,75.0,No,0.5724,Medium
3774-VBNXY,Two year,64,20.2,No,0.007,Low
6217-KDYWC,Two year,57,19.6,No,0.013,Low
0390-DCFDQ,Month-to-month,1,70.45,Yes,0.833,High
3146-MSEGF,Two year,72,88.05,No,0.0469,Low
4080-OGPJL,Month-to-month,8,71.15,Yes,0.5539,Medium
1095-WGNGG,Two year,61,101.05,No,0.2479,Low
2636-SJDOU,One year,64,84.3,No,0.1799,Low
1131-QQZEB,Two year,71,23.95,No,0.0105,Low
5716-EZXZN,Two year,65,99.05,No,0.0871,Low
6837-BJYDQ,One year,3,19.6,No,0.2263,Low
2135-RXIHG,Month-to-month,1,45.65,Yes,0.7389,High
6440-DKQGE,One year,30,64.5,No,0.1817,Low
3466-BYAVD,Month-to-month,15,69.5,No,0.4066,Medium
3780-YVMFA,Month-to-month,8,68.55,No,0.6565,High
3874-EQOEP,Month-to-month,7,95.0,Yes,0.8481,High
1679-JRFBR,One year,70,108.15,No,0.2834,Low
9073-ZZIAY,Two year,62,86.1,No,0.0369,Low
3077-RSNTJ,Month-to-month,6,19.7,No,0.3023,Medium
6551-GNYDG,Month-to-month,14,80.9,No,0.7198,High
9167-APMXZ,Month-to-month,22,84.15,No,0.7823,High
2749-CTKAJ,One year,22,20.15,No,0.0848,Low
6371-NZYEG,Two year,16,64.25,No,0.1205,Low
7554-NEWDD,Two year,10,25.7,No,0.1167,Low
8992-VONJD,Month-to-month,13,56.0,No,0.4446,Medium
0867-MKZVY,Month-to-month,20,82.4,Yes,0.6747,High
4482-EWFMI,Month-to-month,2,69.7,No,0.8546,High
4648-YPBTM,Two year,53,73.9,No,0.0737,Low
2907-ILJBN,One year,11,20.6,No,0.1344,Low
6345-FZOQH,Two year,69,19.9,No,0.0069,Low
3376-BMGFE,Month-to-month,4,70.9,Yes,0.7817,High
5997-OPVFA,Two year,72,89.05,No,0.0418,Low
3445-HXXGF,Month-to-month,58,45.3,Yes,0.4079,Medium
1159-WFSGR,Month-to-month,16,20.4,No,0.279,Low
7654-YWJUF,One year,43,84.25,No,0.1851,Low
1875-QIVME,Month-to-month,2,104.4,Yes,0.8872,High
6727-IOTLZ,Two year,14,81.95,No,0.1686,Low
0691-JVSYA,One year,53,94.85,Yes,0.414,Medium
5918-VUKWP,One year,32,20.55,No,0.0683,Low
1744-JHKYS,Month-to-month,34,24.7,No,0.2227,Low
2656-FMOKZ,Month-to-month,15,74.45,Yes,0.8159,High
2070-FNEXE,Month-to-month,7,76.45,Yes,0.6669,High
5947-SGKCL,Month-to-month,15,105.35,No,0.7848,High
3712-PKXZA,One year,61,20.55,No,0.0252,Low
6317-YPKDH,Month-to-month,1,29.95,Yes,0.6942,High
6582-OIVSP,Month-to-month,1,45.3,No,0.6101,High
9367-WXLCH,Month-to-month,8,84.5,Yes,0.8016,High
5524-KHNJP,One year,33,74.75,No,0.1693,Low
1918-ZBFQJ,Month-to-month,13,79.25,Yes,0.7825,High
1024-GUALD,Month-to-month,1,24.8,Yes,0.8375,High
4827-USJHP,Month-to-month,20,51.8,No,0.4426,Medium
8167-GJLRN,Month-to-month,3,30.4,No,0.7159,High
0956-SYCWG,One year,13,19.65,No,0.2097,Low
8017-UVSZU,Month-to-month,40,56.6,No,0.2892,Low
7100-FQPRV,One year,43,71.9,No,0.1153,Low
2472-OVKUP,Month-to-month,6,91.0,Yes,0.8341,High
2984-RGEYA,Two year,69,19.75,No,0.0053,Low
9680-NIAUV,Two year,72,109.7,No,0.1271,Low
2146-EGVDT,Two year,59,19.3,No,0.009,Low
2604-IJPDU,Month-to-month,20,96.55,No,0.6164,High
9178-JHUVJ,Two year,24,24.1,No,0.067,Low
6168-YBYNP,Month-to-month,59,111.35,No,0.6527,High
7255-SSFBC,Two year,72,112.25,No,0.1447,Low
3645-DEYGF,Month-to-month,1,20.75,No,0.355,Medium
9323-HGFWY,One year,27,101.9,No,0.3989,Medium
8544-GOQSH,Month-to-month,14,80.05,No,0.6216,High
3363-DTIVD,Two year,71,105.55,No,0.1729,Low
7018-WBJNK,Month-to-month,13,78.3,No,0.7534,High
9142-KZXOP,Month-to-month,44,68.85,No,0.4466,Medium
7674-YTAFD,One year,33,79.95,No,0.2865,Low
6348-SNFUS,Two year,72,55.45,No,0.0234,Low
1285-OKIPP,Month-to-month,1,79.9,Yes,0.8516,High
7825-ECJRF,Month-to-month,19,106.6,Yes,0.7235,High
1347-KTTTA,One year,64,102.45,No,0.2794,Low
7841-TZDMQ,Month-to-month,2,46.0,Yes,0.6579,High
4195-NZGTA,Month-to-month,1,25.25,No,0.8044,High
7157-SMCFK,Two year,61,19.75,No,0.0081,Low
4709-LKHYG,One year,29,20.0,No,0.0881,Low
2504-DSHIH,Month-to-month,23,86.8,No,0.8208,High
0699-NDKJM,Month-to-month,57,58.75,No,0.29,Low
9286-BHDQG,Two year,72,45.25,No,0.0113,Low
0230-WEQUW,Two year,66,56.6,No,0.0331,Low
2040-LDIWQ,Two year,65,84.2,No,0.056,Low
6496-JDSSB,Month-to-month,8,80.0,No,0.803,High
9408-SSNVZ,Month-to-month,4,70.15,Yes,0.8452,High
4443-EMBNA,Two year,71,24.75,No,0.0088,Low
6469-MRVET,One year,1,20.2,No,0.309,Medium
0742-MOABM,Month-to-month,4,50.05,Yes,0.4742,Medium
5961-VUSRV,One year,12,19.35,No,0.1928,Low
6778-JFCMK,One year,24,50.6,No,0.4204,Medium
6341-JVQGF,One year,31,81.15,No,0.1651,Low
2232-DMLXU,Month-to-month,1,55.2,Yes,0.6548,High
4811-JBUVU,Month-to-month,30,89.9,No,0.6802,High
0945-TSONX,Two year,47,85.3,No,0.07,Low
2651-ZCBXV,Two year,54,108.0,No,0.1853,Low
3316-UWXUY,Month-to-month,50,93.5,No,0.3591,Medium
8937-RDTHP,Month-to-month,1,84.6,Yes,0.773,High
7083-MIOPC,Two year,72,20.25,No,0.0067,Low
1984-GPTEH,Month-to-month,29,25.15,No,0.2719,Low
1251-KRREG,Month-to-month,2,54.4,Yes,0.6772,High
0621-JFHOL,Two year,10,29.6,No,0.288,Low
9903-LYSAB,Month-to-month,18,73.15,No,0.8173,High
0094-OIFMO,Month-to-month,11,95.0,Yes,0.883,High
9227-UAQFT,Two year,16,19.75,No,0.0755,Low
7301-ABVAD,Two year,72,86.6,No,0.0509,Low
6614-FHDBO,Two year,72,109.2,No,0.1468,Low
7576-ASEJU,One year,41,74.7,No,0.1285,Low
9058-HRZSV,Month-to-month,65,94.4,No,0.4136,Medium
4522-AKYLR,Month-to-month,13,54.8,No,0.6556,High
0221-WMXNQ,Month-to-month,4,75.35,No,0.769,High
0303-UNCIP,One year,41,65.0,No,0.2194,Low
9947-OTFQU,Month-to-month,15,74.4,Yes,0.7969,High
0322-YINQP,Month-to-month,1,48.55,Yes,0.5723,Medium
0959-WHOKV,One year,42,99.0,No,0.4723,Medium
4075-JFPGR,One year,51,93.5,No,0.3223,Medium
4629-NRXKX,Month-to-month,2,70.4,Yes,0.7757,High
9514-JDSKI,Month-to-month,1,40.2,Yes,0.8335,High
3282-ZISZV,One year,32,83.7,No,0.2094,Low
3675-YDUPJ,Month-to-month,10,19.85,No,0.3749,Medium
4111-BNXIF,Two year,67,59.55,No,0.0776,Low
7017-VFHAY,Two year,61,115.1,No,0.1132,Low
6655-LHBYW,One year,50,114.35,No,0.2919,Low
4959-JOSRX,Month-to-month,2,44.6,Yes,0.657,High
5046-NUHWD,Month-to-month,29,45.0,No,0.6236,High
7273-TEFQD,Month-to-month,3,41.15,Yes,0.8784,High
3606-TWKGI,Month-to-month,13,106.9,Yes,0.8993,High
7529-ZDFXI,Month-to-month,57,89.85,No,0.6616,High
7605-BDWDC,Two year,31,49.85,No,0.107,Low
1950-KSVVJ,One year,45,113.3,No,0.2983,Low
0123-CRBRT,Two year,61,88.1,No,0.0405,Low
6292-TOSSS,Two year,50,24.9,No,0.0218,Low
3197-ARFOY,Month-to-month,19,105.0,No,0.6632,High
6323-AYBRX,Two year,59,19.35,Yes,0.0112,Low
7014-ZZXAW,Two year,71,24.25,No,0.0119,Low
4385-GZQXV,Month-to-month,16,94.45,Yes,0.8429,High
7633-MVPUY,Two year,57,59.75,No,0.0323,Low
6366-ZGQGL,Month-to-month,1,24.8,Yes,0.7307,High
4716-HHKQH,Month-to-month,20,107.05,No,0.7976,High
5940-AHUHD,Month-to-month,1,70.6,Yes,0.763,High
6432-TWQLB,Month-to-month,5,85.4,Yes,0.787,High
4484-GLZOU,Month-to-month,52,105.05,Yes,0.7564,High
3179-GBRWV,Month-to-month,21,64.95,No,0.4312,Medium
8645-KWHJO,Month-to-month,14,55.0,No,0.775,High
4130-MZLCC,Month-to-month,5,50.55,No,0.5116,Medium
0314-TKOSI,Month-to-month,6,55.15,No,0.4134,Medium
8229-MYEJZ,Month-to-month,10,51.2,No,0.5644,Medium
2080-SRCDE,Month-to-month,1,25.4,No,0.42,Medium
9577-WJVCQ,Month-to-month,68,54.45,No,0.1032,Low
9512-UIBFX,Month-to-month,18,95.15,Yes,0.7161,High
6202-DYYFX,One year,22,76.0,No,0.5735,Medium
3808-HFKDE,Month-to-month,20,44.35,No,0.5837,Medium
5583-SXDAG,Month-to-month,1,70.0,Yes,0.8168,High
3488-PGMQJ,Month-to-month,8,74.5,Yes,0.8318,High
3580-REOAC,Month-to-month,10,44.85,Yes,0.5885,Medium
7534-BFESC,Month-to-month,24,76.1,Yes,0.8169,High
3727-OWVYD,One year,35,61.2,No,0.0994,Low
2294-SALNE,One year,23,86.8,No,0.2468,Low
4847-TAJYI,Month-to-month,6,89.35,No,0.9113,High
1563-IWQEX,Month-to-month,12,19.7,No,0.2999,Low
8203-XJZRC,Month-to-month,1,20.25,No,0.4109,Medium
6556-DBKZF,Two year,71,76.05,No,0.0872,Low
6851-WEFYX,Month-to-month,35,100.8,No,0.8567,High
2985-JUUBZ,Month-to-month,40,74.55,No,0.5684,Medium
6390-DSAZX,Month-to-month,1,73.6,Yes,0.6924,High
0895-LMRSF,One year,23,64.9,No,0.3907,Medium
8098-LLAZX,Month-to-month,4,95.45,Yes,0.9324,High
8266-VBFQL,Month-to-month,4,90.4,No,0.8204,High
8181-YHCMF,Two year,68,60.3,No,0.0418,Low
2240-HSJQD,Month-to-month,38,81.85,No,0.543,Medium
1248-DYXUB,Two year,52,24.8,No,0.0163,Low
0265-EDXBD,Month-to-month,32,74.9,Yes,0.7731,High
4115-BNPJY,Two year,29,75.55,No,0.1047,Low
3167-SNQPL,Month-to-month,38,101.15,No,0.7397,High
4091-TVOCN,One year,48,78.75,No,0.188,Low
1098-TDVUQ,Month-to-month,1,19.25,No,0.4666,Medium
7277-OZCGZ,Month-to-month,22,89.05,No,0.6501,High
1557-EMYVT,Two year,43,115.05,No,0.1922,Low
2799-ARNLO,Month-to-month,5,69.35,No,0.8637,High
7563-BIUPC,Month-to-month,5,80.6,Yes,0.869,High
5027-YOCXN,One year,51,110.05,No,0.2253,Low
3973-SKMLN,Two year,71,19.9,No,0.0085,Low
2321-OMBXY,One year,38,80.3,Yes,0.0953,Low
2840-XANRC,Month-to-month,24,93.15,Yes,0.86,High
6745-JEFZB,Month-to-month,35,91.5,No,0.6429,High
5020-ZSTTY,One year,54,82.45,Yes,0.117,Low
9880-TDQAC,Two year,72,60.0,No,0.0633,Low
8705-WZCYL,Month-to-month,1,44.8,No,0.7415,High
7102-JJVTX,One year,9,48.6,No,0.2112,Low
8626-PTQGE,Two year,69,60.05,No,0.0413,Low
4983-CLMLV,Month-to-month,52,102.7,No,0.5796,Medium
5701-YVSVF,Month-to-month,11,82.9,No,0.8241,High
5804-LEPIM,Month-to-month,2,70.35,Yes,0.8773,High
5697-GOMBF,Month-to-month,28,35.9,No,0.6677,High
2739-CACDQ,Month-to-month,17,82.65,No,0.8064,High
9385-EHGDO,Two year,35,19.85,No,0.0338,Low
9498-FIMXL,One year,8,19.2,No,0.2344,Low
2379-GYFLQ,One year,46,94.9,No,0.4523,Medium
0122-OAHPZ,Month-to-month,7,73.85,Yes,0.8683,High
2868-SNELZ,Month-to-month,2,80.6,Yes,0.8022,High
4322-RCYMT,One year,68,75.8,Yes,0.0711,Low
6680-NENYN,Two year,43,104.6,Yes,0.4875,Medium
2088-IEBAU,Two year,68,88.15,No,0.0771,Low
7982-VCELR,Month-to-month,36,94.8,No,0.7016,High
1343-EHPYB,Month-to-month,63,103.4,Yes,0.7,High
6035-BXTTY,Month-to-month,32,54.65,No,0.2538,Low
6885-PKOAM,Two year,71,85.75,No,0.0388,Low
7520-HQWJU,Month-to-month,66,67.45,No,0.1039,Low
9639-BUJXT,One year,63,20.5,No,0.0185,Low
5924-SNGKP,One year,41,20.25,No,0.0515,Low
0021-IKXGC,Month-to-month,1,72.1,No,0.9096,High
2034-GDRCN,Month-to-month,2,90.4,Yes,0.9007,High
8966-SNIZF,Two year,70,19.45,No,0.0063,Low
6243-OZGFH,Month-to-month,23,44.95,No,0.7767,High
4654-DLAMQ,One year,64,97.0,No,0.1888,Low
0513-RBGPE,Two year,37,62.8,No,0.0578,Low
5160-UXJED,One year,17,44.6,No,0.2284,Low
4115-NZRKS,Month-to-month,7,89.15,No,0.9075,High
0219-YTZUE,Month-to-month,4,84.8,Yes,0.7503,High
0623-IIHUG,Month-to-month,21,41.9,Yes,0.6985,High
4572-DVCGN,Month-to-month,10,80.25,Yes,0.793,High
3351-NGXYI,Month-to-month,16,54.1,No,0.6381,High
8984-EYLLL,Two year,64,105.25,No,0.2666,Low
9057-MSWCO,Month-to-month,27,30.75,Yes,0.4187,Medium
9833-TGFHX,One year,42,97.1,No,0.4365,Medium
9294-TDIPC,Month-to-month,5,20.2,No,0.3152,Medium
5229-DTFYB,Two year,41,98.8,No,0.2323,Low
0104-PPXDV,One year,58,50.3,No,0.0731,Low
5176-LMJXE,Two year,47,20.55,No,0.0252,Low
3583-KRKMD,Month-to-month,18,75.9,No,0.6116,High
1010-DIAUQ,Month-to-month,5,96.5,Yes,0.8074,High
9069-LGEUL,Month-to-month,23,59.95,No,0.4068,Medium
7302-ZHMHP,Month-to-month,1,19.15,No,0.418,Medium
9571-EDEBV,One year,71,98.65,No,0.3992,Medium
3520-FJGCV,Two year,72,112.6,No,0.1153,Low
6563-VRERX,One year,33,20.6,No,0.0533,Low
0259-GBZSH,Month-to-month,2,85.65,Yes,0.9036,High
6122-EFVKN,Two year,24,35.75,No,0.0814,Low
2805-EDJPQ,One year,56,99.75,No,0.2608,Low
6862-CQUMB,Month-to-month,37,96.1,No,0.6885,High
7156-MXBJE,One year,43,85.1,No,0.1982,Low
6158-HDPXZ,Month-to-month,1,25.35,No,0.7401,High
9601-BRXPO,Month-to-month,25,104.95,Yes,0.748,High
2863-IMQDR,Two year,61,89.65,No,0.0673,Low
5686-CMAWK,One year,17,86.75,No,0.5288,Medium
5651-CRHKQ,One year,41,86.2,No,0.2292,Low
6905-NIQIN,Month-to-month,1,50.65,Yes,0.5604,Medium
8204-YJCLA,Two year,72,64.8,No,0.0386,Low
5167-ZFFMM,Month-to-month,1,90.85,Yes,0.8478,High
6583-SZVGP,Two year,48,108.1,No,0.3312,Medium
4895-TMWIR,Month-to-month,11,19.95,Yes,0.3437,Medium
0533-BNWKF,Month-to-month,55,85.45,Yes,0.6325,High
1708-PBBOA,One year,42,54.75,No,0.1994,Low
8782-LKFPK,Month-to-month,44,90.4,No,0.6803,High
5522-JBWMO,Month-to-month,1,44.0,No,0.6414,High
3597-MVHJT,Month-to-month,27,95.6,No,0.8049,High
9774-NRNAU,Month-to-month,27,84.8,No,0.548,Medium
0224-RLWWD,Month-to-month,2,44.3,No,0.7755,High
9967-ATRFS,Month-to-month,19,19.9,No,0.237,Low
3951-NJCVI,Month-to-month,42,95.05,No,0.8318,High
2977-CEBSX,Two year,66,90.05,No,0.0573,Low
0177-PXBAT,Month-to-month,33,109.9,No,0.6779,High
6599-CEBNN,Month-to-month,34,73.95,Yes,0.564,Medium
2519-ERQOJ,Month-to-month,33,54.6,No,0.6799,High
5876-QMYLD,One year,23,20.05,No,0.0818,Low
2277-AXSDC,One year,32,19.75,No,0.0686,Low
9442-JTWDL,One year,11,20.05,No,0.1718,Low
0979-PHULV,Month-to-month,69,99.45,Yes,0.5626,Medium
3067-SVMTC,One year,68,55.9,No,0.0248,Low
5495-GPSRW,Two year,20,19.7,No,0.082,Low
7606-BPHHN,Two year,72,19.8,No,0.0083,Low
4742-DRORA,One year,60,95.4,No,0.2456,Low
0111-KLBQG,Month-to-month,32,93.95,No,0.6896,High
4800-VHZKI,Month-to-month,1,19.9,Yes,0.4783,Medium
7989-CHGTL,Month-to-month,1,19.6,Yes,0.4766,Medium
0334-GDDSO,Month-to-month,3,81.35,Yes,0.8787,High
4163-NCJAK,One year,46,24.45,No,0.0615,Low
5233-AOZUF,Month-to-month,29,74.95,No,0.7584,High
5973-EJGDP,Month-to-month,51,87.35,No,0.5305,Medium
1996-DBMUS,Month-to-month,48,70.65,No,0.5182,Medium
7916-VCCPB,Month-to-month,16,73.25,No,0.5597,Medium
4686-GEFRM,Two year,70,98.7,No,0.1269,Low
5249-QYHEX,Two year,40,24.8,No,0.0364,Low
0578-SKVMF,Month-to-month,22,83.3,Yes,0.6742,High
5564-NEMQO,Month-to-month,1,75.3,Yes,0.8296,High
2233-FAGXV,Month-to-month,5,24.3,No,0.4349,Medium
5605-IYGFG,Month-to-month,7,69.85,No,0.7693,High
7663-ZTEGJ,One year,29,100.55,No,0.3436,Medium
3935-TBRZZ,One year,44,25.7,No,0.0443,Low
8111-BKVDS,Month-to-month,10,40.7,No,0.5055,Medium
2055-SIFSS,Month-to-month,55,51.65,No,0.2278,Low
2806-MLNTI,One year,52,105.1,No,0.515,Medium
8734-DKSTZ,Month-to-month,10,85.95,No,0.8144,High
4360-PNRQB,Month-to-month,18,75.6,No,0.7519,High
6152-ONASV,One year,68,58.25,No,0.0343,Low
9063-ZGTUY,Month-to-month,61,19.4,Yes,0.0432,Low
7781-HVGMK,Two year,72,65.2,No,0.0346,Low
2181-UAESM,Month-to-month,2,53.45,No,0.5867,Medium
2957-LOLHO,Month-to-month,12,45.4,Yes,0.5493,Medium
6048-NJXHX,Two year,41,19.75,No,0.0454,Low
2320-SLKMB,Month-to-month,26,44.45,No,0.5509,Medium
4980-URKXC,One year,36,20.85,No,0.0545,Low
4376-KFVRS,Two year,72,114.05,No,0.1224,Low
5886-VLQVU,Month-to-month,35,89.85,No,0.6244,High
3577-AMVUX,Month-to-month,1,55.05,No,0.5115,Medium
0771-WLCLA,Month-to-month,16,112.95,No,0.7444,High
5628-RKIFK,Month-to-month,49,101.55,No,0.6291,High
0206-TBWLC,One year,54,114.65,No,0.308,Medium
2937-FTHUR,Month-to-month,18,64.8,No,0.5119,Medium
1910-FMXJM,Month-to-month,36,80.4,No,0.6655,High
7752-XUSCI,Month-to-month,60,105.9,Yes,0.722,High
4110-PFEUZ,Month-to-month,1,69.55,Yes,0.7681,High
0732-OCQOC,Two year,52,25.05,No,0.0201,Low
5168-MSWXT,Month-to-month,8,94.75,No,0.8557,High
1090-ESELR,Two year,72,105.5,No,0.0575,Low
8592-PLTMQ,One year,64,24.7,No,0.0252,Low
5760-WRAHC,Month-to-month,22,69.75,No,0.4084,Medium
8847-GEOOQ,Month-to-month,60,60.2,No,0.2682,Low
0256-LTHVJ,Month-to-month,28,81.05,Yes,0.7158,High
4785-FCIFB,Two year,61,24.4,No,0.0139,Low
8313-NDOIA,Month-to-month,24,104.15,No,0.8558,High
5149-CUZUJ,One year,28,92.9,No,0.2851,Low
0942-KOWSM,Two year,30,80.8,No,0.0869,Low
4237-CLSMM,Month-to-month,2,20.0,No,0.3917,Medium
1452-VOQCH,Month-to-month,1,75.1,No,0.8854,High
4719-UMSIY,Month-to-month,6,19.65,No,0.3072,Medium
6614-VBEGU,Month-to-month,24,69.45,No,0.5283,Medium
0880-TKATG,Month-to-month,4,101.15,Yes,0.8655,High
3811-VBYBZ,Month-to-month,7,99.8,Yes,0.8956,High
1480-BKXGA,Two year,72,116.05,No,0.1603,Low
2996-XAUVF,Two year,70,40.05,No,0.0427,Low
9076-AXYIK,Two year,64,102.1,No,0.2875,Low
5968-XQIVE,One year,72,89.7,No,0.298,Low
8896-RAZCR,Two year,44,19.9,No,0.018,Low
4640-UHDOS,Month-to-month,13,55.95,Yes,0.5758,Medium
4933-IKULF,One year,17,20.65,No,0.1581,Low
3583-EKAPL,Month-to-month,1,55.0,Yes,0.7796,High
1304-BCCFO,Month-to-month,9,70.05,No,0.6934,High
4104-PVRPS,Month-to-month,24,53.6,No,0.2265,Low
9399-APLBT,Month-to-month,1,74.7,Yes,0.7942,High
2359-KMGLI,Month-to-month,24,80.25,Yes,0.7603,High
3780-DDGSE,Month-to-month,35,76.05,No,0.4538,Medium
4431-EDMIQ,Month-to-month,7,75.7,No,0.4561,Medium
0306-JAELE,Month-to-month,5,96.1,Yes,0.8476,High
6227-HWPWX,Month-to-month,15,69.0,Yes,0.6111,High
0486-LGCCH,Two year,11,19.65,No,0.0738,Low
0447-BEMNG,Month-to-month,48,45.3,Yes,0.3011,Medium
4612-SSVHJ,Month-to-month,20,81.45,No,0.8388,High
5168-MQQCA,One year,72,108.5,No,0.3065,Medium
5949-XIKAE,Month-to-month,8,83.55,Yes,0.802,High
7971-HLVXI,Two year,72,84.5,No,0.1406,Low
9094-AZPHK,Month-to-month,15,100.15,No,0.8748,High
3649-JPUGY,Two year,72,88.6,No,0.0599,Low
8372-JUXUI,Month-to-month,1,74.35,Yes,0.8614,High
3552-CTCYF,Two year,63,104.8,No,0.2186,Low
6778-YSNIH,Month-to-month,2,59.0,No,0.7469,High
0388-EOPEX,Month-to-month,2,74.4,Yes,0.7875,High
5756-OZRIO,One year,61,64.05,No,0.1213,Low
6579-JPICP,Month-to-month,1,20.4,No,0.4103,Medium
8205-OTCHB,One year,22,43.75,Yes,0.4152,Medium
4134-BSXLX,Month-to-month,28,60.9,No,0.1775,Low
0505-SPOOW,Two year,70,19.8,No,0.0064,Low
6235-VDHOM,Month-to-month,5,28.45,Yes,0.7829,High
7783-YKGDV,Month-to-month,12,99.7,Yes,0.7277,High
4374-YMUSQ,One year,34,116.25,No,0.3534,Medium
4513-CXYIX,Two year,71,80.7,No,0.1097,Low
3957-HHLMR,One year,70,65.2,No,0.0497,Low
7803-XOCCZ,Month-to-month,52,84.05,No,0.2391,Low
5736-YEJAX,Two year,69,79.45,No,0.0288,Low
5609-CEBID,Month-to-month,20,94.1,Yes,0.8551,High
8981-FJGLA,Month-to-month,11,78.0,No,0.7656,High
7218-HKQFK,Month-to-month,2,94.2,Yes,0.8565,High
4636-QRJKY,Month-to-month,6,80.5,Yes,0.7779,High
1135-LMECX,Month-to-month,1,19.85,No,0.4153,Medium
4332-MUOEZ,One year,20,94.3,No,0.3172,Medium
8535-SFUTN,Month-to-month,61,106.45,No,0.6493,High
5956-VKDTT,Month-to-month,5,74.35,Yes,0.891,High
8677-HDZEE,Month-to-month,56,105.45,No,0.5614,Medium
2475-MROZF,Month-to-month,30,95.0,No,0.4875,Medium
9412-GHEEC,Month-to-month,40,104.8,Yes,0.6251,High
3482-ABPKK,One year,28,54.3,No,0.1071,Low
6705-LXORM,Month-to-month,5,70.05,No,0.8276,High
0257-ZESQC,Month-to-month,27,75.2,Yes,0.5725,Medium
7531-GQHME,Month-to-month,12,20.05,No,0.3016,Medium
5174-ITUMV,One year,67,105.4,No,0.4246,Medium
4109-CYRBD,Month-to-month,29,51.6,No,0.5965,Medium
0913-XWSCN,Month-to-month,55,85.5,No,0.4486,Medium
6825-UYPFK,Month-to-month,23,75.6,Yes,0.6696,High
8397-MVTAZ,Month-to-month,34,100.05,Yes,0.8399,High
0750-EBAIU,One year,52,91.25,No,0.2998,Low
8606-CIQUL,Two year,72,115.75,No,0.1406,Low
3571-DPYUH,One year,58,94.7,No,0.2352,Low
7601-GNDYK,Two year,35,19.6,No,0.0258,Low
0356-OBMAC,Two year,56,99.9,No,0.2191,Low
8067-NIOYM,Two year,24,21.1,No,0.0539,Low
1403-GYAFU,Two year,70,20.05,No,0.0053,Low
4234-XTNEA,Month-to-month,2,79.95,No,0.8799,High
1297-VQDRP,One year,68,107.15,No,0.3513,Medium
9282-IZGQK,Month-to-month,1,85.0,Yes,0.9064,High
5348-CAGXB,Month-to-month,12,89.55,No,0.8767,High
0621-HJWXJ,Month-to-month,63,81.55,No,0.3893,Medium
5844-QVTAT,One year,33,58.45,No,0.1117,Low
8905-IAZPF,One year,69,95.65,No,0.3053,Medium
5394-MEITZ,Two year,60,80.6,No,0.0503,Low
6859-QNXIQ,Two year,72,113.1,No,0.1118,Low
2782-LFZVW,Month-to-month,11,58.95,No,0.6963,High
2866-IKBTM,Month-to-month,1,19.55,No,0.4165,Medium
1342-JPNKI,Month-to-month,10,86.05,Yes,0.8301,High
2817-NTQDO,Month-to-month,13,45.55,Yes,0.5647,Medium
7129-AZJDE,One year,34,78.95,No,0.3898,Medium
6986-IJDHX,Month-to-month,39,86.3,Yes,0.5238,Medium
2560-PPCHE,One year,65,105.05,No,0.3156,Medium
4676-MQUEA,One year,50,101.9,No,0.3689,Medium
8138-EALND,Month-to-month,15,19.75,No,0.271,Low
3580-HYCSP,Two year,72,110.3,No,0.1411,Low
1352-HNSAW,Two year,72,115.6,No,0.1072,Low
2075-PUEPR,Two year,55,19.35,No,0.0101,Low
1982-FEBTD,Two year,23,25.6,No,0.0729,Low
5301-GAUUY,Month-to-month,32,80.35,Yes,0.6293,High
5791-KAJFD,One year,56,68.75,No,0.1034,Low
2654-VBVPB,Month-to-month,1,19.9,No,0.4013,Medium
1154-HYWWO,One year,38,70.6,No,0.0896,Low
2501-XWWTZ,Month-to-month,11,70.2,No,0.769,High
3716-UVSPD,Month-to-month,1,49.3,No,0.6626,High
6815-ABQFQ,One year,56,107.25,No,0.4556,Medium
7343-EOBEU,Month-to-month,3,23.6,No,0.5143,Medium
3701-SFMUH,Month-to-month,7,69.7,No,0.5045,Medium
6103-LIANB,Two year,59,99.5,No,0.2688,Low
7319-VENRZ,Month-to-month,7,64.3,No,0.5061,Medium
5846-NEQVZ,Two year,71,70.85,No,0.0198,Low
6967-QIQRV,One year,15,101.9,No,0.444,Medium
5781-RFZRP,Two year,71,73.5,No,0.0241,Low
0939-YAPAF,Month-to-month,35,100.25,Yes,0.841,High
0308-IVGOK,One year,11,40.4,No,0.3891,Medium
7293-LSCDV,Two year,60,19.25,No,0.0109,Low
7025-WCBNE,Two year,47,59.6,No,0.0568,Low
5756-JYOJT,One year,11,64.9,No,0.3008,Medium
4710-FDUIZ,One year,56,100.3,Yes,0.3855,Medium
6030-REHUX,Month-to-month,28,110.85,No,0.8201,High
9548-LIGTA,Two year,61,81.05,No,0.0393,Low
5150-LJNSR,One year,31,98.05,No,0.3389,Medium
8270-RKSAP,Month-to-month,9,70.5,No,0.8195,High
6522-YRBXD,Month-to-month,35,94.55,No,0.7217,High
2640-LYMOV,Month-to-month,2,19.65,No,0.4649,Medium
1218-VKFPE,Month-to-month,12,19.0,Yes,0.2498,Low
3627-FHKBK,Month-to-month,1,75.3,Yes,0.6808,High
2865-TCHJW,Month-to-month,4,89.2,Yes,0.9177,High
1423-BMPBQ,Month-to-month,1,19.0,No,0.4161,Medium
2393-DIVAI,Month-to-month,3,20.0,No,0.4553,Medium
5192-EBGOV,Month-to-month,1,85.7,Yes,0.9227,High
4568-KNYWR,Two year,52,63.25,No,0.0554,Low
8752-IMQOS,One year,5,20.1,No,0.168,Low
0742-LAFQK,Two year,72,99.15,No,0.1797,Low
0795-LAFGP,Two year,71,90.4,No,0.0444,Low
0619-OLYUR,Two year,72,111.9,No,0.154,Low
5512-IDZEI,One year,46,24.9,No,0.0579,Low
0459-SPZHJ,Two year,63,83.5,No,0.0517,Low
0215-BQKGS,Month-to-month,30,84.3,No,0.4958,Medium
9244-ZVAPM,Month-to-month,1,45.6,No,0.6062,High
0719-SYFRB,Month-to-month,12,61.65,Yes,0.4524,Medium
8208-EUMTE,Two year,16,54.85,No,0.1518,Low
5172-MIGPM,Month-to-month,4,65.55,No,0.6006,High
1710-RCXUS,One year,51,90.35,No,0.3899,Medium
0374-FIUCA,Two year,65,20.4,No,0.0112,Low
5839-SUYVZ,Month-to-month,16,74.55,No,0.6445,High
5173-ZXXXL,One year,2,19.95,No,0.2337,Low
1096-ADRUX,One year,66,74.25,No,0.1916,Low
2001-MCUUW,Two year,46,108.65,No,0.3087,Medium
2731-GJRDG,One year,32,109.55,No,0.4585,Medium
4723-BEGSG,Two year,72,86.65,No,0.0386,Low
6516-NKQBO,Two year,38,81.0,No,0.0598,Low
8672-OAUPW,One year,51,47.85,No,0.0545,Low
8207-DMRVL,Two year,72,114.55,No,0.0872,Low
3419-SNJJD,Month-to-month,65,105.25,Yes,0.5182,Medium
6543-CPZMK,Month-to-month,9,29.95,Yes,0.7023,High
4765-OXPPD,Month-to-month,9,65.0,Yes,0.2548,Low
2804-ETQDK,Two year,66,20.55,No,0.0066,Low
6689-VRRTK,One year,44,109.8,No,0.5066,Medium
7138-GIRSH,Two year,50,69.5,No,0.0692,Low
9396-ZSFLL,Month-to-month,15,48.85,No,0.542,Medium
6464-KEXXH,Month-to-month,8,25.25,No,0.7318,High
7134-MJPDY,One year,66,102.85,No,0.4327,Medium
5240-CAOYT,Month-to-month,57,87.55,No,0.2894,Low
4059-IIEBK,Month-to-month,7,78.55,No,0.7848,High
4881-JVQOD,Month-to-month,10,34.55,No,0.7384,High
0516-UXRMT,One year,62,92.05,No,0.2706,Low
4851-BQDNX,One year,40,85.05,No,0.4587,Medium
5148-HKFIR,Two year,20,19.7,No,0.0652,Low
1009-IRMNA,Month-to-month,7,20.0,Yes,0.337,Medium
3003-CMDUU,Month-to-month,25,95.15,No,0.769,High
5016-IBERQ,Month-to-month,23,84.25,No,0.7207,High
6797-UCJHZ,One year,66,104.6,No,0.3928,Medium
2469-DTSGX,Two year,72,111.65,No,0.2397,Low
4554-YGZIH,Month-to-month,49,90.05,Yes,0.5936,Medium
5099-BAILX,Month-to-month,43,110.75,Yes,0.6216,High
9931-KGHOA,Month-to-month,46,55.0,No,0.1875,Low
1775-KWJKQ,Two year,72,89.85,No,0.0299,Low
7665-VIGUD,One year,10,20.35,No,0.1725,Low
9411-TPQQV,One year,40,54.55,No,0.2137,Low
7207-RMRDB,Month-to-month,65,105.5,Yes,0.6447,High
7954-MLBUN,Two year,31,99.45,No,0.2672,Low
2077-DDHJK,Two year,68,70.9,No,0.0193,Low
4913-EHYUI,One year,56,104.55,Yes,0.379,Medium
0195-IESCP,Month-to-month,10,85.25,Yes,0.8768,High
9574-BOSMD,Two year,68,25.4,No,0.0075,Low
4580-TMHJU,Month-to-month,43,56.15,Yes,0.3222,Medium
0970-ETWGE,Month-to-month,1,89.55,Yes,0.9035,High
4908-XAXAY,One year,49,89.85,No,0.3763,Medium
8404-VLQFB,Month-to-month,15,25.25,No,0.4099,Medium
1626-ERCMM,Month-to-month,20,94.55,Yes,0.8978,High
0887-HJGAR,Month-to-month,1,45.7,Yes,0.665,High
2391-IPLOP,One year,50,69.65,No,0.1809,Low
5644-PDMZC,Month-to-month,2,89.5,Yes,0.8816,High
3509-GWQGF,Month-to-month,24,70.0,No,0.6607,High
9576-ANLXO,Month-to-month,3,69.55,Yes,0.7917,High
2024-BASKD,Month-to-month,1,74.6,Yes,0.8094,High
5845-BZZIB,Two year,35,20.1,No,0.0254,Low
1140-UKVZG,Month-to-month,17,24.8,No,0.3141,Medium
4160-AMJTL,Month-to-month,8,19.65,Yes,0.4753,Medium
5183-SNMJQ,Month-to-month,10,95.1,No,0.7768,High
8100-PNJMH,Two year,68,88.85,No,0.0424,Low
7838-LAZFO,One year,45,78.8,No,0.1285,Low
4464-JCOLN,One year,2,19.85,Yes,0.1891,Low
2085-JVGAD,Month-to-month,37,20.35,No,0.1077,Low
5650-VDUDS,Month-to-month,4,24.25,Yes,0.7682,High
8095-WANWK,Month-to-month,10,45.25,No,0.5228,Medium
3030-ZKIWL,Month-to-month,1,20.05,No,0.4117,Medium
9565-FLVCG,Two year,65,69.55,No,0.0369,Low
8755-OGKNA,Two year,57,19.5,No,0.0093,Low
2800-VEQXM,Month-to-month,3,74.75,No,0.7998,High
7538-GWHML,Month-to-month,2,69.65,Yes,0.8204,High
5533-RJFTJ,Month-to-month,49,30.2,No,0.3035,Medium
3859-CVCET,Month-to-month,4,45.65,Yes,0.5812,Medium
0214-JHPFW,Two year,70,57.8,No,0.045,Low
5642-MHDQT,One year,53,19.85,No,0.0271,Low
3088-FVYWK,Two year,53,25.55,No,0.0159,Low
3276-HDUEG,Month-to-month,1,75.05,Yes,0.846,High
9092-GDZKO,Month-to-month,22,24.85,No,0.3156,Medium
0823-HSCDJ,Month-to-month,52,49.15,Yes,0.549,Medium
3729-OWRVL,Two year,65,110.35,No,0.2772,Low
2324-AALNO,One year,48,24.55,No,0.0469,Low
0822-GAVAP,Month-to-month,2,34.7,Yes,0.8639,High
5760-IFJOZ,Month-to-month,3,107.95,No,0.8304,High
2826-UWHIS,Month-to-month,45,81.4,No,0.4674,Medium
1448-PWKYE,Month-to-month,1,80.0,Yes,0.8144,High
7501-IWUNG,Two year,61,73.8,No,0.0542,Low
4957-TREIR,Month-to-month,3,64.4,No,0.5164,Medium
7251-LJBQN,One year,40,103.75,No,0.5742,Medium
8040-MNRTF,Month-to-month,1,71.1,No,0.7637,High
1536-HBSWP,Month-to-month,1,49.9,No,0.6631,High
5313-FPXWG,One year,51,24.6,No,0.0519,Low
0067-DKWBL,Month-to-month,2,49.25,Yes,0.6898,High
0946-FKYTX,One year,52,30.1,No,0.1086,Low
5076-YVXCM,Month-to-month,51,83.4,No,0.5369,Medium
8262-COGGB,Month-to-month,1,20.45,No,0.4732,Medium
6663-JOCQO,One year,31,75.25,No,0.1324,Low
9620-QJREV,One year,47,20.55,No,0.0307,Low
2276-YDAVZ,Month-to-month,3,75.1,Yes,0.8411,High
2682-KEVRP,One year,22,20.05,No,0.1626,Low
2480-JZOSN,Month-to-month,1,20.65,No,0.466,Medium
0078-XZMHT,Two year,72,85.15,No,0.0627,Low
5896-NPFWW,Month-to-month,3,50.15,Yes,0.6691,High
9978-HYCIN,One year,47,84.95,No,0.3249,Medium
8338-QIUNR,Two year,72,66.5,No,0.0187,Low
1525-LNLOJ,Two year,66,63.3,No,0.0575,Low
9450-TRJUU,Month-to-month,35,83.15,No,0.7405,High
1766-GKNMI,Month-to-month,29,84.9,No,0.8144,High
6942-LBFDP,Month-to-month,2,20.55,No,0.4639,Medium
1456-TWCGB,Month-to-month,4,49.25,No,0.5385,Medium
7133-VBDCG,Month-to-month,25,79.85,Yes,0.5165,Medium
7596-ZYWBB,Two year,65,59.6,No,0.0174,Low
8329-UTMVM,One year,27,104.65,No,0.5885,Medium
3014-WJKSM,Month-to-month,29,75.3,No,0.6349,High
3347-YJZZE,Month-to-month,29,80.1,No,0.4573,Medium
1029-QFBEN,Month-to-month,1,19.55,Yes,0.4136,Medium
7929-DMBCV,Month-to-month,20,81.0,No,0.6122,High
9661-JALZV,Two year,58,24.7,No,0.0223,Low
5433-KYGHE,Month-to-month,14,86.0,No,0.5664,Medium
4312-KFRXN,Two year,72,25.4,No,0.0084,Low
5575-TPIZQ,Month-to-month,46,89.15,No,0.5816,Medium
0114-IGABW,Two year,71,58.25,No,0.0437,Low
9944-AEXBM,Month-to-month,32,85.65,No,0.7195,High
1853-ARAAQ,Month-to-month,26,50.35,No,0.6928,High
6952-OMNWB,Month-to-month,68,80.35,No,0.4771,Medium
4697-LUPSU,One year,2,20.2,No,0.1882,Low
8434-VGEQQ,Two year,61,20.55,No,0.0082,Low
4952-YSOGZ,Month-to-month,4,85.95,Yes,0.8715,High
1589-AGTLK,Month-to-month,3,45.35,Yes,0.7248,High
5244-IRFIH,Month-to-month,33,94.5,Yes,0.8619,High
6549-YMFAW,Month-to-month,9,21.25,No,0.4226,Medium
4950-HKQTE,Two year,22,26.25,No,0.0771,Low
6786-OBWQR,Month-to-month,5,80.85,No,0.8345,High
2684-EIWEO,Month-to-month,30,91.7,Yes,0.5613,Medium
2753-JMMCV,Two year,65,74.2,No,0.0546,Low
6439-GTPCA,Month-to-month,45,87.25,Yes,0.6008,High
6621-YOBKI,Month-to-month,5,20.35,No,0.3666,Medium
1216-JWVUX,Month-to-month,25,75.5,No,0.6428,High
7564-GHCVB,Two year,72,79.05,No,0.0539,Low
1173-NOEYG,Month-to-month,27,90.15,No,0.7008,High
7595-EHCDL,Month-to-month,32,50.6,No,0.5171,Medium
6647-ZEDXT,One year,30,110.45,No,0.4756,Medium
2521-NPUZR,Two year,70,101.0,No,0.0586,Low
1307-TVUFB,Month-to-month,42,79.35,No,0.6081,High
7503-MIOGA,Two year,72,89.85,No,0.0567,Low
4381-MHQDC,Two year,47,65.0,No,0.0516,Low
6923-JHPMP,Month-to-month,2,80.45,No,0.7895,High
5138-WVKYJ,Month-to-month,10,98.55,Yes,0.8332,High
4018-PPNDW,Two year,61,24.1,No,0.0148,Low
1635-FJFCC,Month-to-month,5,44.05,No,0.64,High
2499-AJYUA,Two year,72,110.8,No,0.2178,Low
6919-ELBGL,Two year,72,114.95,No,0.1275,Low
3966-HRMZA,Month-to-month,3,75.05,No,0.7892,High
6425-JWTDV,Two year,48,19.25,No,0.0177,Low
8405-IGQFX,One year,63,90.05,No,0.2435,Low
8224-IVVPA,Month-to-month,27,56.7,No,0.3023,Medium
9477-LGWQI,Two year,70,80.15,No,0.0374,Low
1410-RSCMR,Month-to-month,7,71.35,No,0.4074,Medium
0139-IVFJG,Month-to-month,2,90.35,No,0.7481,High
6683-VLCTZ,Month-to-month,20,98.55,Yes,0.9005,High
5730-DBDSI,Two year,66,19.7,No,0.0077,Low
0030-FNXPP,Month-to-month,3,19.85,No,0.3931,Medium
2189-WWOEW,Month-to-month,15,85.9,Yes,0.6839,High
5684-FJVYR,Two year,72,90.35,No,0.0481,Low
4013-GUXND,Month-to-month,1,20.8,No,0.4088,Medium
1894-IGFSG,Month-to-month,22,89.25,Yes,0.8037,High
7379-POKDZ,Month-to-month,3,70.3,Yes,0.843,High
1266-NZYUI,Two year,72,66.85,No,0.0134,Low
7969-FFOWG,Two year,65,19.9,No,0.0066,Low
4718-DHSMV,Month-to-month,11,35.8,No,0.7526,High
5175-WLYXL,Month-to-month,22,78.85,No,0.7018,High
7817-OMJNA,One year,14,20.4,No,0.1413,Low
8728-SKJLR,Month-to-month,41,74.25,No,0.5436,Medium
3137-NYQQI,One year,17,64.8,No,0.2131,Low
7706-DZNKK,Month-to-month,11,20.45,No,0.3667,Medium
0236-HFWSV,Month-to-month,15,93.35,Yes,0.8965,High
3900-AQPHZ,Month-to-month,1,19.9,Yes,0.4151,Medium
5842-POCOP,Month-to-month,5,88.9,Yes,0.7497,High
2037-XJFUP,One year,33,95.8,Yes,0.6305,High
8823-RLPWL,Two year,72,110.65,No,0.1864,Low
9505-SQFSW,Month-to-month,3,40.3,No,0.6747,High
7314-OXENN,Month-to-month,2,82.0,Yes,0.8585,High
3758-CKOQL,One year,59,107.0,No,0.2163,Low
0322-CHQRU,Month-to-month,2,45.35,Yes,0.6791,High
5676-CFLYY,Two year,71,73.35,No,0.0342,Low
7521-AFHAB,Month-to-month,5,44.8,No,0.5079,Medium
0285-INHLN,Month-to-month,27,54.75,No,0.2483,Low
4678-DVQEO,Month-to-month,1,52.2,Yes,0.6549,High
5125-CNDSP,One year,63,40.6,No,0.0368,Low
0691-IFBQW,One year,46,110.0,Yes,0.5658,Medium
4992-LTJNE,Two year,72,55.3,No,0.0164,Low
2202-OUTMO,Month-to-month,34,60.85,No,0.2451,Low
0810-BDHAW,One year,24,78.4,No,0.2998,Low
0229-LFJAF,Two year,72,69.65,No,0.0154,Low
7131-ZQZNK,Two year,60,59.85,No,0.0433,Low
3442-ZHHCC,One year,68,76.9,No,0.086,Low
5726-CVNYA,Two year,8,19.85,No,0.1059,Low
9871-ELEYA,Two year,34,67.65,No,0.0544,Low
4257-GAESD,Month-to-month,6,45.0,No,0.7911,High
5173-WXOQV,Month-to-month,2,64.2,No,0.5696,Medium
2040-OBMLJ,One year,31,81.7,No,0.3482,Medium
6286-ZHAOK,Month-to-month,20,25.55,No,0.2679,Low
3807-XHCJH,Month-to-month,1,20.0,No,0.436,Medium
3009-JWMPU,One year,62,96.75,Yes,0.5586,Medium
5671-RQRLP,Two year,70,75.65,No,0.1567,Low
1450-GALXR,Month-to-month,10,98.5,Yes,0.8735,High
8859-AXJZP,Two year,39,23.8,No,0.0372,Low
3174-AKMAS,Two year,46,64.2,No,0.068,Low
3138-BKYAV,Month-to-month,6,85.35,Yes,0.8423,High
9926-PJHDQ,Two year,72,76.8,No,0.0693,Low
7382-DFJTU,Month-to-month,18,55.2,No,0.3675,Medium
2798-NYLMZ,Two year,71,108.55,No,0.1519,Low
4289-DTDKW,Month-to-month,40,101.3,Yes,0.789,High
1820-TQVEV,Month-to-month,1,69.55,Yes,0.8576,High
2239-JALAW,One year,58,103.25,Yes,0.4469,Medium
4853-RULSV,Two year,70,104.0,Yes,0.1509,Low
8098-TDCBU,Two year,42,25.25,No,0.0458,Low
3551-GAEGL,One year,34,30.4,No,0.1259,Low
4785-NKHCX,Month-to-month,5,20.05,No,0.4028,Medium
3196-NVXLZ,Month-to-month,25,84.6,No,0.7768,High
6275-YDUVO,Month-to-month,2,86.2,Yes,0.833,High
0036-IHMOT,One year,55,103.7,No,0.2568,Low
0115-TFERT,Month-to-month,21,111.2,Yes,0.8046,High
4178-EGMON,Two year,70,88.0,No,0.0623,Low
4220-TINQT,Month-to-month,61,106.35,No,0.68,High
5318-YKDPV,Two year,43,79.15,No,0.0694,Low
7975-TZMLR,One year,47,103.1,No,0.6133,High
0295-QVKPB,Month-to-month,5,63.95,No,0.6047,High
4335-BSMJS,Two year,62,25.8,No,0.0181,Low
2311-QYMUQ,Month-to-month,16,89.45,Yes,0.6959,High
3643-AHCFP,Month-to-month,7,95.6,Yes,0.8883,High
9146-JRIOX,Month-to-month,14,25.55,No,0.2821,Low
3104-OWCGK,One year,60,90.95,Yes,0.2521,Low
5337-IIWKZ,Month-to-month,34,44.85,No,0.48,Medium
9101-BWFSS,One year,50,108.55,Yes,0.3546,Medium
9650-VBUOG,Two year,38,25.05,No,0.0308,Low
3487-EARAT,One year,70,74.1,No,0.0287,Low
2672-TGEFF,Month-to-month,37,88.8,No,0.7067,High
9231-ZJYAM,Month-to-month,4,78.85,Yes,0.8962,High
4250-WAROZ,Month-to-month,60,93.25,No,0.5276,Medium
8184-WMOFI,One year,62,71.4,No,0.0403,Low
6982-SSHFK,Month-to-month,1,44.4,Yes,0.6107,High
6092-QZVPP,Month-to-month,36,79.2,No,0.3307,Medium
4625-LAMOB,Two year,44,20.4,No,0.0226,Low
0727-BMPLR,One year,55,100.0,Yes,0.6441,High
0392-BZIUW,Two year,72,105.0,No,0.1977,Low
1038-ZAGBI,One year,12,19.8,Yes,0.1235,Low
6549-NNDYT,Month-to-month,13,30.85,No,0.5757,Medium
3027-ZTDHO,Month-to-month,1,89.9,Yes,0.903,High
0422-OHQHQ,One year,15,20.55,No,0.1141,Low
6916-HIJSE,Two year,65,84.85,No,0.0389,Low
2316-ESMLS,One year,12,33.15,No,0.2288,Low
9778-OGKQZ,Two year,72,92.0,No,0.0488,Low
7408-OFWXJ,Two year,72,89.8,No,0.0299,Low
6007-TCTST,Two year,72,115.8,No,0.1135,Low
2252-NKNSI,Two year,52,85.15,No,0.061,Low
8713-IGZSO,Month-to-month,2,24.85,No,0.4656,Medium
7905-TVXTA,Month-to-month,5,64.35,No,0.5886,Medium
7695-PKLCZ,Two year,68,20.5,No,0.0078,Low
2382-BCKQJ,One year,62,100.15,Yes,0.5101,Medium
8374-UULRV,Two year,72,86.05,No,0.0359,Low
2207-NHRJK,Month-to-month,1,50.8,Yes,0.6443,High
3224-DFQNQ,One year,66,89.0,No,0.144,Low
5275-PMFUT,Two year,72,64.8,No,0.0338,Low
4795-UXVCJ,One year,26,19.8,No,0.0921,Low
9777-IQHWP,Two year,64,93.4,No,0.0969,Low
0947-MUGVO,Month-to-month,20,73.65,Yes,0.7667,High
9944-HKVVB,Month-to-month,3,95.1,Yes,0.8815,High
4124-MMETB,Month-to-month,22,94.65,Yes,0.8343,High
3671-SHRSP,Month-to-month,4,80.6,Yes,0.7118,High
0979-MOZQI,Two year,62,39.0,No,0.0527,Low
2732-ISEZX,Month-to-month,5,20.5,No,0.4309,Medium
3313-QKNKB,One year,59,85.55,Yes,0.3867,Medium
0323-XWWTN,Two year,3,26.4,No,0.1641,Low
1937-OTUKY,Two year,72,98.2,No,0.1002,Low
1573-LGXBA,One year,57,97.55,No,0.3287,Medium
1764-VUUMT,Two year,66,19.95,No,0.0066,Low
5073-WXOYN,Month-to-month,60,50.8,Yes,0.4245,Medium
4713-ZBURT,Two year,45,99.7,No,0.2878,Low
3050-GBUSH,Month-to-month,3,34.8,No,0.8152,High
0207-MDKNV,Month-to-month,15,105.1,Yes,0.6986,High
7876-AEHIG,One year,51,60.15,No,0.105,Low
7945-HLKEA,One year,60,64.75,No,0.0761,Low
9342-VNIMQ,Month-to-month,33,54.65,No,0.3799,Medium
9851-KIELU,Month-to-month,10,110.1,Yes,0.7325,High
3523-BRGUW,One year,26,19.3,No,0.1128,Low
3908-BLSYF,Month-to-month,6,83.9,Yes,0.8352,High
3199-NPKCN,One year,67,111.25,No,0.362,Medium
5170-PTRKA,One year,49,35.8,No,0.0735,Low
4661-NJEUX,Month-to-month,1,20.05,No,0.4748,Medium
2123-AGEEN,Month-to-month,7,84.35,No,0.888,High
1258-YMZNM,One year,27,110.5,No,0.569,Medium
0048-LUMLS,One year,37,91.2,No,0.3924,Medium
7549-MYGPK,Month-to-month,63,100.55,Yes,0.463,Medium
5898-IGSLP,Month-to-month,31,89.3,No,0.4772,Medium
3804-RVTGV,Month-to-month,50,103.85,Yes,0.6085,High
6259-WJQLC,Month-to-month,32,81.1,No,0.7272,High
9227-LUNBG,Month-to-month,1,24.6,Yes,0.806,High
7997-EASSD,One year,63,81.2,No,0.2013,Low
0730-KOAVE,Month-to-month,30,94.3,No,0.6276,High
8975-SKGRX,Two year,71,116.1,No,0.1375,Low
0678-RLHVP,Two year,53,105.55,No,0.3575,Medium
4315-MURBD,Month-to-month,12,98.9,Yes,0.6777,High
2267-FPIMA,Month-to-month,50,94.4,No,0.5144,Medium
1051-GEJLJ,Month-to-month,2,19.5,No,0.4048,Medium
9734-YWGEX,Month-to-month,9,98.3,Yes,0.85,High
2719-BDAQO,Month-to-month,17,93.85,Yes,0.7603,High
5285-MVEHD,One year,56,105.6,No,0.3152,Medium
0379-DJQHR,Two year,67,81.35,No,0.0315,Low
0781-LKXBR,Month-to-month,9,100.5,Yes,0.9232,High
5543-QDCRY,Month-to-month,4,56.4,No,0.7597,High
0297-RBCSG,One year,19,65.35,No,0.2452,Low
4694-PHWFW,Month-to-month,8,19.95,No,0.2911,Low
0835-JKADZ,Two year,71,111.25,No,0.2621,Low
1907-UBQFC,Month-to-month,10,72.85,Yes,0.8241,High
7508-SMHXL,Month-to-month,15,89.0,No,0.7905,High
3865-YIOTT,One year,72,106.1,No,0.2703,Low
5993-BQHEA,One year,12,20.05,No,0.1641,Low
6024-RUGGH,Two year,72,25.2,No,0.0083,Low
6513-EECDB,Month-to-month,1,73.55,Yes,0.9035,High
3956-CJUST,Month-to-month,23,75.4,No,0.6116,High
4079-WWQQQ,Two year,72,65.55,No,0.0413,Low
6103-BOCOU,Month-to-month,26,80.7,No,0.7902,High
5149-TGWDZ,One year,21,104.55,No,0.5182,Medium
7471-WNSUF,One year,60,24.15,No,0.0269,Low
8942-DBMHZ,Month-to-month,12,20.45,No,0.2968,Low
4301-VVZKA,Month-to-month,16,75.4,No,0.8224,High
9199-PWQVC,One year,63,79.7,No,0.127,Low
4824-GUCBY,Month-to-month,22,81.7,No,0.6218,High
5393-HJZSM,Month-to-month,32,76.3,No,0.1609,Low
7074-IEVOJ,Month-to-month,3,79.4,Yes,0.8824,High
9625-QSTYE,Month-to-month,13,81.15,Yes,0.7698,High
0862-PRCBS,Two year,68,103.75,No,0.1556,Low
8812-ZRHFP,One year,30,86.45,No,0.4613,Medium
5146-CBVOE,Month-to-month,16,75.1,No,0.618,High
0454-OKRCT,Two year,33,80.6,No,0.1337,Low
5787-KXGIY,Two year,72,19.3,No,0.006,Low
4750-ZRXIU,Month-to-month,4,84.6,Yes,0.917,High
4198-VFOEA,One year,12,33.6,No,0.3283,Medium
6630-UJZMY,Month-to-month,4,83.25,No,0.9159,High
6400-BWQKW,Month-to-month,6,79.05,Yes,0.8151,High
2692-AQCPF,One year,65,108.05,No,0.3505,Medium
0347-UBKUZ,Month-to-month,15,19.9,No,0.2734,Low
0835-DUUIQ,One year,24,21.05,No,0.0777,Low
0811-GSDTP,Month-to-month,13,30.15,No,0.6177,High
7567-ECMCM,Month-to-month,24,79.85,No,0.7314,High
6115-ZTBFQ,Two year,72,65.5,No,0.0324,Low
6353-BRMMA,Month-to-month,54,104.1,No,0.4976,Medium
6680-WKXRZ,Month-to-month,3,74.4,Yes,0.7918,High
6231-WFGFH,Month-to-month,4,20.5,No,0.3746,Medium
9904-EHEVJ,Month-to-month,32,91.35,No,0.7325,High
7028-DVOIQ,Month-to-month,35,99.05,Yes,0.8633,High
6169-PPETC,Two year,35,20.5,No,0.0245,Low
4208-UFFGW,Month-to-month,2,44.95,Yes,0.6471,High
8584-KMVXD,Month-to-month,8,75.6,No,0.7525,High
8467-WYNSR,Month-to-month,22,55.1,No,0.2443,Low
0851-DFJKB,Month-to-month,15,58.95,No,0.3833,Medium
5382-SOYZL,Month-to-month,22,95.1,No,0.877,High
9448-REEVD,Month-to-month,1,44.7,Yes,0.6039,High
3261-CQXOL,Two year,71,25.45,No,0.0069,Low
8388-FYNPZ,Month-to-month,4,56.75,No,0.5568,Medium
4002-BQWPQ,Month-to-month,25,81.75,No,0.2909,Low
5651-YLPRD,Month-to-month,32,86.1,No,0.6631,High
2826-DXLQO,Month-to-month,7,29.8,No,0.6181,High
4378-BZYFP,One year,17,20.5,No,0.165,Low
9489-UTFKA,Month-to-month,8,60.9,No,0.5274,Medium
4849-PYRLQ,Two year,56,73.25,No,0.0508,Low
9117-SHLZX,Month-to-month,1,45.7,Yes,0.665,High
9889-TMAHG,Month-to-month,8,100.3,Yes,0.7018,High
4541-RMRLG,Month-to-month,7,19.25,Yes,0.4323,Medium
7764-BDPEE,Month-to-month,3,20.85,No,0.334,Medium
3429-IFLEM,Two year,71,77.35,No,0.0194,Low
3158-MOERK,Month-to-month,2,96.0,Yes,0.9208,High
7294-TMAOP,Month-to-month,1,90.55,Yes,0.8783,High
5002-GCQFH,Month-to-month,49,93.85,No,0.5033,Medium
0556-FJEGU,Two year,58,70.1,No,0.0363,Low
8919-FYFQZ,Month-to-month,44,30.35,Yes,0.4489,Medium
0604-THJFP,Two year,59,75.95,No,0.0511,Low
2834-JRTUA,Two year,71,108.05,Yes,0.2048,Low
5875-YPQFJ,Month-to-month,1,69.9,Yes,0.8569,High
5879-SESNB,Month-to-month,11,75.25,No,0.8181,High
6646-QVXLR,One year,62,103.75,Yes,0.5623,Medium
6461-PPAXN,One year,35,54.95,No,0.0788,Low
3318-ISQFQ,Month-to-month,20,19.5,No,0.2684,Low
1106-HRLKZ,Two year,40,19.6,No,0.0207,Low
2483-XSSMZ,One year,39,47.85,No,0.1721,Low
8603-IJWDN,Month-to-month,1,86.6,Yes,0.9032,High
8165-ZJRNM,Two year,72,23.75,No,0.0065,Low
9369-XFEHK,Month-to-month,33,80.6,Yes,0.6614,High
2604-XVDAM,Month-to-month,12,43.8,No,0.4963,Medium
3717-OFRTN,Month-to-month,1,19.75,No,0.399,Medium
9046-JBFWA,Month-to-month,27,19.15,No,0.1466,Low
3280-NMUVX,One year,34,19.6,No,0.0521,Low
1206-EHBDD,Two year,56,80.3,No,0.0811,Low
8361-LBRDI,Two year,58,24.35,No,0.017,Low
4883-KCPZJ,Two year,22,25.25,No,0.0611,Low
9108-EQPNQ,Two year,10,26.1,No,0.0979,Low
7277-KAMWT,Two year,13,20.0,No,0.0874,Low
3842-IYKUE,Month-to-month,35,85.3,Yes,0.4753,Medium
6641-XRPSU,Month-to-month,34,70.0,Yes,0.5989,Medium
1374-DMZUI,Month-to-month,4,94.3,Yes,0.934,High
2545-LXYVJ,Two year,72,20.7,No,0.0058,Low
3234-VKACU,Month-to-month,2,70.3,No,0.692,High
8357-EQXFO,Month-to-month,7,95.35,Yes,0.8883,High
1989-PRJHP,Month-to-month,27,75.5,Yes,0.7962,High
8120-JDCAM,Month-to-month,4,69.55,No,0.7464,High
8917-FAEMR,Two year,37,19.85,No,0.0313,Low
7047-YXDMZ,Month-to-month,21,20.0,No,0.219,Low
2858-EIMXH,One year,53,95.85,No,0.5451,Medium
9524-EGPJC,Month-to-month,18,90.1,Yes,0.8053,High
6993-OHLXR,Month-to-month,2,68.95,Yes,0.821,High
8818-XYFCQ,Month-to-month,32,99.55,Yes,0.6691,High
6419-ZTTLE,One year,23,20.75,No,0.2012,Low
0929-HYQEW,Month-to-month,3,50.15,No,0.5482,Medium
6614-YOLAC,Two year,71,58.65,No,0.0245,Low
7426-RHZGU,Month-to-month,9,95.9,No,0.7692,High
4065-JJAVA,Month-to-month,1,49.5,No,0.6517,High
4695-VADHF,Month-to-month,18,57.45,Yes,0.5387,Medium
3863-IUBJR,One year,12,53.65,Yes,0.3194,Medium
7649-SIJJF,Two year,71,80.1,No,0.0309,Low
9361-YNQWJ,One year,64,24.4,No,0.0304,Low
3748-FVMZZ,Month-to-month,4,40.05,No,0.7968,High
9391-TTOYH,Month-to-month,23,19.5,No,0.2528,Low
1452-XRSJV,Month-to-month,39,51.05,No,0.1613,Low
3422-WJOYD,One year,28,54.35,No,0.0995,Low
8242-SOQUO,Month-to-month,5,84.7,No,0.8731,High
7460-ITWWP,Month-to-month,45,86.1,No,0.7143,High
7147-AYBAA,Month-to-month,37,70.35,No,0.5629,Medium
7868-TMWMZ,Two year,60,110.0,No,0.1502,Low
4822-RVYBB,Month-to-month,8,100.6,Yes,0.9248,High
6732-FZUGP,One year,47,94.9,No,0.3371,Medium
8436-BJUMM,Month-to-month,26,83.75,Yes,0.7825,High
4184-TJFAN,Month-to-month,3,88.3,Yes,0.684,High
8329-GWVPJ,Month-to-month,50,69.75,No,0.3905,Medium
1352-VHKAJ,Month-to-month,27,71.6,No,0.4151,Medium
4145-UQXUQ,Month-to-month,8,92.1,Yes,0.9087,High
2632-TACXW,Two year,62,23.65,No,0.0126,Low
8146-QQKZH,Two year,71,81.85,No,0.0286,Low
1767-CJKBA,Two year,66,25.1,No,0.0118,Low
6445-TNRXS,Two year,68,114.7,No,0.1179,Low
4581-LNWUM,Month-to-month,13,49.15,No,0.8042,High
4869-EPIUS,One year,56,80.9,No,0.3885,Medium
9948-YPTDG,Month-to-month,38,79.45,Yes,0.509,Medium
1236-WFCDV,Month-to-month,14,90.45,Yes,0.8147,High
1915-OAKWD,One year,16,19.3,No,0.1386,Low
7296-PIXQY,Month-to-month,14,70.2,No,0.7049,High
4883-QICIH,Month-to-month,32,69.75,Yes,0.5348,Medium
3354-OADJP,One year,8,54.25,No,0.1901,Low
3524-WQDSG,Month-to-month,43,99.3,No,0.685,High
0810-DHDBD,One year,52,74.0,No,0.0968,Low
4026-SKKHW,Month-to-month,3,50.25,No,0.5575,Medium
2829-HYVZP,One year,29,19.8,No,0.1027,Low
8329-IBCTI,Month-to-month,1,19.65,Yes,0.4161,Medium
1271-SJBGZ,Month-to-month,12,43.65,Yes,0.7816,High
3845-JHAMY,Month-to-month,16,35.5,No,0.6557,High
7013-PSXHK,One year,40,80.75,No,0.28,Low
5669-SRAIP,Month-to-month,5,39.5,Yes,0.8135,High
5981-ITEMU,Month-to-month,40,97.1,Yes,0.7263,High
3486-NPGST,One year,36,19.55,No,0.0599,Low
6941-PMGEP,Month-to-month,5,80.0,Yes,0.8696,High
1624-WOIWJ,Month-to-month,10,84.7,Yes,0.7293,High
2074-GKOWZ,Month-to-month,2,89.55,Yes,0.8226,High
0376-YMCJC,Month-to-month,23,90.6,Yes,0.777,High
6100-FJZDG,One year,26,20.05,No,0.0862,Low
4829-ZLJTK,Two year,72,112.4,No,0.2765,Low
1730-VFMWO,Month-to-month,34,50.2,No,0.2232,Low
7143-BQIBA,Month-to-month,10,62.25,No,0.3839,Medium
3800-LYTRK,One year,14,55.7,No,0.1639,Low
0634-SZPQA,Month-to-month,23,90.05,Yes,0.7061,High
9646-NMHXE,Two year,47,19.65,No,0.0191,Low
7030-NJVDP,Month-to-month,24,89.25,No,0.6344,High
5536-RTPWK,Month-to-month,49,99.05,Yes,0.6642,High
8883-GRDWQ,One year,20,54.0,No,0.1617,Low
6166-ILMNY,Month-to-month,2,69.75,Yes,0.7514,High
3097-NNSPB,Month-to-month,2,49.05,Yes,0.6248,High
7771-ZONAT,Two year,22,56.75,No,0.2347,Low
0655-RBDUG,Month-to-month,7,98.05,Yes,0.8763,High
2111-DWYHN,Month-to-month,1,21.1,No,0.4076,Medium
4194-WHFCB,Month-to-month,59,96.65,No,0.3758,Medium
4121-AGSIN,One year,58,24.5,No,0.0329,Low
4361-BKAXE,Month-to-month,41,114.5,Yes,0.5547,Medium
9845-PEEKO,Two year,59,79.2,No,0.1872,Low
0455-XFASS,Month-to-month,3,69.55,No,0.8136,High
0301-KOBTQ,Two year,32,20.05,No,0.0457,Low
1751-NCDLI,Month-to-month,46,98.85,No,0.8262,High
9878-TNQGW,Month-to-month,2,80.95,Yes,0.8765,High
9170-ARBTB,One year,52,19.6,No,0.0237,Low
4441-NIHPT,Month-to-month,13,74.3,Yes,0.8359,High
8999-BOHSE,Month-to-month,11,89.7,Yes,0.8218,High
7241-AJHFS,Month-to-month,32,87.65,No,0.4139,Medium
7029-RPUAV,Month-to-month,17,100.45,Yes,0.8687,High
4546-FOKWR,Month-to-month,16,74.75,No,0.775,High
9036-CSKBW,One year,51,107.45,No,0.3528,Medium
5832-TRLPB,One year,29,75.35,No,0.2771,Low
8590-YFFQO,Two year,70,64.95,No,0.0123,Low
8659-IOOPU,Two year,71,100.45,No,0.097,Low
1338-CECEE,One year,41,68.5,No,0.1597,Low
7439-DKZTW,Month-to-month,1,80.55,No,0.8816,High
4646-QZXTF,Month-to-month,7,81.25,No,0.446,Medium
4607-CHPCA,One year,25,90.4,Yes,0.6223,High
9742-XOKTS,One year,67,89.55,No,0.1145,Low
6921-OZMFH,Month-to-month,5,55.7,No,0.5348,Medium
9578-FOMUK,Month-to-month,15,24.8,No,0.4133,Medium
4712-UYOOI,Month-to-month,20,20.0,No,0.2457,Low
8824-RWFXJ,Month-to-month,3,56.15,Yes,0.5362,Medium
7722-CVFXN,One year,54,105.2,No,0.4068,Medium
8717-VCTXJ,One year,42,19.55,No,0.0597,Low
7363-QTBIW,Month-to-month,9,79.75,No,0.8526,High
4159-NAAIX,Two year,63,97.45,No,0.2146,Low
0971-QIFJK,Two year,69,24.25,No,0.0093,Low
9397-TZSHA,Two year,69,24.6,No,0.0104,Low
3391-JSQEW,Month-to-month,40,50.15,No,0.2716,Low
0343-QLUZP,Two year,60,39.6,No,0.0306,Low
9763-PDTKK,Month-to-month,4,94.4,Yes,0.6713,High
2176-LVPNX,Two year,71,89.85,No,0.0461,Low
7627-JKIAZ,Month-to-month,37,78.95,Yes,0.6429,High
3312-UUMZW,Month-to-month,32,98.85,No,0.763,High
1271-UODNO,Two year,39,53.85,No,0.0975,Low
8461-EFQYM,One year,38,24.25,No,0.1294,Low
6900-RBKER,Two year,52,89.45,No,0.2801,Low
6891-JPYFF,Month-to-month,48,105.25,No,0.544,Medium
1459-QNFQT,Two year,70,59.5,No,0.0283,Low
1047-NNCBF,Month-to-month,20,70.55,No,0.644,High
3696-XRIEN,One year,50,82.5,No,0.1736,Low
4081-DYXAV,One year,19,44.85,Yes,0.5735,Medium
0074-HDKDG,One year,25,61.6,No,0.1328,Low
8791-GFXLZ,Month-to-month,12,49.05,No,0.5125,Medium
8111-SLLHI,Month-to-month,39,105.65,Yes,0.8352,High
0927-LCSMG,Month-to-month,7,74.65,Yes,0.7303,High
9330-DHBFL,One year,23,66.25,No,0.1083,Low
0098-BOWSO,Month-to-month,27,19.4,No,0.2832,Low
3452-ABWRL,Month-to-month,47,86.05,No,0.686,High
5859-HZYLF,Two year,26,19.15,No,0.0502,Low
8257-RZAHR,Month-to-month,14,64.7,Yes,0.561,Medium
5293-WXJAK,Month-to-month,11,104.05,Yes,0.8376,High
3156-QLHBO,Month-to-month,2,19.25,No,0.3505,Medium
2208-NQBCT,Month-to-month,26,81.95,No,0.471,Medium
1779-PWPMG,Two year,72,114.65,No,0.1624,Low
6621-NRZAK,Two year,63,20.0,No,0.0074,Low
0831-JNISG,Two year,71,19.8,No,0.005,Low
0774-IFUVM,Month-to-month,11,65.15,No,0.5231,Medium
3082-WQRVY,One year,14,19.65,No,0.1708,Low
9553-DLCLU,Two year,13,88.95,No,0.1369,Low
1641-BYBTK,Month-to-month,6,20.2,No,0.362,Medium
2460-NGXBJ,Month-to-month,11,75.2,No,0.7887,High
2446-ZKVAF,Month-to-month,18,56.8,No,0.4653,Medium
0841-NULXI,Month-to-month,1,35.55,Yes,0.866,High
3522-CDKHF,Month-to-month,32,75.5,No,0.483,Medium
1430-SFQSA,One year,29,35.6,No,0.1526,Low
0411-EZJZE,Month-to-month,3,60.25,No,0.8132,High
7851-WZEKY,Month-to-month,2,95.15,Yes,0.9222,High
8844-TONUD,Month-to-month,13,96.65,Yes,0.7769,High
8807-ARQET,Month-to-month,41,40.35,No,0.5219,Medium
8992-CEUEN,Month-to-month,1,18.85,No,0.5069,Medium
4320-QMLLA,Month-to-month,7,54.85,No,0.6104,High
8777-PVYGU,One year,52,64.3,No,0.1166,Low
8292-ITGYJ,Two year,45,24.65,No,0.0278,Low
6870-ZWMNX,Two year,70,76.1,No,0.0358,Low
0621-CXBKL,Two year,53,18.7,No,0.0152,Low
5268-DSMNQ,One year,62,97.95,No,0.3835,Medium
5334-JLAXU,Month-to-month,60,94.1,No,0.4288,Medium
4086-YQSNZ,Month-to-month,3,80.4,Yes,0.8934,High
6242-MBHPK,Month-to-month,23,95.1,No,0.81,High
5868-CZJDR,Month-to-month,1,31.35,Yes,0.7048,High
9359-UGBTK,One year,67,72.35,No,0.0551,Low
0135-NMXAP,Month-to-month,12,89.75,Yes,0.7999,High
4782-OSFXZ,Two year,71,82.7,No,0.0369,Low
6479-OAUSD,One year,25,19.9,No,0.0976,Low
7129-ACFOG,Month-to-month,5,53.8,No,0.6829,High
4189-NAKJS,One year,26,51.55,No,0.3122,Medium
5562-BETPV,One year,1,19.65,No,0.1969,Low
1282-IHQAC,One year,70,44.05,No,0.1251,Low
9127-FHJBZ,Two year,72,114.0,No,0.1507,Low
6270-OMFIW,One year,60,94.4,Yes,0.4215,Medium
1641-RQDAY,Month-to-month,32,100.4,No,0.8163,High
0107-WESLM,Month-to-month,1,19.85,Yes,0.5636,Medium
6994-ORCWG,One year,14,54.25,No,0.3845,Medium
1346-UFHAX,Month-to-month,13,80.0,No,0.717,High
3992-YWPKO,Month-to-month,6,109.9,Yes,0.8135,High
2933-XEUJM,Two year,46,79.2,No,0.1101,Low
0125-LZQXK,Month-to-month,15,101.35,Yes,0.8156,High
5461-QKNTN,Month-to-month,43,94.3,No,0.6818,High
4835-YSJMR,Two year,39,49.8,No,0.0673,Low
8399-YNDCH,Month-to-month,21,60.05,Yes,0.5884,Medium
3164-YAXFY,Month-to-month,57,53.75,No,0.4173,Medium
0887-WBJVH,One year,53,93.45,No,0.4187,Medium
4660-IRIBM,Month-to-month,18,87.9,No,0.6232,High
5673-FSSMF,Month-to-month,1,60.15,Yes,0.822,High
7670-ZBPOQ,One year,58,61.05,No,0.0602,Low
8089-UZWLX,Two year,71,104.05,No,0.2466,Low
0080-OROZO,One year,35,99.25,No,0.5622,Medium
3916-NRPAP,Month-to-month,3,85.7,No,0.791,High
6807-SIWJI,One year,38,104.85,No,0.5507,Medium
8221-HVAYI,Two year,35,69.15,No,0.055,Low
1579-KLYDT,Month-to-month,7,90.45,Yes,0.8897,High
5232-NXPAY,Two year,47,74.45,No,0.0846,Low
8967-SZQAS,Month-to-month,14,50.45,No,0.5345,Medium
4468-KAZHE,Month-to-month,20,60.0,No,0.6467,High
0455-ENTCR,Two year,66,85.25,No,0.0534,Low
8944-AILEF,Month-to-month,15,19.45,No,0.322,Medium
5542-NKVRU,Two year,42,20.75,No,0.0296,Low
7126-RBHSD,Month-to-month,17,78.9,No,0.7057,High
5370-IIVVL,One year,37,104.5,No,0.4832,Medium
6789-HJBWG,Month-to-month,12,49.4,No,0.6159,High
3927-NLNRY,One year,53,94.25,Yes,0.3622,Medium
9087-EYCPR,Two year,60,25.0,No,0.0153,Low
6791-YBNAK,Month-to-month,18,25.55,No,0.5101,Medium
6358-LYNGM,Month-to-month,1,74.9,Yes,0.8857,High
6077-BDPXA,Month-to-month,3,70.15,No,0.8493,High
0013-MHZWF,Month-to-month,9,69.4,No,0.5702,Medium
5494-HECPR,Month-to-month,1,80.25,Yes,0.8834,High
8268-YDIXR,One year,56,93.15,No,0.2919,Low
9824-BEMCV,Month-to-month,17,69.0,Yes,0.7328,High
1373-ORVIZ,Month-to-month,11,66.35,Yes,0.6287,High
4291-SHSBH,Month-to-month,7,69.55,No,0.8334,High
6980-IMXXE,Two year,69,20.2,No,0.0053,Low
9866-QEVEE,Month-to-month,19,86.0,Yes,0.7856,High
9897-KXHCM,Month-to-month,3,80.3,Yes,0.8436,High
0040-HALCW,Two year,54,20.4,No,0.0111,Low
0784-GTUUK,One year,62,23.75,No,0.0332,Low
7979-CORPM,Month-to-month,24,90.55,Yes,0.7591,High
2294-DMMUS,Month-to-month,62,70.45,No,0.3016,Medium
0872-JCPIB,Month-to-month,17,65.75,No,0.4688,Medium
3055-MJDSB,Month-to-month,9,24.6,No,0.7212,High
9091-WTUUY,Two year,64,69.25,No,0.0196,Low
1618-CFHME,Month-to-month,2,75.9,Yes,0.8819,High
3165-HDOEW,Month-to-month,1,45.85,Yes,0.6027,High
6581-NQCBA,Month-to-month,16,49.95,Yes,0.7555,High
7115-IRDHS,Two year,72,24.65,No,0.0083,Low
8496-DMZUK,One year,30,90.4,No,0.3117,Medium
2040-VZIKE,Month-to-month,49,100.85,No,0.6177,High
9068-VPWQQ,Two year,61,75.35,No,0.0384,Low
0178-SZBHO,Month-to-month,47,87.2,No,0.5761,Medium
0384-RVBPI,Month-to-month,20,64.4,No,0.4078,Medium
1689-MRZQR,Month-to-month,34,78.3,Yes,0.6222,High
1299-AURJA,Two year,70,24.7,No,0.0071,Low
4525-VZCZG,One year,54,105.85,No,0.2717,Low
1543-LLLFT,One year,61,98.3,No,0.3257,Medium
5835-BEQEU,Month-to-month,3,76.95,Yes,0.8758,High
2788-CJQAQ,One year,13,19.45,No,0.1568,Low
5565-FILXA,Month-to-month,16,96.15,Yes,0.909,High
0319-QZTCO,Month-to-month,3,58.7,No,0.6092,High
2120-SMPEX,Month-to-month,25,20.15,No,0.2332,Low
0096-FCPUF,Month-to-month,30,64.5,No,0.4383,Medium
0668-OGMHD,Month-to-month,21,28.5,No,0.5286,Medium
5552-ZNFSJ,Month-to-month,1,45.3,Yes,0.6878,High
2223-KAGMX,Month-to-month,15,19.4,Yes,0.2621,Low
6507-ZJSUR,Month-to-month,23,90.45,No,0.859,High
9408-HRXRK,Month-to-month,45,105.15,No,0.6456,High
5593-SUAOO,One year,24,83.15,No,0.3812,Medium
7321-PKUYW,Month-to-month,11,90.15,Yes,0.7972,High
2833-SLKDQ,Month-to-month,1,45.05,Yes,0.6083,High
6766-HFKLA,Two year,56,103.2,No,0.2087,Low
7595-EUIVN,Month-to-month,1,75.8,Yes,0.7931,High
7617-EYGLW,Month-to-month,1,19.45,No,0.5015,Medium
2026-TGDHM,Month-to-month,7,79.3,Yes,0.8625,High
9220-ZNKJI,Two year,55,88.8,No,0.1504,Low
4030-VPZBD,Month-to-month,2,30.9,Yes,0.7737,High
2226-ICFDO,Two year,72,85.9,No,0.0408,Low
0723-VSOBE,One year,45,34.2,No,0.3164,Medium
5529-GIBVH,Two year,47,20.15,No,0.0203,Low
4187-CINZD,One year,46,95.25,Yes,0.4321,Medium
9992-UJOEL,Month-to-month,2,50.3,No,0.6141,High
4741-WWJQZ,Month-to-month,2,80.15,No,0.7159,High
6625-UTXEW,Month-to-month,12,51.25,No,0.5999,Medium
6818-WOBHJ,Month-to-month,68,89.6,Yes,0.5085,Medium
6244-BESBM,Two year,69,95.2,No,0.1253,Low
1004-NOZNR,One year,56,94.8,No,0.2622,Low
1251-STYSZ,Month-to-month,4,80.25,No,0.8502,High
2612-PHGOX,Two year,64,76.1,No,0.0511,Low
2408-TZMJL,One year,59,110.15,Yes,0.4411,Medium
8480-PPONV,Two year,62,115.55,No,0.1034,Low
8780-IHCRN,Two year,63,24.65,No,0.0104,Low
4598-ZADCK,One year,53,53.6,No,0.1448,Low
1257-SXUXQ,Month-to-month,5,19.45,No,0.3099,Medium
9681-KYGYB,Month-to-month,49,88.2,No,0.5629,Medium
7182-OVLBJ,Two year,62,101.15,No,0.1893,Low
5095-ETBRJ,Two year,55,56.8,No,0.0191,Low
7005-CYUIL,Two year,71,99.4,No,0.1244,Low
4821-WQOYN,Two year,72,20.1,No,0.0062,Low
4730-AWNAU,One year,36,60.7,No,0.1695,Low
3452-FLHYD,One year,25,20.95,No,0.1093,Low
2388-LAESQ,Two year,72,114.85,No,0.1614,Low
9531-NSBMR,One year,36,19.25,No,0.0736,Low
6260-ONULR,Month-to-month,1,62.8,No,0.7637,High
4389-UEFCZ,Two year,72,105.5,No,0.2532,Low
8711-LOBKY,Two year,59,19.85,No,0.0088,Low
9134-CEQMF,Month-to-month,7,89.5,Yes,0.9051,High
8985-OOPOS,One year,1,74.1,No,0.4352,Medium
8800-ZKRFW,Month-to-month,30,107.5,No,0.7399,High
2616-FLVQC,Two year,64,19.55,No,0.009,Low
9968-FFVVH,One year,63,68.8,No,0.0382,Low
3108-PCCGG,Two year,72,84.45,No,0.0559,Low
7993-PYKOF,Month-to-month,8,75.0,Yes,0.7022,High
8390-FESFV,Two year,62,84.5,No,0.0636,Low
3022-BEXHZ,Two year,67,111.2,No,0.1624,Low
5027-XWQHA,Month-to-month,6,44.75,Yes,0.6464,High
6248-TKCQV,Two year,70,80.6,No,0.036,Low
6729-GDNGC,Month-to-month,20,80.7,No,0.7299,High
6198-ZFIOJ,Month-to-month,5,75.6,No,0.8422,High
5989-OMNJE,One year,24,57.6,No,0.3529,Medium
4566-QVRRW,Month-to-month,11,44.05,Yes,0.6562,High
1291-CUOCY,Two year,72,110.6,No,0.1868,Low
9795-SHUHB,Two year,66,58.2,No,0.0135,Low
3230-IUALN,Two year,45,81.0,No,0.0608,Low
0042-RLHYP,Two year,69,19.7,No,0.0053,Low
8519-IMDHU,Month-to-month,15,85.6,Yes,0.8357,High
4945-RVMTE,Month-to-month,28,59.55,No,0.4811,Medium
0201-OAMXR,One year,70,115.55,Yes,0.2155,Low
1866-NXPSP,One year,36,75.55,No,0.1215,Low
3372-KWFBM,Month-to-month,16,86.6,Yes,0.8814,High
7831-QGOXH,Month-to-month,18,85.2,Yes,0.8589,High
6393-WRYZE,Month-to-month,34,97.65,Yes,0.8268,High
3941-XTSKM,One year,42,45.1,No,0.2183,Low
1661-CZBAU,One year,48,70.95,No,0.1234,Low
6599-RCLCJ,Month-to-month,47,109.55,Yes,0.7033,High
9831-BPFRI,One year,39,89.55,Yes,0.3521,Medium
5158-RIVOP,Two year,11,20.9,No,0.0737,Low
9788-YTFGE,Month-to-month,7,19.95,No,0.4081,Medium
9277-JOOMO,Month-to-month,3,24.6,No,0.4585,Medium
1907-YLNYW,Month-to-month,8,66.7,No,0.6411,High
1725-MIMXW,Month-to-month,1,19.45,Yes,0.4206,Medium
8947-YRTDV,One year,32,94.8,No,0.2579,Low
3161-ONRWK,One year,60,65.85,No,0.0316,Low
0114-RSRRW,Month-to-month,10,19.95,No,0.355,Medium
4565-NLZBV,Two year,71,24.65,No,0.011,Low
0031-PVLZI,Month-to-month,4,20.35,Yes,0.3198,Medium
7206-GZCDC,Month-to-month,1,69.25,Yes,0.8826,High
6682-VCIXC,One year,43,51.25,No,0.1023,Low
4791-QRGMF,One year,59,99.5,Yes,0.4631,Medium
6475-VHUIZ,Month-to-month,23,54.25,No,0.3952,Medium
3910-MRQOY,Two year,72,19.4,No,0.006,Low
0661-WCQNQ,One year,22,56.25,No,0.1553,Low
7537-RBWEA,Month-to-month,1,25.15,No,0.7888,High
4656-CAURT,Two year,69,23.95,No,0.0098,Low
0121-SNYRK,One year,50,35.4,No,0.0873,Low
1768-ZAIFU,Month-to-month,1,25.2,Yes,0.8671,High
4671-LXRDQ,Month-to-month,2,45.0,Yes,0.6592,High
3733-LSYCE,Month-to-month,15,75.35,No,0.6141,High
6265-FRMTQ,Two year,31,20.4,No,0.0373,Low
1934-SJVJK,Month-to-month,1,20.15,Yes,0.4113,Medium
3838-OZURD,Month-to-month,66,105.0,Yes,0.6153,High
9269-CQOOL,Month-to-month,3,54.7,Yes,0.6555,High
2017-CCBLH,Two year,8,20.0,No,0.1066,Low
7690-KPNCU,One year,64,73.05,No,0.0916,Low
0536-BGFMZ,Month-to-month,28,20.5,No,0.1647,Low
2293-IJWPS,One year,57,100.75,No,0.5058,Medium
2845-HSJCY,Month-to-month,14,87.25,Yes,0.8441,High
5469-NUJUR,Two year,19,19.95,No,0.0846,Low
1184-PJVDB,Month-to-month,10,79.95,Yes,0.8491,High
2625-TRCZQ,Month-to-month,51,49.65,No,0.5024,Medium
4102-HLENU,Two year,67,65.65,No,0.0253,Low
7266-GSSJX,Month-to-month,11,20.45,No,0.3848,Medium
7722-VJRQD,Two year,72,60.95,No,0.0278,Low
7073-QETQY,One year,66,20.35,No,0.0226,Low
9415-DPEWS,Month-to-month,18,88.35,Yes,0.8131,High
5624-RYAMH,Month-to-month,9,19.5,No,0.4768,Medium
0196-JTUQI,Month-to-month,9,75.2,No,0.8108,High
7130-YXBRO,Month-to-month,48,111.45,No,0.5938,Medium
9272-LSVYH,Month-to-month,10,70.15,No,0.7097,High
7943-RQCHR,Month-to-month,9,94.75,Yes,0.9094,High
3793-MMFUH,Month-to-month,13,95.05,Yes,0.9175,High
3249-ZPQRG,Month-to-month,4,78.45,Yes,0.8235,High
2568-BRGYX,Month-to-month,4,70.2,Yes,0.8425,High
3084-DOWLE,Two year,72,92.0,No,0.0334,Low
1084-MNSMJ,Two year,51,85.5,No,0.038,Low
7721-JXEAW,Month-to-month,59,41.05,Yes,0.2504,Low
7249-WBIYX,Month-to-month,10,85.6,Yes,0.8767,High
4238-HFHSN,Month-to-month,61,82.15,No,0.5531,Medium
6250-CGGUN,One year,54,84.4,No,0.1677,Low
5478-JJVZK,Month-to-month,33,60.9,No,0.3159,Medium
7596-IIWYC,Two year,27,20.25,No,0.0575,Low
6567-HOOPW,Month-to-month,1,79.2,Yes,0.9043,High
9793-WECQC,Month-to-month,23,95.3,No,0.7033,High
4291-HPAXL,Month-to-month,1,19.85,No,0.3583,Medium
8999-YPYBV,Two year,45,84.35,No,0.0559,Low
1839-FBNFR,Two year,39,19.85,No,0.027,Low
3164-AALRN,One year,5,70.0,Yes,0.5529,Medium
3071-MVJCD,Two year,72,82.3,No,0.018,Low
1697-BCSHV,Month-to-month,58,66.8,No,0.2287,Low
0562-KBDVM,Two year,70,44.6,No,0.0195,Low
1131-SUEKT,One year,61,98.45,No,0.2247,Low
3717-OEAUQ,Month-to-month,2,70.7,No,0.7562,High
4538-WNTMJ,One year,46,24.95,No,0.0417,Low
3334-CTHOL,Month-to-month,1,49.95,Yes,0.7129,High
4704-ERYFC,Month-to-month,22,69.25,Yes,0.7499,High
9432-RUVSL,Two year,48,102.5,No,0.1888,Low
8060-HIWJJ,Two year,64,86.55,No,0.0661,Low
7684-XSZIY,Two year,72,24.3,No,0.0063,Low
9089-UOWJG,Month-to-month,12,58.35,No,0.5802,Medium
8621-MNIHH,Month-to-month,34,94.25,Yes,0.8026,High
8039-ACLPL,Two year,72,68.75,No,0.0182,Low
9885-AIBVB,Month-to-month,29,85.8,No,0.7308,High
1934-MKPXS,One year,33,20.1,No,0.0535,Low
2592-YKDIF,Month-to-month,1,20.35,No,0.4134,Medium
2272-JKMSI,One year,62,110.8,No,0.3843,Medium
0471-LVHGK,One year,41,73.0,Yes,0.4221,Medium
9518-RWHZL,One year,64,100.05,Yes,0.4468,Medium
8714-CTZJW,Month-to-month,4,82.85,No,0.8335,High
3569-EDBPQ,Month-to-month,24,84.35,No,0.6393,High
3131-NWVFJ,One year,14,19.55,No,0.121,Low
7521-YXVZY,Month-to-month,3,19.95,No,0.3371,Medium
5419-CONWX,Month-to-month,4,99.8,Yes,0.8645,High
6240-EURKS,Month-to-month,18,35.0,Yes,0.7166,High
2373-NTKOD,Month-to-month,8,66.25,No,0.776,High
1970-KKFWL,Two year,35,23.3,No,0.0429,Low
6960-HVYXR,Month-to-month,1,76.0,Yes,0.8564,High
9337-SRRNI,Two year,66,25.3,No,0.0121,Low
0895-UADGO,Two year,8,44.55,No,0.2226,Low
5678-VFNEQ,One year,71,104.1,No,0.3287,Medium
5977-CKHON,Month-to-month,43,92.55,No,0.6114,High
7024-OHCCK,Month-to-month,2,93.85,Yes,0.9365,High
2692-BUCFV,Month-to-month,29,101.45,No,0.7568,High
7861-UVUFT,Month-to-month,15,84.3,Yes,0.833,High
1830-GGFNM,Two year,65,94.55,No,0.0498,Low
5302-BDJNT,Month-to-month,35,95.5,No,0.6826,High
5223-UZAVK,One year,64,100.3,No,0.2684,Low
4859-ZSRDZ,Two year,58,55.5,No,0.0808,Low
5651-WYIPH,Month-to-month,18,49.85,No,0.5229,Medium
9350-VLHMB,Month-to-month,67,89.55,No,0.4269,Medium
3498-LZGQZ,Two year,63,19.15,No,0.0093,Low
8785-CJSHH,Month-to-month,60,99.8,No,0.697,High
5357-TZHPP,Month-to-month,9,84.4,Yes,0.8696,High
3870-SPZSI,Two year,70,113.05,No,0.1193,Low
0680-DFNNY,Month-to-month,15,101.1,Yes,0.8894,High
7560-QRBXH,One year,48,19.95,No,0.0288,Low
7077-XJMET,Month-to-month,12,74.15,No,0.666,High
8752-GHJFU,One year,71,92.0,No,0.2009,Low
6896-SRVYQ,Month-to-month,44,73.85,No,0.5905,Medium
7767-UXAGJ,Month-to-month,1,50.45,Yes,0.786,High
4652-ODEVH,Two year,45,24.45,No,0.0224,Low
6510-UPNKS,One year,23,24.8,No,0.1389,Low
6718-BDGHG,One year,43,64.85,No,0.1884,Low
9046-DQMTP,Month-to-month,35,20.75,No,0.1224,Low
6439-LAJXL,Month-to-month,9,68.95,No,0.4091,Medium
1571-SAVHK,Month-to-month,12,99.95,Yes,0.8116,High
9052-VKDUW,Month-to-month,65,109.4,No,0.5848,Medium
9546-CQJSU,Month-to-month,2,91.4,Yes,0.9032,High
1666-JZPZT,Month-to-month,27,49.0,No,0.4298,Medium
5777-KJIRB,One year,40,50.25,No,0.1742,Low
0506-LVNGN,Month-to-month,5,75.55,Yes,0.8204,High
7677-SJJJK,One year,8,19.9,No,0.1522,Low
2480-EJWYP,One year,58,97.8,No,0.4583,Medium
3253-HKOKL,One year,52,100.3,No,0.3224,Medium
7055-HNEOJ,Month-to-month,3,55.8,No,0.5441,Medium
5514-YQENT,Two year,41,111.15,No,0.205,Low
3211-AAPKX,Month-to-month,20,98.55,No,0.7883,High
8445-DNBAE,Month-to-month,1,50.05,No,0.7461,High
2951-QOQTK,Month-to-month,4,80.8,Yes,0.6759,High
2958-NHPPS,Month-to-month,23,20.85,No,0.2653,Low
6806-YDEUL,Month-to-month,6,19.5,No,0.3963,Medium
1735-XMJVH,Month-to-month,8,19.35,No,0.3366,Medium
6890-PFRQX,Month-to-month,18,69.5,No,0.483,Medium
0222-CNVPT,Month-to-month,52,48.8,No,0.4068,Medium
5899-OUVKV,Month-to-month,31,94.5,No,0.7836,High
8681-ICONS,Month-to-month,29,20.65,No,0.1628,Low
1621-YNCJH,Two year,36,106.05,No,0.2004,Low
3473-XIIIT,Month-to-month,16,100.0,Yes,0.8688,High
6362-QHAFM,One year,42,108.3,No,0.5781,Medium
7893-IXHRQ,Month-to-month,1,20.55,Yes,0.4972,Medium
3070-BDOQC,Two year,60,99.65,No,0.2974,Low
2952-QAYZF,Month-to-month,5,85.3,Yes,0.8497,High
6234-PFPXL,Month-to-month,22,95.9,No,0.5765,Medium
9824-QCJPK,One year,36,20.0,No,0.0575,Low
4763-PGDPO,Month-to-month,4,70.4,Yes,0.8086,High
4283-IVYCI,Month-to-month,9,64.95,No,0.3915,Medium
1866-OBPNR,Month-to-month,1,74.6,No,0.678,High
8205-MQUGY,Month-to-month,12,49.2,No,0.4864,Medium
8970-ANWXO,One year,23,73.75,No,0.3958,Medium
9480-BQJEI,One year,62,92.3,No,0.245,Low
5394-SVGJV,Month-to-month,37,98.8,Yes,0.6257,High
6979-TNDEU,Month-to-month,8,19.2,No,0.3424,Medium
9777-WJJPR,Month-to-month,31,88.65,No,0.6931,High
9283-LZQOH,Month-to-month,13,74.4,Yes,0.7418,High
7079-QRCBC,Month-to-month,24,98.75,Yes,0.8758,High
9495-SKLKD,Month-to-month,45,95.95,No,0.5713,Medium
6048-UWKAL,Two year,69,105.4,No,0.1677,Low
5067-DGXLL,Month-to-month,2,20.25,No,0.3996,Medium
5469-CTCWN,One year,61,106.0,Yes,0.3666,Medium
9851-QXEEQ,Month-to-month,41,104.7,Yes,0.7999,High
6281-FKEWS,One year,44,49.05,No,0.4329,Medium
8898-KASCD,One year,39,35.55,No,0.1494,Low
9242-TKFSV,Two year,72,65.1,No,0.034,Low
9290-SHCMB,Month-to-month,13,96.85,No,0.891,High
0743-HNPFG,One year,51,69.75,No,0.0606,Low
2277-BKJKN,Two year,71,99.2,No,0.2875,Low
9809-IMGCQ,Month-to-month,22,96.7,Yes,0.893,High
5208-HFSBT,Month-to-month,2,55.05,Yes,0.5271,Medium
5035-PGZXH,One year,56,106.8,No,0.5565,Medium
8695-WDYEA,Month-to-month,1,51.25,No,0.4981,Medium
6543-JXSOO,One year,23,57.75,No,0.1081,Low
8016-ZMGMO,One year,66,70.85,No,0.1459,Low
8605-ITULD,Month-to-month,1,19.55,No,0.4165,Medium
3254-YRILK,Month-to-month,19,88.2,Yes,0.8642,High
6416-YJTTB,Month-to-month,11,79.5,No,0.6526,High
2667-WYLWJ,One year,8,19.75,Yes,0.1879,Low
4472-VESGY,Month-to-month,52,98.15,No,0.3644,Medium
3195-TQDZX,Month-to-month,3,20.25,No,0.5395,Medium
3128-YOVTD,Month-to-month,51,79.15,No,0.2723,Low
0529-ONKER,Month-to-month,15,75.65,Yes,0.8256,High
1728-CXQBE,Month-to-month,64,94.25,No,0.6508,High
7041-TXQJH,Month-to-month,37,40.2,No,0.5206,Medium
5014-GSOUQ,Two year,13,19.95,No,0.0858,Low
5724-BIDBU,One year,49,55.35,No,0.1524,Low
0481-SUMCB,One year,45,102.15,No,0.6111,High
1769-GRUIK,Month-to-month,18,71.1,No,0.7736,High
5240-IJOQT,Month-to-month,1,74.7,Yes,0.9051,High
8819-WFGGJ,Two year,68,54.1,No,0.0662,Low
7427-AUFPY,Two year,54,19.65,No,0.0143,Low
2811-POVEX,Month-to-month,23,88.45,No,0.6882,High
1092-GANHU,Month-to-month,17,76.65,Yes,0.7804,High
7898-PDWQE,Two year,71,80.4,No,0.0252,Low
9972-EWRJS,Two year,67,19.25,No,0.0076,Low
9314-IJWSQ,Month-to-month,14,84.8,No,0.8398,High
0661-XEYAN,Month-to-month,1,25.8,Yes,0.8195,High
5799-JRCZO,Two year,63,19.5,No,0.0077,Low
1921-KYSAY,One year,41,68.6,No,0.2847,Low
6198-RTPMF,Month-to-month,17,92.6,No,0.8609,High
2924-KHUVI,One year,56,100.55,No,0.4647,Medium
1925-GMVBW,Month-to-month,5,20.55,No,0.372,Medium
7881-EVUAD,Month-to-month,2,42.6,Yes,0.78,High
6184-DYUOB,Month-to-month,3,19.6,No,0.4472,Medium
9207-ZPANB,One year,37,67.45,No,0.1288,Low
5766-XQXMQ,Month-to-month,29,68.85,Yes,0.34,Medium
9327-QSDED,Month-to-month,8,43.55,No,0.5459,Medium
1656-DRSMG,Month-to-month,63,109.85,No,0.5625,Medium
3012-VFFMN,Month-to-month,7,20.65,No,0.2909,Low
2984-AFWNC,Month-to-month,3,95.4,No,0.8509,High
0640-YJTPY,Two year,72,21.0,No,0.0046,Low
8096-LOIST,Month-to-month,19,56.2,No,0.6488,High
9764-REAFF,Two year,59,18.4,No,0.0104,Low
3703-VAVCL,Month-to-month,2,90.0,Yes,0.6727,High
7107-UBYKY,Month-to-month,35,25.75,No,0.2204,Low
4881-GQJTW,Month-to-month,14,19.6,No,0.2839,Low
8519-QJGJD,Month-to-month,14,75.35,Yes,0.7543,High
7876-DNYAP,Two year,69,19.8,No,0.0058,Low
7905-NJMXS,Month-to-month,7,64.2,No,0.5079,Medium
2882-WDTBA,Two year,69,75.75,No,0.0192,Low
2091-GPPIQ,Two year,72,78.95,No,0.0666,Low
6326-MTTXK,Month-to-month,8,100.85,Yes,0.8657,High
5071-FBJFS,Month-to-month,4,50.3,No,0.4994,Medium
2796-UUZZO,Month-to-month,63,80.3,No,0.2892,Low
2429-AYKKO,Two year,72,19.85,No,0.006,Low
9798-OPFEM,Two year,46,21.1,No,0.0369,Low
0330-IVZHA,Month-to-month,5,69.95,Yes,0.7978,High
3794-NFNCH,Month-to-month,30,50.0,No,0.3897,Medium
5193-QLVZB,Two year,63,104.75,No,0.2645,Low
7114-AEOZE,Two year,60,19.85,No,0.0102,Low
2886-KEFUM,One year,63,107.5,Yes,0.5191,Medium
5522-NYKPB,Month-to-month,25,85.9,No,0.606,High
4237-RLAQD,Month-to-month,1,45.85,Yes,0.6645,High
9957-YODKZ,Month-to-month,6,80.8,No,0.8848,High
6518-KZXCB,Two year,22,25.25,No,0.0767,Low
2245-ADZFJ,Two year,31,80.55,No,0.1083,Low
7776-QGYJC,Month-to-month,39,81.5,No,0.3945,Medium
9313-QOLTZ,Month-to-month,26,20.9,No,0.1803,Low
9651-GTSAQ,One year,53,106.1,Yes,0.314,Medium
3186-BAXNB,Month-to-month,1,91.7,Yes,0.7633,High
4672-FOTSD,Month-to-month,12,67.25,No,0.4778,Medium
0637-YLETY,Month-to-month,16,95.6,Yes,0.7941,High
9818-XQCUV,Month-to-month,2,20.35,No,0.4027,Medium
7338-ERIVA,One year,39,45.05,No,0.1105,Low
1157-BQCUW,Month-to-month,1,74.95,Yes,0.8856,High
8259-NFJTV,Month-to-month,7,34.65,No,0.4348,Medium
3223-DWFIO,Month-to-month,4,69.35,No,0.8383,High
2660-EMUBI,Month-to-month,10,95.35,Yes,0.9199,High
6968-GMKPR,Month-to-month,55,81.55,No,0.5011,Medium
4751-ERMAN,Two year,72,75.4,No,0.0462,Low
1436-ZMJAN,Month-to-month,10,67.8,No,0.7007,High
3292-PBZEJ,Month-to-month,11,111.4,No,0.8657,High
0799-DDIHE,Month-to-month,15,46.3,No,0.4906,Medium
3070-FNFZQ,Two year,23,20.4,No,0.0418,Low
2812-SFXMJ,Month-to-month,1,20.05,No,0.3575,Medium
7675-OZCZG,Month-to-month,3,45.0,Yes,0.7173,High
5014-WUQMG,One year,47,96.1,No,0.2895,Low
5312-TSZVC,One year,15,19.65,No,0.1187,Low
2003-CKLOR,Month-to-month,66,99.5,Yes,0.5573,Medium
0993-OSGPT,One year,68,60.65,No,0.0503,Low
9254-RBFON,One year,17,98.6,Yes,0.44,Medium
1205-WNWPJ,Month-to-month,7,59.5,Yes,0.5858,Medium
9391-EOYLI,Month-to-month,12,80.45,Yes,0.862,High
7108-DGVUU,One year,21,71.7,No,0.3501,Medium
2782-JEEBU,Month-to-month,21,36.0,No,0.4738,Medium
5127-BZENZ,One year,56,65.2,No,0.0762,Low
2720-FVBQP,Month-to-month,6,48.95,No,0.6305,High
9906-NHHVC,Two year,65,53.5,No,0.1127,Low
4522-XRWWI,One year,42,80.45,No,0.1531,Low
3766-EJLFL,Two year,68,109.05,No,0.1311,Low
5939-SXWHM,Two year,48,26.3,No,0.0184,Low
8152-UOBNY,One year,50,106.8,No,0.5516,Medium
7351-KYHQH,Month-to-month,7,64.95,No,0.7521,High
7643-RCHXS,Two year,63,19.35,No,0.0106,Low
8246-SHFGA,Month-to-month,17,21.1,No,0.2535,Low
8387-MOJJT,Month-to-month,42,77.95,Yes,0.5603,Medium
0620-XEFWH,Month-to-month,4,18.85,No,0.3229,Medium
6485-QXWWE,Two year,62,26.0,No,0.0107,Low
2761-OCIAX,Month-to-month,2,74.7,Yes,0.8561,High
7321-VGNKU,Month-to-month,2,70.35,No,0.8481,High
5327-CNLUQ,Two year,48,96.9,No,0.1918,Low
7552-KEYGT,Two year,27,19.55,No,0.0433,Low
5816-JMLGY,Two year,70,80.4,No,0.0377,Low
3068-OMWZA,Month-to-month,1,88.8,Yes,0.9235,High
2927-QRRQV,One year,46,94.65,No,0.5214,Medium
6032-KRXXO,Month-to-month,30,90.25,Yes,0.8108,High
7459-RRWQZ,Month-to-month,15,64.65,Yes,0.5577,Medium
6265-SXWBU,One year,69,95.75,No,0.2066,Low
7941-RCJOW,Two year,65,19.55,No,0.0112,Low
6374-NTQLP,Two year,72,104.1,No,0.1087,Low
4154-AQUGT,Month-to-month,13,89.05,Yes,0.7055,High
2387-KDZQY,One year,17,20.1,No,0.1627,Low
3584-WKTTW,One year,51,111.55,No,0.4393,Medium
3399-BMLVW,Two year,51,60.5,No,0.0177,Low
1971-DTCZB,Two year,72,90.95,No,0.0433,Low
3092-IGHWF,One year,67,87.4,Yes,0.2119,Low
3374-PZLXD,Month-to-month,34,19.7,No,0.1345,Low
3813-DHBBB,Two year,67,50.95,No,0.0295,Low
2812-REYAT,One year,49,20.05,No,0.0398,Low
6518-PPLMZ,Two year,53,19.4,No,0.0151,Low
4939-KYYPY,Month-to-month,27,59.45,No,0.4385,Medium
8017-LXHFA,Month-to-month,23,94.75,Yes,0.8488,High
5930-GBIWP,Two year,69,81.5,No,0.0348,Low
6022-KOUQO,Month-to-month,2,29.05,No,0.5797,Medium
6352-TWCAU,Month-to-month,35,86.45,Yes,0.7877,High
2361-UPSND,One year,46,70.6,No,0.0673,Low
6035-RIIOM,Two year,54,97.2,No,0.2938,Low
2929-QNSRW,One year,56,98.25,Yes,0.5366,Medium
1262-OPMFY,Month-to-month,9,75.75,Yes,0.7463,High
9504-DSHWM,Month-to-month,20,59.2,No,0.3035,Medium
5035-BVCXS,Month-to-month,11,75.9,No,0.7177,High
6267-DCFFZ,Month-to-month,30,90.05,No,0.8116,High
3533-UVMOM,Two year,68,70.95,No,0.0238,Low
2439-LYPMQ,Month-to-month,38,102.6,No,0.8389,High
4248-QPAVC,Month-to-month,17,85.35,Yes,0.7158,High
1899-VXWXM,One year,48,106.1,Yes,0.5183,Medium
1478-VPOAD,Month-to-month,1,43.8,No,0.6954,High
9995-HOTOH,Two year,63,59.0,No,0.0643,Low
2988-PLAHS,One year,3,69.95,No,0.6563,High
1371-OJCEK,One year,48,24.35,No,0.0462,Low
4999-IEZLT,One year,66,29.45,No,0.0522,Low
8883-ANODQ,Two year,68,84.4,No,0.1089,Low
4690-LLKUA,Month-to-month,17,45.05,Yes,0.6528,High
2351-RRBUE,One year,7,20.65,No,0.1563,Low
5980-BDHPY,Two year,72,87.1,No,0.0428,Low
1498-DQNRX,Month-to-month,29,19.85,No,0.1595,Low
9469-WEJBT,Month-to-month,37,90.35,No,0.6488,High
3331-HQDTW,Month-to-month,34,109.8,Yes,0.6829,High
9490-DFPMD,Month-to-month,42,84.65,Yes,0.7899,High
2581-VKIRT,One year,59,65.5,No,0.0348,Low
5442-XSDCW,Month-to-month,11,79.5,Yes,0.7402,High
7426-WEIJX,Month-to-month,60,80.95,No,0.4506,Medium
2851-MMUTZ,Month-to-month,27,56.15,No,0.3009,Medium
3049-NDXFL,Month-to-month,1,85.8,Yes,0.8386,High
8580-AECUZ,Month-to-month,1,79.1,Yes,0.9034,High
3307-TLCUD,Month-to-month,17,34.4,No,0.4802,Medium
6625-FLENO,Two year,58,20.75,No,0.0114,Low
2967-MXRAV,One year,1,18.8,No,0.199,Low
7963-GQRMY,Month-to-month,3,44.3,Yes,0.5297,Medium
8189-HBVRW,Month-to-month,53,90.8,No,0.4497,Medium
4163-KIUHY,Month-to-month,35,25.6,No,0.2687,Low
1228-FZFRV,Month-to-month,50,105.95,Yes,0.5169,Medium
3500-NSDOA,Two year,68,70.8,No,0.0285,Low
1171-TYKUR,Month-to-month,47,25.4,No,0.1369,Low
3761-FLYZI,Month-to-month,65,108.8,No,0.6437,High
2058-DCJBE,Month-to-month,5,69.75,Yes,0.8397,High
5364-XYIRR,Month-to-month,51,94.65,Yes,0.7613,High
4829-AUOAX,Month-to-month,46,96.05,Yes,0.6603,High
1219-NNDDO,Month-to-month,9,76.85,No,0.8552,High
8388-DMKAE,Two year,8,20.25,No,0.107,Low
4403-BWPAY,One year,14,24.8,No,0.2316,Low
9659-QEQSY,Month-to-month,45,115.65,No,0.6381,High
5405-ZMYXQ,Month-to-month,8,74.6,No,0.8165,High
5047-LHVLY,Month-to-month,1,50.15,Yes,0.6601,High
1442-OKRJE,One year,66,103.15,No,0.2138,Low
4737-AQCPU,Two year,72,72.1,No,0.0126,Low
9158-VCTQB,Month-to-month,41,113.6,Yes,0.5534,Medium
2808-CHTDM,Two year,23,25.1,No,0.0584,Low
6311-UEUME,Month-to-month,29,78.9,Yes,0.774,High
0793-TWELN,Month-to-month,4,80.15,No,0.8231,High
3283-WCWXT,Two year,6,25.4,No,0.114,Low
1060-ENTOF,One year,67,105.4,No,0.2263,Low
0999-QXNSA,Month-to-month,7,45.75,No,0.6069,High
5451-MHQOF,One year,56,24.45,No,0.0348,Low
4836-WNFNO,Two year,72,25.0,No,0.009,Low
9225-BZLNZ,Two year,72,85.25,No,0.0832,Low
0354-VXMJC,Two year,23,19.6,No,0.0442,Low
4422-QVIJA,Month-to-month,35,50.15,No,0.3037,Medium
9365-SRSZE,Month-to-month,27,70.55,No,0.7538,High
6839-ITVZJ,Month-to-month,26,60.05,Yes,0.4051,Medium
8332-OSJDW,One year,12,26.4,No,0.1596,Low
4735-BJKOU,Two year,40,20.15,No,0.027,Low
0274-JKUJR,Month-to-month,7,58.85,No,0.6044,High
5740-YHGTW,Month-to-month,70,97.55,No,0.3185,Medium
8917-SZTTJ,Two year,60,19.65,No,0.0084,Low
1696-MZVAU,One year,39,25.25,No,0.1929,Low
7359-WWYJV,Two year,72,114.45,No,0.1163,Low
0375-HVGXO,Month-to-month,1,34.7,Yes,0.8707,High
4906-ZHGPK,One year,54,70.7,No,0.1388,Low
8593-WHYHV,Month-to-month,3,85.3,Yes,0.9002,High
3795-GWTRD,Two year,63,75.55,No,0.0184,Low
1298-PHBTI,Two year,71,84.8,No,0.0992,Low
6223-DHJGV,One year,42,20.65,No,0.0612,Low
6961-MJKBO,Two year,47,20.45,No,0.0183,Low
6097-EQISJ,One year,66,102.45,Yes,0.3468,Medium
4423-YLHDV,Month-to-month,21,104.4,Yes,0.7617,High
8158-WPEZG,Month-to-month,11,35.65,No,0.6615,High
0107-YHINA,Month-to-month,1,99.75,Yes,0.9051,High
4918-FYJNT,Month-to-month,55,90.45,No,0.4859,Medium
0727-BNRLG,Two year,69,97.65,No,0.1458,Low
4854-CIDCF,Month-to-month,3,73.85,No,0.8444,High
8640-SDGKB,Month-to-month,4,74.4,Yes,0.7339,High
3280-MRDOF,Two year,30,69.1,No,0.2016,Low
6435-SRWBJ,Month-to-month,5,82.75,No,0.8299,High
9964-WBQDJ,Two year,71,24.4,No,0.0119,Low
6303-KFWSL,One year,29,55.25,No,0.3378,Medium
1702-CCFNJ,Month-to-month,52,61.35,No,0.1457,Low
8932-CZHRQ,One year,68,76.75,No,0.0717,Low
0386-CWRGM,Two year,46,19.4,No,0.0162,Low
5515-RUGKN,Month-to-month,8,54.75,No,0.662,High
0404-AHASP,Two year,72,19.7,No,0.0062,Low
7279-NMVJC,One year,17,19.9,No,0.1273,Low
2081-VEYEH,Month-to-month,3,107.95,No,0.8257,High
6407-UTSLV,Month-to-month,2,83.8,No,0.8354,High
4116-TZAQJ,Month-to-month,9,74.25,Yes,0.687,High
9060-HJJRW,One year,51,56.4,No,0.2655,Low
2587-YNLES,Two year,6,20.1,No,0.0908,Low
7398-SKNQZ,Month-to-month,3,94.9,No,0.8959,High
5935-FCCNB,Month-to-month,17,94.2,No,0.9091,High
1958-RNRKS,Month-to-month,30,49.9,No,0.4765,Medium
5136-RGMZO,Month-to-month,31,71.05,No,0.493,Medium
8345-MVDYC,Two year,45,81.65,No,0.0588,Low
8226-BXGES,One year,64,89.45,No,0.1437,Low
3877-JRJIP,Month-to-month,1,59.85,Yes,0.8232,High
8375-DKEBR,Month-to-month,1,69.6,Yes,0.882,High
9705-IOVQQ,One year,61,99.0,No,0.428,Medium
1015-OWJKI,Month-to-month,1,19.05,No,0.4155,Medium
7511-YMXVQ,Month-to-month,9,45.4,Yes,0.8567,High
2040-XBAVJ,Two year,72,114.45,No,0.0831,Low
7551-JOHTI,Month-to-month,1,19.5,Yes,0.4167,Medium
8887-IPQNC,Month-to-month,7,44.25,No,0.6103,High
8646-JCOMS,One year,66,90.55,No,0.1857,Low
9804-ICWBG,Month-to-month,1,69.9,Yes,0.8569,High
1222-KJNZD,Month-to-month,40,20.4,No,0.0972,Low
0106-GHRQR,Month-to-month,16,71.4,No,0.6061,High
5318-IXUZF,Month-to-month,2,87.15,Yes,0.7974,High
3768-VHXQO,Two year,67,24.85,No,0.0106,Low
8952-WCVCD,One year,41,104.45,No,0.3611,Medium
2418-TPEUN,Two year,56,19.8,No,0.0133,Low
3963-RYFNS,Two year,72,116.45,No,0.1276,Low
3198-VELRD,Month-to-month,3,84.75,Yes,0.8239,High
8540-ZQGEA,Two year,54,20.05,No,0.0142,Low
1320-REHCS,Month-to-month,52,110.75,No,0.7349,High
4137-JOPHL,Two year,50,89.7,No,0.1649,Low
9436-ZBZCT,Month-to-month,14,89.95,Yes,0.8197,High
7801-CEDNV,One year,27,48.7,No,0.1492,Low
2057-BOYKM,Two year,72,96.6,No,0.0752,Low
3658-QQJYD,One year,62,74.3,No,0.1068,Low
1803-BGNBD,Month-to-month,12,54.3,No,0.5243,Medium
0134-XWXCE,One year,44,74.85,No,0.185,Low
6950-TWMYB,Two year,54,79.95,No,0.0769,Low
5848-FHRFC,Two year,68,20.05,No,0.0073,Low
2243-FNMMI,Month-to-month,20,19.4,No,0.2295,Low
2511-MORQY,One year,50,54.9,No,0.0963,Low
5356-KZCKT,Two year,58,24.45,No,0.0221,Low
9470-XCCEM,Month-to-month,35,89.65,No,0.6218,High
6519-CFDBX,Month-to-month,2,45.4,No,0.7339,High
3902-MIVLE,Two year,63,75.7,No,0.027,Low
0409-WTMPL,One year,58,110.65,No,0.3774,Medium
8763-KIAFH,One year,27,20.55,No,0.0887,Low
3669-WHAFY,Two year,71,115.15,No,0.1419,Low
3055-VTCGS,One year,63,58.55,No,0.0878,Low
3144-KMTWZ,Month-to-month,71,93.25,No,0.4557,Medium
7279-BUYWN,Month-to-month,41,113.2,Yes,0.7698,High
7156-MHUGY,Month-to-month,13,90.5,Yes,0.8919,High
7198-GLXTC,Month-to-month,2,79.0,Yes,0.851,High
2007-QVGAW,Two year,68,19.35,No,0.0071,Low
5207-PLSTK,Month-to-month,1,48.75,No,0.5054,Medium
2307-FYNNL,Two year,65,109.05,No,0.274,Low
5605-XNWEN,Two year,72,25.0,No,0.0129,Low
2155-AMQRX,Month-to-month,28,54.9,No,0.4019,Medium
6181-AXXYF,Two year,72,24.75,No,0.0071,Low
5091-HFAZW,Month-to-month,2,91.15,No,0.7963,High
0516-VRYBW,One year,18,20.15,Yes,0.1006,Low
2519-LBNQL,One year,60,104.35,No,0.5821,Medium
8623-ULFNQ,Month-to-month,26,66.05,No,0.6178,High
8380-PEFPE,Month-to-month,1,71.65,Yes,0.8225,High
5687-DKDTV,Month-to-month,4,20.35,Yes,0.3804,Medium
1568-LJSZU,Two year,68,92.2,No,0.0431,Low
7530-HDYDS,Month-to-month,38,84.25,Yes,0.4624,Medium
7789-HKSBS,One year,42,105.2,No,0.5331,Medium
7416-CKTEP,Two year,57,19.6,No,0.0148,Low
2586-CWXVV,Month-to-month,54,30.4,No,0.2483,Low
3096-IZETN,Month-to-month,12,78.1,Yes,0.7401,High
2348-KCJLT,One year,44,61.5,No,0.0953,Low
8401-EMUWF,Month-to-month,42,69.4,No,0.2602,Low
4193-IBKSW,Two year,72,24.75,No,0.0065,Low
5377-NDTOU,Two year,71,91.05,No,0.0287,Low
5922-ABDVO,Month-to-month,19,89.65,Yes,0.7592,High
2474-LCNUE,Month-to-month,23,73.65,No,0.5776,Medium
0839-QNXME,Two year,30,19.4,No,0.0427,Low
3506-OVLKD,One year,35,26.2,No,0.0793,Low
9172-ANCRX,Month-to-month,10,98.7,Yes,0.8658,High
6650-VJONK,Month-to-month,1,43.85,No,0.6588,High
2178-PMGCJ,Month-to-month,22,69.7,No,0.6783,High
7492-TAFJD,Two year,7,38.55,No,0.1804,Low
2773-MADBQ,Two year,36,53.1,No,0.0999,Low
6016-LVTJQ,Month-to-month,34,20.65,No,0.1071,Low
7860-KSUGX,Two year,72,64.45,No,0.0178,Low
8966-KZXXA,Two year,36,25.1,No,0.0337,Low
6910-HADCM,Month-to-month,1,76.35,Yes,0.8199,High
4816-LXZYW,Month-to-month,23,79.15,Yes,0.766,High
9606-PBKBQ,Month-to-month,32,85.0,Yes,0.8213,High
5149-QYTTU,One year,71,95.15,No,0.1048,Low
2070-XYMFH,Month-to-month,23,79.35,No,0.7786,High
2085-BOJKI,One year,17,96.65,No,0.6319,High
0817-HSUSE,Month-to-month,1,75.5,No,0.7484,High
5442-PPTJY,Two year,12,19.7,No,0.0709,Low
1927-QEWMY,Two year,72,20.5,No,0.0063,Low
1663-MHLHE,Month-to-month,1,19.2,No,0.4149,Medium
5663-QBGIS,Two year,72,98.35,No,0.1922,Low
4450-MDZFX,Month-to-month,60,74.35,No,0.3268,Medium
6701-DHKWQ,Two year,61,51.35,No,0.0379,Low
7554-AKDQF,Month-to-month,6,45.65,No,0.5556,Medium
3536-IQCTX,Month-to-month,32,85.3,Yes,0.7806,High
4911-BANWH,Month-to-month,31,86.55,Yes,0.7019,High
8496-EJAUI,Month-to-month,19,73.85,Yes,0.6726,High
0794-YVSGE,Two year,72,20.3,No,0.0045,Low
5423-BHIXO,Month-to-month,32,54.2,No,0.5028,Medium
6908-VVYHM,Month-to-month,65,90.65,No,0.5774,Medium
2959-EEXWB,Month-to-month,45,50.9,No,0.3445,Medium
1839-UMACK,One year,42,25.05,No,0.0846,Low
3030-YDNRM,Month-to-month,8,74.85,No,0.861,High
7321-KKSDU,Two year,32,20.5,No,0.0307,Low
3402-XRIUO,Month-to-month,22,63.55,No,0.3618,Medium
3132-TVFDZ,Month-to-month,57,44.85,Yes,0.5219,Medium
8286-AFUYI,Month-to-month,1,47.95,No,0.5983,Medium
8080-DDEMJ,Month-to-month,1,45.1,Yes,0.7306,High
8356-WUAOJ,Month-to-month,1,45.0,No,0.7359,High
6365-MTGZX,Month-to-month,24,96.0,Yes,0.7672,High
1349-WXNGG,Month-to-month,1,20.05,Yes,0.3978,Medium
8058-DMYRU,Month-to-month,54,90.05,No,0.7026,High
9350-ZXYJC,Two year,4,25.3,No,0.1966,Low
6990-YNRIO,Two year,65,108.65,Yes,0.1041,Low
8958-JPTRR,One year,56,24.3,No,0.0462,Low
6959-GQEGV,Month-to-month,45,75.95,No,0.4127,Medium
3173-WSSUE,Two year,71,19.7,No,0.0052,Low
1265-HVPZB,One year,59,66.4,No,0.067,Low
4115-UMJFQ,One year,69,35.75,No,0.0717,Low
7369-TRPFD,One year,19,18.8,No,0.1218,Low
1098-KFQEC,Two year,55,19.4,No,0.0108,Low
7190-XHTWJ,One year,38,19.3,No,0.0565,Low
0621-TWIEM,Month-to-month,10,45.55,Yes,0.6632,High
3537-RYBHH,Month-to-month,47,67.45,No,0.2661,Low
2485-ITVKB,Month-to-month,2,35.1,Yes,0.8588,High
3669-OYSJI,Month-to-month,1,46.2,Yes,0.6072,High
1612-EOHDH,Month-to-month,1,45.15,Yes,0.6908,High
6702-OHFWR,Month-to-month,1,43.3,Yes,0.8713,High
5296-BFCYD,Two year,46,20.1,No,0.0203,Low
4510-PYUSH,Month-to-month,38,57.15,Yes,0.2636,Low
9359-JANWS,Two year,65,58.9,No,0.0165,Low
7517-SAWMO,Month-to-month,19,73.2,Yes,0.6918,High
4143-HHPMK,Month-to-month,52,85.35,Yes,0.5837,Medium
3279-DYZQM,Two year,71,19.45,No,0.0051,Low
7054-LGEQW,Month-to-month,1,45.95,Yes,0.6077,High
0523-VNGTF,Month-to-month,52,50.5,No,0.3975,Medium
9575-IWCAZ,One year,6,25.1,No,0.2418,Low
7105-MXJLL,One year,26,60.7,No,0.3015,Medium
7064-FRRSW,One year,48,99.0,No,0.6388,High
7940-UQQUG,One year,64,104.4,No,0.2269,Low
0923-PNFUB,Month-to-month,3,83.75,Yes,0.8243,High
3961-SXAXY,Month-to-month,1,44.05,No,0.6581,High
7010-BRBUU,Two year,72,24.1,No,0.0069,Low
3566-HJGPK,Month-to-month,1,45.55,No,0.6656,High
3062-ICYZQ,Month-to-month,51,93.8,No,0.5097,Medium
9938-PRCVK,Two year,41,19.7,No,0.0188,Low
0973-KYVNF,Two year,72,70.65,No,0.0238,Low
5129-HHMZC,Two year,43,86.45,No,0.071,Low
9637-CDTKZ,Two year,72,114.1,No,0.1367,Low
3946-JEWRQ,One year,47,95.2,No,0.5399,Medium
7873-CVMAW,Two year,72,88.55,No,0.0375,Low
0463-WZZKO,Month-to-month,3,20.75,No,0.4531,Medium
3494-JCHRQ,Month-to-month,1,70.05,Yes,0.8566,High
6474-FVJLC,Month-to-month,2,86.0,Yes,0.9014,High
4524-QCSSM,Month-to-month,26,44.65,No,0.4683,Medium
5832-EXGTT,Month-to-month,29,60.2,No,0.3219,Medium
8840-DQLGN,Month-to-month,35,100.5,Yes,0.5602,Medium
2039-JONDJ,One year,27,55.45,No,0.1216,Low
7217-JYHOQ,Month-to-month,24,70.3,No,0.2517,Low
6695-FRVEC,Two year,67,60.4,No,0.0141,Low
4547-LYTDD,Month-to-month,16,72.65,Yes,0.7977,High
9894-QMIMJ,One year,23,55.8,No,0.2002,Low
8069-YQQAJ,Month-to-month,14,31.1,No,0.6325,High
6770-XUAGN,Month-to-month,1,21.0,Yes,0.4957,Medium
4193-ORFCL,Month-to-month,1,45.1,Yes,0.6584,High
1636-NTNCO,Month-to-month,4,50.95,No,0.8394,High
3466-WAESX,Month-to-month,16,69.1,No,0.5484,Medium
9281-PKKZE,Month-to-month,46,43.95,No,0.5793,Medium
3638-VBZTA,Two year,68,86.5,No,0.0373,Low
7459-IMVYU,Month-to-month,38,69.95,No,0.2392,Low
7776-QWNFX,Month-to-month,30,50.4,Yes,0.3837,Medium
6689-TCZHQ,Month-to-month,5,78.95,Yes,0.8646,High
8563-OYMQY,Month-to-month,17,90.95,No,0.7389,High
0754-EEBDC,Two year,4,19.9,No,0.0983,Low
5777-ZPQNC,One year,12,20.15,No,0.2177,Low
1951-IEYXM,Two year,72,90.6,No,0.0367,Low
3318-NMQXL,Month-to-month,3,92.0,No,0.895,High
3143-ILDAL,Month-to-month,56,94.45,Yes,0.5561,Medium
1022-RKXDR,One year,41,24.85,No,0.0824,Low
2361-FJWNO,One year,40,36.0,No,0.1251,Low
2272-UOINI,Month-to-month,7,78.5,No,0.5864,Medium
8232-UTFOZ,Two year,69,19.95,No,0.0074,Low
3750-YHRYO,One year,7,20.65,No,0.1553,Low
6637-KYRCV,Month-to-month,5,30.5,No,0.7396,High
5668-MEISB,Two year,72,106.1,No,0.0645,Low
0129-QMPDR,One year,44,20.5,No,0.0395,Low
7188-CBBBA,One year,65,95.5,No,0.4114,Medium
5356-CSVSQ,Month-to-month,3,64.6,No,0.6981,High
3221-CJMSG,Month-to-month,24,51.1,No,0.3674,Medium
4720-VSTSI,Month-to-month,44,84.8,Yes,0.5663,Medium
3219-JQRSL,Two year,72,89.1,No,0.0441,Low
2801-NISEI,Month-to-month,24,54.95,No,0.2995,Low
3946-MHCZW,Month-to-month,1,50.9,Yes,0.6034,High
4623-ZKHLY,Month-to-month,22,20.45,No,0.2397,Low
6732-VAILE,Two year,70,85.95,No,0.0534,Low
8201-AAXCB,Month-to-month,25,60.35,No,0.5351,Medium
7696-CFTAT,Two year,37,19.8,No,0.0222,Low
1845-CSBRZ,Month-to-month,22,85.35,No,0.727,High
2123-VSCOT,Two year,59,72.1,No,0.0533,Low
6651-AZVTJ,Month-to-month,49,99.8,Yes,0.7385,High
4566-GOLUK,Month-to-month,47,107.35,Yes,0.5904,Medium
2484-DGXPZ,Month-to-month,31,19.55,Yes,0.1533,Low
2018-QKYGT,Month-to-month,1,81.05,No,0.8479,High
2792-VPPET,Month-to-month,3,20.5,No,0.5395,Medium
7409-JURKQ,One year,53,111.8,No,0.3812,Medium
3247-MHJKM,Month-to-month,1,20.2,No,0.4111,Medium
1964-SVLEA,One year,20,19.7,No,0.1483,Low
4587-NUKOX,Month-to-month,3,79.1,Yes,0.7578,High
7297-DVYGA,One year,51,19.85,No,0.0383,Low
2239-CGBUZ,One year,51,60.5,No,0.0513,Low
0854-UYHZD,Two year,13,19.55,No,0.0686,Low
7243-LCGGZ,Month-to-month,1,20.9,No,0.4113,Medium
8267-KFGYD,Month-to-month,1,21.05,No,0.4144,Medium
4890-VMUAV,One year,63,71.5,No,0.0609,Low
9261-WDCAF,Month-to-month,3,54.65,No,0.644,High
3764-MNMOI,Two year,46,19.2,No,0.0209,Low
7442-YGZFK,Month-to-month,1,49.8,No,0.7253,High
0420-BWTPW,Month-to-month,8,25.5,Yes,0.6244,High
8229-BUJHX,Two year,71,20.5,No,0.0049,Low
7449-HVPIV,Month-to-month,55,90.4,No,0.5578,Medium
5504-WSIUR,One year,70,90.25,No,0.1719,Low
8183-ONMXC,Month-to-month,2,80.75,Yes,0.8475,High
8466-PZBLH,Two year,67,104.6,No,0.0932,Low
9614-RMGHA,Month-to-month,65,91.85,Yes,0.4749,Medium
8735-IJJEG,Month-to-month,14,50.2,No,0.477,Medium
0564-MUUQK,Month-to-month,20,95.5,No,0.6696,High
5054-IEXZT,Month-to-month,1,75.35,Yes,0.7968,High
5834-ASPWA,Month-to-month,1,75.45,Yes,0.8848,High
0701-RFGFI,Month-to-month,49,95.4,No,0.6384,High
0019-EFAEP,Two year,72,101.3,No,0.1254,Low
5619-PTMIK,Month-to-month,46,53.1,No,0.2634,Low
3737-XBQDD,Month-to-month,24,84.85,No,0.6882,High
5882-CMAZQ,Month-to-month,5,34.25,No,0.6031,High
5846-QFDFI,Month-to-month,33,88.6,No,0.4374,Medium
4445-KWOKW,One year,42,60.15,No,0.1232,Low
3511-APPBJ,One year,23,99.95,No,0.5319,Medium
7967-HYCDE,Month-to-month,8,70.7,No,0.7071,High
2430-RRYUW,One year,66,54.8,No,0.0425,Low
3948-XHGNA,Month-to-month,24,49.55,Yes,0.3437,Medium
3723-BFBGR,Month-to-month,24,54.8,No,0.4719,Medium
0565-IYCGT,One year,69,78.6,Yes,0.0653,Low
5447-WZAFP,One year,53,100.3,No,0.4024,Medium
5110-CHOPY,Two year,60,53.6,No,0.102,Low
5445-UTODQ,Month-to-month,7,81.1,Yes,0.8581,High
4425-OWHWB,One year,20,19.35,No,0.1529,Low
7892-QVYKW,Month-to-month,23,85.6,No,0.7484,High
9675-ICXCT,Two year,72,80.8,No,0.0397,Low
1024-VRZHF,Month-to-month,11,74.95,Yes,0.8453,High
4703-MQYKT,Two year,21,19.6,No,0.0613,Low
9497-QCMMS,Month-to-month,1,93.55,Yes,0.9379,High
5692-ICXLW,Month-to-month,31,90.7,No,0.815,High
0602-DDUML,Two year,57,69.75,No,0.0394,Low
2208-MPXIO,Two year,45,20.0,No,0.0201,Low
1960-UYCNN,Month-to-month,10,95.25,No,0.8638,High
0348-SDKOL,Month-to-month,58,102.1,Yes,0.5998,Medium
3190-FZATL,Month-to-month,14,19.95,No,0.2347,Low
7336-RLLRH,One year,27,80.85,No,0.218,Low
4373-MAVJG,Month-to-month,14,90.9,Yes,0.7386,High
8901-HJXTF,Month-to-month,12,29.2,Yes,0.5338,Medium
7710-JSYOA,Two year,69,93.3,No,0.0995,Low
5419-KLXBN,Month-to-month,25,89.15,Yes,0.6277,High
3424-NMNBO,One year,58,108.85,Yes,0.4994,Medium
9885-MFVSU,Two year,35,46.35,No,0.0908,Low
4514-GFCFI,Month-to-month,16,84.75,Yes,0.8876,High
0607-MVMGC,One year,45,78.75,No,0.2002,Low
3365-SAIGS,Month-to-month,17,83.55,No,0.7988,High
9828-AOQLM,Month-to-month,1,45.7,Yes,0.6867,High
8022-BECSI,One year,22,19.6,No,0.1088,Low
8000-REIQB,Month-to-month,1,69.95,Yes,0.8814,High
9993-LHIEB,Two year,67,67.85,No,0.0178,Low
0266-CLZKZ,Two year,67,105.65,No,0.1615,Low
7615-ESMYF,Month-to-month,2,44.6,Yes,0.857,High
3858-VOBET,Month-to-month,23,74.95,Yes,0.7956,High
7020-OZKXZ,Month-to-month,9,75.5,No,0.7569,High
3977-QCRSL,Month-to-month,5,20.15,No,0.3717,Medium
0017-DINOC,Two year,54,45.2,No,0.0455,Low
1447-PJGGA,Two year,57,95.25,Yes,0.342,Medium
8565-CLBZW,Month-to-month,24,89.85,Yes,0.7849,High
9139-WQQDY,One year,49,100.45,Yes,0.3725,Medium
0224-HJAPT,Month-to-month,5,47.15,Yes,0.719,High
8086-OVPWV,Month-to-month,2,80.2,Yes,0.8781,High
9430-FRQOC,Month-to-month,4,87.1,Yes,0.7236,High
7639-OPLNG,Two year,70,79.25,No,0.0263,Low
3074-GQWYX,Month-to-month,5,75.9,Yes,0.8163,High
1492-QGCLU,Month-to-month,53,85.7,No,0.2583,Low
6845-RGTYS,Month-to-month,47,98.75,Yes,0.6174,High
7328-OWMOM,One year,31,20.1,No,0.0612,Low
4418-LZMSV,Month-to-month,13,61.8,No,0.2844,Low
5155-AZQPB,Month-to-month,28,49.9,No,0.361,Medium
8861-HGGKB,Month-to-month,10,86.45,Yes,0.8494,High
1087-GRUYI,Two year,38,20.4,No,0.0263,Low
7065-YUNRY,Month-to-month,1,45.3,Yes,0.6691,High
7694-VLBWQ,One year,67,104.1,Yes,0.4264,Medium
2546-KZAAT,One year,52,75.4,No,0.1296,Low
0181-RITDD,Two year,62,108.15,No,0.0825,Low
5989-PGKJB,Month-to-month,16,86.25,No,0.798,High
4795-KTRTH,Month-to-month,5,81.0,Yes,0.8693,High
8272-ONJLV,One year,12,95.7,No,0.71,High
1488-PBLJN,Two year,72,116.85,No,0.1119,Low
0308-GIQJT,One year,71,105.75,No,0.272,Low
3778-FOAQW,One year,24,20.15,No,0.097,Low
4452-ROHMO,Two year,15,19.6,No,0.0812,Low
6481-OGDOO,One year,67,90.6,Yes,0.1722,Low
3090-LETTY,Month-to-month,2,60.95,No,0.4375,Medium
5349-AZPEW,Month-to-month,5,25.05,No,0.6501,High
3753-TSEMP,Month-to-month,15,88.15,Yes,0.8333,High
8305-VHZBZ,Month-to-month,1,20.2,Yes,0.4742,Medium
9720-JJJOR,One year,41,60.3,No,0.0807,Low
8100-HZZLJ,Month-to-month,43,63.95,No,0.2718,Low
8775-ERLNB,Month-to-month,1,74.3,No,0.8774,High
8309-IEYJD,Month-to-month,1,70.6,No,0.8378,High
9172-JITSM,Month-to-month,26,90.8,Yes,0.7843,High
6298-QDFNH,Month-to-month,22,79.35,Yes,0.7749,High
7398-HPYZQ,Two year,71,90.55,No,0.0348,Low
3546-GHEAE,Two year,7,19.45,No,0.1118,Low
7361-YPXFS,Month-to-month,28,64.45,No,0.3513,Medium
6557-BZXLQ,Month-to-month,16,69.65,No,0.775,High
2550-QHZGP,One year,7,19.5,No,0.1956,Low
7519-JTWQH,Two year,69,110.5,No,0.1865,Low
2538-OIMXF,Month-to-month,1,24.7,No,0.6984,High
8543-MSDMF,Month-to-month,3,77.4,No,0.7212,High
9961-JBNMK,Month-to-month,21,96.8,Yes,0.815,High
1170-SASML,Month-to-month,69,85.4,No,0.3724,Medium
4872-JCVCA,Two year,71,47.6,No,0.0185,Low
5346-BZCHP,Two year,69,19.4,No,0.0056,Low
2038-LLMLM,Month-to-month,48,103.85,No,0.7338,High
6173-ITPWD,Month-to-month,47,83.35,Yes,0.5353,Medium
9734-UYXQI,Month-to-month,2,49.4,Yes,0.7847,High
1216-BGTSP,Month-to-month,45,108.45,No,0.598,Medium
4138-NAXED,Month-to-month,51,81.0,No,0.423,Medium
2189-UXTKY,Month-to-month,22,79.2,Yes,0.5724,Medium
0744-BIKKF,Two year,72,86.65,No,0.0349,Low
7483-IQWIB,Month-to-month,37,92.95,No,0.7095,High
5248-KWLAR,Two year,71,90.35,No,0.0408,Low
4958-GZWIY,Month-to-month,7,48.7,Yes,0.5776,Medium
7996-MHXLW,Two year,66,25.15,No,0.0155,Low
7833-PKIHD,One year,51,76.4,No,0.0888,Low
7061-OVMIM,One year,30,19.55,No,0.0588,Low
5153-RTHKF,Month-to-month,34,85.35,No,0.7481,High
1852-QSWCD,Two year,64,24.8,No,0.0123,Low
4832-VRBMR,One year,65,103.15,No,0.4514,Medium
9079-LWTFD,Month-to-month,47,100.75,No,0.3818,Medium
6356-ELRKD,Month-to-month,1,95.6,Yes,0.8586,High
8624-GIOUT,Month-to-month,49,59.75,Yes,0.2113,Low
3392-EHMNK,Two year,67,94.1,No,0.0904,Low
5986-WWXDV,One year,39,19.35,No,0.0408,Low
3061-BCKYI,Month-to-month,14,19.9,No,0.2793,Low
6179-GJPSO,Month-to-month,43,108.15,Yes,0.5266,Medium
7901-TBKJX,Month-to-month,56,101.05,No,0.7899,High
7228-PAQPD,One year,14,59.1,No,0.2778,Low
3177-LASXD,Month-to-month,1,71.35,Yes,0.8209,High
7746-QYVCO,One year,16,55.85,No,0.1765,Low
5804-HYIEZ,Month-to-month,70,106.05,No,0.5124,Medium
9919-FZDED,Two year,72,84.1,No,0.0729,Low
5934-TSSAU,Month-to-month,23,75.3,No,0.6208,High
3486-KHMLI,Month-to-month,21,24.7,No,0.2268,Low
4897-QSUYC,Month-to-month,1,20.15,Yes,0.4773,Medium
1084-UQCHV,Month-to-month,1,69.75,Yes,0.7102,High
8290-YWKHZ,Month-to-month,32,93.2,Yes,0.8663,High
2955-BJZHG,Month-to-month,17,80.85,Yes,0.7341,High
3806-DXQOM,Month-to-month,4,33.65,Yes,0.7218,High
6784-XYJAE,One year,36,55.8,No,0.2633,Low
3933-DQPWX,Two year,50,39.7,No,0.0496,Low
6661-EIPZC,Month-to-month,48,29.5,No,0.2075,Low
8957-THMOA,Two year,50,20.15,No,0.0138,Low
2251-PYLPB,Two year,72,79.55,No,0.0248,Low
5555-RNPGT,Month-to-month,10,24.8,No,0.3279,Medium
1057-FOGLZ,Month-to-month,18,19.65,No,0.2483,Low
9300-RENDD,Month-to-month,1,79.95,Yes,0.8826,High
0761-AETCS,Month-to-month,1,19.3,Yes,0.5051,Medium
8087-LGYHQ,Month-to-month,9,94.05,No,0.883,High
4137-BTIKL,Month-to-month,2,90.75,No,0.7649,High
2190-BCXEC,Month-to-month,40,78.85,No,0.5331,Medium
6227-FBDXH,One year,69,99.5,No,0.3363,Medium
2153-MREFK,One year,37,99.2,Yes,0.443,Medium
2911-WDXMV,Month-to-month,18,80.55,No,0.7205,High
7206-PQBBZ,Month-to-month,11,70.2,No,0.8384,High
3106-ULWFW,Month-to-month,8,85.2,Yes,0.8425,High
0925-VYDLG,Month-to-month,3,75.25,Yes,0.8507,High
4547-FZJWE,One year,55,59.45,No,0.0607,Low
7422-WNBTY,Month-to-month,33,93.35,No,0.7717,High
0842-IWYCP,Month-to-month,46,44.95,No,0.2083,Low
3521-HTQTV,Two year,34,26.1,No,0.0447,Low
3744-ZBHON,Month-to-month,3,20.2,No,0.479,Medium
3373-DIUUN,Two year,30,21.25,No,0.0324,Low
8383-SGHJU,One year,33,59.4,No,0.1597,Low
7607-QKKTJ,One year,45,95.0,No,0.3922,Medium
7707-PYBBH,Month-to-month,40,61.9,No,0.1626,Low
8984-HPEMB,Two year,71,118.65,No,0.2023,Low
4349-GFQHK,Month-to-month,1,54.35,Yes,0.7418,High
4139-DETXS,Two year,72,64.45,No,0.0238,Low
9779-DPNEJ,Month-to-month,22,80.15,No,0.7555,High
9805-FILKB,One year,46,20.2,No,0.0358,Low
5793-YOLJN,Two year,55,21.0,No,0.0107,Low
0673-IGUQO,Month-to-month,1,20.45,No,0.4101,Medium
4123-FCVCB,One year,12,75.85,No,0.4661,Medium
8819-IMISP,Month-to-month,31,80.45,No,0.7201,High
7802-EFKNY,Month-to-month,5,24.95,Yes,0.8086,High
8311-UEUAB,Two year,67,75.5,No,0.0835,Low
5858-EAFCZ,Month-to-month,1,44.45,No,0.6105,High
8035-BUYVG,One year,40,42.35,Yes,0.2027,Low
1163-ONYEY,Month-to-month,41,74.55,No,0.2803,Low
9787-XVQIU,Month-to-month,1,75.3,Yes,0.885,High
8945-MUQUF,One year,51,94.8,Yes,0.3974,Medium
5656-MJEFC,Two year,42,48.15,No,0.058,Low
6082-OQFBA,One year,23,19.65,No,0.0818,Low
8051-HJRLT,Month-to-month,1,70.55,Yes,0.8804,High
8974-OVACP,Month-to-month,1,20.15,No,0.4141,Medium
4010-YLMVT,Month-to-month,56,106.6,No,0.5626,Medium
1379-FRVEB,Month-to-month,15,91.0,No,0.8151,High
8612-GXIDD,Two year,12,25.4,No,0.1076,Low
6288-CHQJB,Two year,54,69.95,No,0.0258,Low
8160-HOWOX,Month-to-month,7,66.85,No,0.7811,High
3023-GFLBR,Month-to-month,33,86.15,Yes,0.6141,High
6648-INWPS,Month-to-month,16,20.15,No,0.2785,Low
4223-BKEOR,One year,21,64.85,No,0.1874,Low
4079-VTGLK,Two year,30,74.85,No,0.3273,Medium
1763-WQFUK,Month-to-month,3,50.5,No,0.5562,Medium
1391-UBDAR,Month-to-month,11,72.9,No,0.7768,High
8894-JVDCV,One year,62,115.05,No,0.2923,Low
2023-VQFDL,Month-to-month,18,19.0,No,0.3172,Medium
1345-GKDZZ,Month-to-month,6,19.55,No,0.3091,Medium
2014-MKGMH,One year,46,101.1,No,0.6474,High
5628-FCGYG,Month-to-month,21,84.1,No,0.8446,High
2560-WBWXF,Two year,68,24.15,No,0.0125,Low
0248-IPDFW,Month-to-month,1,50.1,No,0.7889,High
7978-DKUQH,Month-to-month,25,74.6,No,0.7303,High
4335-UPJSI,Two year,24,19.75,No,0.0442,Low
0524-IAVZO,Month-to-month,30,85.0,Yes,0.8068,High
2737-YNGYW,Month-to-month,2,80.55,Yes,0.8488,High
1784-EZDKJ,One year,51,106.8,No,0.4778,Medium
9297-FVVDH,Two year,57,84.5,No,0.0857,Low
8007-YYPWD,Two year,15,25.05,No,0.0975,Low
7101-HRBLJ,Two year,72,83.7,No,0.0255,Low
5159-YFPKQ,Month-to-month,2,75.8,Yes,0.8523,High
6635-CPNUN,Month-to-month,28,96.6,No,0.6751,High
4021-RQSNY,Month-to-month,29,98.5,Yes,0.8825,High
5453-YBTWV,Two year,70,101.1,No,0.0595,Low
5039-LZRQT,One year,13,20.2,No,0.1569,Low
2931-VUVJN,One year,59,94.05,No,0.2529,Low
9061-TIHDA,Month-to-month,13,95.25,Yes,0.9122,High
8699-ASUFO,Month-to-month,7,74.4,Yes,0.8434,High
6418-PIQSP,Two year,62,81.0,No,0.0375,Low
8220-OCUFY,One year,21,60.25,No,0.222,Low
3995-WFCSM,Month-to-month,2,60.85,No,0.7234,High
1895-QTKDO,Month-to-month,1,43.95,No,0.6185,High
2038-OEQZH,Month-to-month,4,86.05,No,0.8359,High
1178-PZGAB,One year,19,20.25,No,0.1251,Low
7927-AUXBZ,Month-to-month,30,85.15,Yes,0.6367,High
2626-VEEWG,Two year,67,19.4,No,0.0079,Low
2878-RMWXY,Two year,72,102.65,No,0.1577,Low
1657-DYMBM,Two year,53,19.9,No,0.0148,Low
7311-MQJCH,One year,5,19.55,No,0.2779,Low
7375-WMVMT,Two year,71,95.5,No,0.1162,Low
1136-XGEQU,One year,50,84.15,No,0.1657,Low
2530-FMFXO,Two year,56,103.2,No,0.2949,Low
6844-DZKRF,Month-to-month,2,50.2,No,0.5708,Medium
4695-WJZUE,Month-to-month,2,88.55,Yes,0.9216,High
7619-ODSGN,Month-to-month,24,54.75,Yes,0.3842,Medium
5970-GHJAW,Two year,46,19.95,No,0.0157,Low
8879-XUAHX,Two year,71,116.25,No,0.2043,Low
3689-MOZGR,Month-to-month,29,31.2,No,0.5192,Medium
4195-PNGZS,Two year,69,24.45,No,0.0075,Low
5003-XZWWO,Two year,71,84.2,No,0.0512,Low
3988-RQIXO,Month-to-month,1,91.3,Yes,0.9188,High
7622-FWGEW,Two year,56,85.65,No,0.0587,Low
6922-NCEDI,One year,56,21.2,No,0.0261,Low
2514-GINMM,Month-to-month,1,79.5,Yes,0.8834,High
9891-NQDBD,One year,28,25.55,No,0.1064,Low
6131-IUNXN,Month-to-month,19,20.2,No,0.192,Low
8548-AWOFC,Month-to-month,66,63.85,No,0.2074,Low
9798-DRYDS,One year,17,61.95,No,0.257,Low
8532-UEFWH,Two year,52,25.75,No,0.0165,Low
6296-DDOOR,One year,19,58.2,No,0.3614,Medium
7951-VRDVK,One year,36,85.85,No,0.1208,Low
5931-FLJJF,Month-to-month,7,70.1,Yes,0.8022,High
4815-YOSUK,One year,72,104.9,No,0.1432,Low
2659-VXMWZ,One year,67,111.3,Yes,0.3505,Medium
0380-NEAVX,One year,34,99.85,No,0.6533,High
3207-OYBWH,Month-to-month,57,95.25,Yes,0.5935,Medium
4285-GYRQC,Month-to-month,7,86.25,Yes,0.8571,High
7216-EWTRS,Month-to-month,1,100.8,Yes,0.9338,High
4365-MSDYN,Month-to-month,8,19.55,No,0.3758,Medium
7036-TYDEC,Two year,69,104.0,No,0.2282,Low
5802-ADBRC,One year,50,104.4,No,0.4399,Medium
8076-FEZKJ,One year,10,19.5,No,0.1763,Low
5197-YPYBZ,Two year,12,25.25,No,0.0914,Low
8337-MSSXB,Month-to-month,14,86.3,Yes,0.8073,High
4312-GVYNH,Two year,70,49.85,No,0.03,Low
8495-LJDFO,Month-to-month,64,108.95,No,0.5342,Medium
0839-JTCUD,Two year,66,89.9,No,0.0348,Low
5494-WOZRZ,Two year,71,82.0,No,0.032,Low
1302-UHBDD,Month-to-month,20,89.95,No,0.8354,High
2234-EOFPT,Two year,72,79.35,No,0.0288,Low
8619-IJNDK,Two year,71,64.05,No,0.0095,Low
8378-LKJAF,Month-to-month,38,101.15,No,0.7299,High
8182-BJDSI,Month-to-month,28,89.95,Yes,0.7991,High
2528-HFYZX,Month-to-month,17,76.45,Yes,0.775,High
1153-GNOLC,One year,33,39.1,No,0.4092,Medium
3298-QEICA,Two year,23,34.6,No,0.0844,Low
0788-DXBFY,One year,58,19.55,No,0.0318,Low
3597-YASZG,Two year,70,104.45,No,0.2043,Low
3496-LFSZU,Month-to-month,4,70.5,No,0.8011,High
5242-UOWHD,Two year,45,20.35,No,0.0165,Low
2482-CZGBB,Month-to-month,10,70.0,Yes,0.8187,High
6479-SZPLM,Two year,36,19.45,No,0.0254,Low
8097-VBQTZ,Month-to-month,54,69.9,No,0.146,Low
4500-HKANN,Two year,23,59.7,No,0.0864,Low
9917-KWRBE,One year,41,78.35,No,0.1505,Low
3420-ZDBMA,Month-to-month,5,71.45,No,0.8165,High
2212-LYASK,One year,27,45.85,No,0.324,Medium
1393-IMKZG,Month-to-month,1,95.85,No,0.8631,High
8069-RHUXK,Two year,67,35.7,No,0.0152,Low
3398-GCPMU,Two year,72,89.55,No,0.0461,Low
2908-WGAXL,Two year,56,24.95,No,0.0186,Low
3378-AJRAO,One year,44,24.85,No,0.0612,Low
1013-QCWAM,Month-to-month,66,100.8,No,0.7117,High
0866-QLSIR,One year,34,64.4,Yes,0.1233,Low
6050-FFXES,Two year,69,105.35,No,0.1635,Low
7181-BQYBV,Month-to-month,1,102.45,Yes,0.8626,High
0362-RAOQO,Two year,40,19.65,No,0.0277,Low
9554-DFKIC,Month-to-month,30,54.45,No,0.2971,Low
5527-ACHSO,Month-to-month,11,70.5,No,0.5475,Medium
0829-DDVLK,One year,15,20.1,No,0.1467,Low
1399-UBQIU,Month-to-month,11,69.35,No,0.7606,High
1813-JLKWR,One year,64,19.8,No,0.0131,Low
0336-PIKEI,Two year,72,74.4,No,0.0199,Low
7322-OCWHC,Two year,72,93.05,No,0.0767,Low
9537-VHDTA,Month-to-month,1,51.2,No,0.4442,Medium
4957-TIALW,One year,15,65.6,No,0.1157,Low
2054-PJOCK,One year,60,80.55,No,0.1458,Low
9150-HEPMB,One year,56,52.7,No,0.0593,Low
9030-QGZNL,Two year,8,20.85,No,0.1058,Low
6204-IEUXJ,Month-to-month,3,80.1,Yes,0.6777,High
3126-WQMGH,Month-to-month,49,52.15,No,0.2957,Low
4529-CKBCL,Month-to-month,2,80.2,Yes,0.8799,High
2506-CLAKW,Month-to-month,6,98.15,Yes,0.6204,High
7176-WRTNX,Two year,70,114.95,No,0.1314,Low
1583-IHQZE,Month-to-month,12,112.95,Yes,0.7828,High
5732-IKGQH,One year,52,104.45,No,0.3129,Medium
9239-GZHZE,Two year,72,113.65,No,0.1401,Low
7205-BAIAD,Two year,40,20.6,No,0.0327,Low
0151-ONTOV,Month-to-month,1,70.9,Yes,0.7643,High
4140-MUHUG,Month-to-month,3,86.85,Yes,0.8939,High
0093-EXYQL,Month-to-month,40,91.55,No,0.7999,High
8064-RAVOH,Month-to-month,1,49.85,No,0.6936,High
0219-QAERP,One year,30,19.8,No,0.076,Low
0320-JDNQG,Month-to-month,23,99.85,Yes,0.6506,High
7180-PISOG,Month-to-month,1,74.5,Yes,0.8566,High
9168-INPSZ,Month-to-month,44,104.15,No,0.732,High
3571-RFHAR,Month-to-month,65,109.15,Yes,0.6159,High
0015-UOCOJ,Month-to-month,7,48.2,No,0.6545,High
5334-AFQJB,Two year,72,25.1,No,0.0142,Low
2754-SDJRD,Month-to-month,8,100.15,No,0.8621,High
9578-VRMNM,Month-to-month,16,65.2,Yes,0.6632,High
1587-FKLZB,Month-to-month,66,99.5,Yes,0.6364,High
6140-QNRQQ,Month-to-month,1,71.55,Yes,0.8038,High
8963-JLGJT,Month-to-month,3,55.9,No,0.4224,Medium
4307-KTUMW,Month-to-month,53,93.9,Yes,0.5517,Medium
1465-LNTLJ,Month-to-month,8,64.4,No,0.6195,High
5440-FLBQG,Two year,69,108.4,Yes,0.2108,Low
2135-DQWAQ,Month-to-month,5,85.3,No,0.797,High
4056-QHXHZ,Two year,72,107.45,No,0.0953,Low
7470-MCQTK,Month-to-month,13,48.75,Yes,0.7725,High
7488-MXJIV,Month-to-month,4,85.65,Yes,0.8989,High
7401-JIXNM,Two year,54,91.3,No,0.0476,Low
9339-FIIJL,Two year,72,85.95,No,0.0466,Low
2027-FECZV,Month-to-month,12,106.7,Yes,0.8818,High
2672-DZUOY,Month-to-month,1,25.15,Yes,0.8402,High
4706-DGAHW,Month-to-month,1,45.2,No,0.7303,High
3870-MQAMG,One year,54,110.35,Yes,0.417,Medium
6670-MFRPK,Two year,69,79.2,No,0.113,Low
6177-PEVRA,Two year,48,55.5,No,0.0346,Low
4800-CZMPC,One year,48,103.25,Yes,0.3614,Medium
4813-HQMGZ,Month-to-month,8,90.25,No,0.8401,High
7579-KKLOE,Two year,71,91.25,No,0.0392,Low
7377-DMMRI,Month-to-month,2,47.8,Yes,0.6497,High
8402-EIVQS,One year,67,100.9,No,0.2371,Low
4947-DSMXK,Month-to-month,34,97.7,No,0.7018,High
7245-NIIWQ,Month-to-month,3,69.85,No,0.8501,High
0002-ORFBO,One year,9,65.6,No,0.2748,Low
3324-OIRTO,One year,71,104.65,No,0.1805,Low
5414-OFQCB,Two year,57,90.45,No,0.1968,Low
4967-WPNCF,Two year,72,63.7,No,0.0389,Low
8552-OBVRU,Month-to-month,48,104.5,No,0.5717,Medium
8499-BRXTD,One year,18,20.1,No,0.1287,Low
9154-QDGTH,One year,43,104.3,No,0.4314,Medium
8197-BFWVU,Two year,72,93.25,No,0.0355,Low
2577-GVSIL,One year,35,73.45,No,0.245,Low
9367-OIUXP,Month-to-month,4,20.7,No,0.376,Medium
6770-UAYGJ,Two year,49,25.25,No,0.0189,Low
6463-HHXJR,Two year,71,100.5,No,0.0785,Low
7928-VJYAB,Month-to-month,11,90.6,No,0.8076,High
1187-WILMM,Two year,63,89.4,No,0.0469,Low
9776-OJUZI,Month-to-month,65,95.45,No,0.5607,Medium
1306-RPWXZ,Two year,49,20.45,No,0.0147,Low
8949-JTMAY,Month-to-month,29,98.6,Yes,0.8176,High
2774-LVQUS,Month-to-month,15,83.05,Yes,0.8116,High
3097-PYWXL,Month-to-month,4,19.95,No,0.4658,Medium
2266-SJNAT,One year,72,109.15,No,0.2555,Low
0869-PAPRP,Month-to-month,26,85.7,No,0.7484,High
4238-JSSWH,Month-to-month,35,102.05,No,0.7534,High
2972-YDYUW,One year,57,94.7,No,0.3163,Medium
1104-FEJAM,Month-to-month,28,64.4,No,0.4761,Medium
2809-ILCYT,One year,25,26.8,No,0.1515,Low
5499-ECUTN,One year,47,66.05,No,0.1314,Low
4981-FLTMF,Month-to-month,57,65.2,No,0.0749,Low
9121-PHQSR,Month-to-month,16,85.05,No,0.8433,High
3113-IWHLC,Month-to-month,5,55.8,No,0.5257,Medium
3211-ILJTT,Month-to-month,17,70.4,Yes,0.6946,High
4612-THJBS,One year,56,104.75,Yes,0.4866,Medium
4277-BWBML,Two year,72,19.95,No,0.0044,Low
4094-NSEDU,Month-to-month,21,94.25,Yes,0.8999,High
0234-TEVTT,One year,48,45.0,No,0.1165,Low
4304-TSPVK,Two year,68,114.9,No,0.1159,Low
1552-AAGRX,Month-to-month,30,106.4,No,0.5844,Medium
2637-FKFSY,Month-to-month,3,46.1,No,0.6397,High
9796-MVYXX,Two year,14,39.7,No,0.1831,Low
7874-ECPQJ,Month-to-month,4,20.05,No,0.3749,Medium
0020-INWCK,Two year,71,95.75,No,0.1451,Low
7089-RKVSZ,One year,8,24.4,No,0.1894,Low
2683-JXWQQ,Month-to-month,61,33.6,No,0.1004,Low
9548-ZMVTX,Two year,72,90.45,No,0.0556,Low
8739-XNIKG,Month-to-month,5,84.0,No,0.8992,High
9755-JHNMN,Two year,49,67.4,No,0.0242,Low
3981-QSVQI,Month-to-month,8,19.7,No,0.3845,Medium
2789-HQBOU,Month-to-month,3,80.35,No,0.8744,High
9424-CMPOG,Two year,9,19.6,No,0.0806,Low
5067-WJEUN,Two year,67,54.2,No,0.0171,Low
3450-WXOAT,Month-to-month,46,45.2,No,0.2589,Low
9251-WNSOD,One year,67,75.1,No,0.0712,Low
6974-DAFLI,One year,55,19.7,No,0.0366,Low
2616-UUTFK,Month-to-month,33,72.75,No,0.3773,Medium
7064-JHXCE,Two year,62,20.05,No,0.0078,Low
5103-MHMHY,Month-to-month,1,45.95,Yes,0.5519,Medium
7989-AWGEH,Month-to-month,49,39.2,No,0.3146,Medium
4373-VVHQL,Month-to-month,1,44.75,No,0.7416,High
4559-UWIHT,Month-to-month,14,82.65,No,0.8147,High
7268-IGMFD,Month-to-month,18,93.9,No,0.7325,High
1846-XWOQN,Month-to-month,1,70.15,Yes,0.8811,High
0235-KGSLC,Month-to-month,1,85.55,Yes,0.842,High
6650-BWFRT,Two year,72,117.15,No,0.1465,Low
9570-KYEUA,Two year,64,99.25,No,0.1089,Low
6993-YGFJV,Two year,69,112.55,No,0.1405,Low
2712-SYWAY,Month-to-month,1,25.7,No,0.6252,High
0730-BGQGF,Two year,71,90.3,No,0.0291,Low
5498-IBWPI,One year,66,49.4,No,0.0401,Low
9101-NTIXF,Month-to-month,2,19.4,No,0.4038,Medium
0013-SMEOE,Two year,71,109.7,No,0.1234,Low
9314-QDMDW,One year,11,61.25,No,0.4876,Medium
9308-ANMVE,Month-to-month,47,55.3,No,0.1891,Low
2884-GBPFB,Month-to-month,35,70.3,Yes,0.6564,High
3757-NJYBX,Month-to-month,32,106.35,Yes,0.75,High
3413-DHLPB,Month-to-month,60,103.75,No,0.4516,Medium
7649-PHJVR,One year,11,19.5,No,0.1691,Low
6114-TCFID,One year,29,39.5,No,0.135,Low
3787-TRIAL,Month-to-month,21,26.05,No,0.6228,High
2573-GYRUU,Month-to-month,48,91.05,No,0.6908,High
5156-UMKOW,Month-to-month,3,29.65,No,0.638,High
1247-QBVSH,Month-to-month,43,50.2,No,0.1702,Low
6734-GMPVK,Month-to-month,5,105.3,No,0.875,High
9822-OAOVB,Month-to-month,1,55.45,No,0.7804,High
6161-ERDGD,One year,71,85.45,No,0.0904,Low
1226-JZNKR,One year,8,19.8,No,0.2038,Low
7318-EIVKO,Month-to-month,8,59.25,No,0.7843,High
3771-PZOBW,Month-to-month,20,90.7,No,0.8017,High
5136-KCKGI,One year,33,103.7,Yes,0.4845,Medium
8231-BSWXX,One year,71,79.05,No,0.2026,Low
6486-LHTMA,One year,31,90.7,No,0.6999,High
4083-BFNYK,One year,38,95.0,No,0.3728,Medium
3722-WPXTK,Month-to-month,1,88.35,Yes,0.9052,High
7389-KBFIT,Month-to-month,2,30.25,No,0.6942,High
7176-WIONM,Month-to-month,12,49.85,No,0.7776,High
5141-ZUVBH,Month-to-month,9,93.0,No,0.5312,Medium
1089-HDMKP,Month-to-month,11,54.55,No,0.5235,Medium
7623-HKYRK,Month-to-month,6,19.7,No,0.3076,Medium
0310-SUCIN,One year,71,84.8,No,0.0615,Low
5197-PYEPU,One year,42,94.45,No,0.3123,Medium
2929-ERCFZ,Month-to-month,8,94.2,Yes,0.8588,High
7548-SEPYI,Month-to-month,5,96.25,Yes,0.8744,High
8835-VSDSE,Month-to-month,2,70.7,Yes,0.8481,High
6619-RPLQZ,Two year,45,20.85,No,0.0164,Low
3275-RHRNE,One year,28,60.0,No,0.3058,Medium
3503-TYDAY,Month-to-month,43,80.45,No,0.5767,Medium
6901-GOGZG,Two year,60,84.95,No,0.0784,Low
1623-NLDOT,One year,42,33.55,Yes,0.116,Low
7021-XSNYE,Two year,7,49.65,No,0.1825,Low
9621-OUPYD,One year,25,20.2,No,0.112,Low
9898-KZQDZ,Month-to-month,40,94.55,Yes,0.7424,High
8982-NHAVY,One year,27,100.5,No,0.6527,High
4307-KWMXE,Month-to-month,10,35.75,No,0.6116,High
0141-YEAYS,Month-to-month,27,86.45,No,0.7157,High
2450-ZKEED,One year,11,53.8,No,0.2461,Low
3694-DELSO,Month-to-month,4,38.55,No,0.6225,High
3893-JRNFS,Month-to-month,68,39.9,No,0.2266,Low
9603-OAIHC,Month-to-month,1,70.05,No,0.88,High
1133-KXCGE,One year,18,20.1,No,0.1302,Low
5236-PERKL,Two year,57,112.95,Yes,0.2305,Low
0142-GVYSN,Month-to-month,26,20.3,No,0.2897,Low
1049-FYSYG,Month-to-month,17,35.65,No,0.6076,High
7854-FOKSF,Month-to-month,1,35.9,Yes,0.8327,High
2519-FAKOD,Month-to-month,38,99.25,Yes,0.7197,High
8406-LNMHF,One year,59,82.95,No,0.1916,Low
1821-BUCWY,Two year,30,55.65,No,0.0945,Low
8263-JQAIK,Month-to-month,2,24.45,Yes,0.8142,High
0023-UYUPN,One year,50,25.2,No,0.0746,Low
8314-DPQHL,One year,9,50.8,No,0.3415,Medium
1465-WCZVT,Month-to-month,3,19.65,No,0.3325,Medium
9481-SFCQY,Month-to-month,14,59.8,No,0.5642,Medium
6360-SVNWV,Month-to-month,31,73.55,No,0.5664,Medium
0567-GGCAC,Month-to-month,7,61.4,No,0.4888,Medium
7089-IVVAZ,Month-to-month,8,103.35,Yes,0.7576,High
8884-MRNSU,One year,17,19.9,No,0.0996,Low
2171-UDMFD,Month-to-month,32,19.45,No,0.1477,Low
9050-IKDZA,Month-to-month,2,81.5,No,0.8279,High
2205-YMZZJ,Month-to-month,7,84.8,Yes,0.9088,High
9802-CAQUT,Two year,72,109.55,No,0.1204,Low
1254-IZEYF,Month-to-month,31,99.95,Yes,0.8591,High
0187-WZNAB,Month-to-month,27,74.4,No,0.4215,Medium
9492-TOKRI,Month-to-month,18,90.0,Yes,0.7813,High
1475-VWVDO,Month-to-month,7,74.9,No,0.8303,High
9221-OTIVJ,Month-to-month,14,104.85,Yes,0.9027,High
1357-MVDOZ,Month-to-month,11,59.65,No,0.5635,Medium
7602-MVRMB,Two year,72,110.45,No,0.1222,Low
3325-FUYCG,One year,28,106.1,Yes,0.4735,Medium
5908-QMGOE,Month-to-month,15,74.2,Yes,0.8163,High
1197-BVMVG,Month-to-month,4,74.45,No,0.8982,High
5406-KGRMX,Two year,71,24.55,No,0.0133,Low
8481-YYXWG,Month-to-month,5,89.35,Yes,0.7931,High
5968-HYJRZ,Two year,47,24.55,No,0.0206,Low
5198-EFNBM,One year,57,90.65,No,0.424,Medium
7516-GMHUV,Two year,50,105.05,No,0.3247,Medium
7140-ADSMJ,Month-to-month,8,20.45,No,0.3982,Medium
2230-XTUWL,Two year,48,19.55,No,0.0143,Low
7706-YLMQA,One year,70,19.7,No,0.0127,Low
2585-KTFRE,Month-to-month,1,70.45,No,0.4044,Medium
7994-UYIVZ,Month-to-month,8,85.65,No,0.8314,High
2609-IAICY,Month-to-month,1,77.15,Yes,0.8832,High
1740-CSDJP,Month-to-month,1,35.25,Yes,0.8115,High
7717-BICXI,Two year,60,20.55,No,0.0083,Low
6559-RAKOZ,One year,49,97.95,No,0.4779,Medium
2636-OHFMN,Month-to-month,4,48.55,Yes,0.8567,High
4716-MRVEN,One year,29,20.0,No,0.0825,Low
2143-LJULT,Two year,67,25.25,No,0.0143,Low
1323-OOEPC,Month-to-month,53,98.4,Yes,0.6571,High
3200-MNQTF,Two year,67,70.9,No,0.0189,Low
6164-HXUGH,Month-to-month,6,19.85,No,0.3021,Medium
5630-IXDXV,Month-to-month,47,106.35,No,0.7682,High
0320-DWVTU,Two year,53,99.5,No,0.0918,Low
9135-MGVPY,Two year,69,84.7,No,0.0359,Low
1212-GLHMD,Month-to-month,3,86.05,No,0.7582,High
7878-JGDKK,Month-to-month,4,44.55,No,0.5846,Medium
1088-AUUZZ,Two year,56,75.85,No,0.0373,Low
0397-GZBBC,Month-to-month,59,93.85,Yes,0.6816,High
6614-YWYSC,Two year,61,25.0,No,0.0161,Low
9588-OZDMQ,Month-to-month,2,45.0,No,0.7282,High
7641-EUYET,Month-to-month,46,100.7,Yes,0.614,High
6476-EPYZR,Month-to-month,12,20.5,No,0.2442,Low
9921-ZVRHG,Month-to-month,14,80.45,Yes,0.8381,High
1174-FGIFN,One year,28,90.45,No,0.5219,Medium
6620-HVDUJ,Month-to-month,24,60.45,No,0.1926,Low
4701-MLJPN,Month-to-month,31,55.25,Yes,0.3926,Medium
1032-MAELW,One year,68,78.45,No,0.0739,Low
7641-TQFHN,Two year,39,100.55,No,0.2436,Low
1552-TKMXS,Month-to-month,42,20.35,No,0.0961,Low
9206-GVPEQ,Month-to-month,13,54.45,Yes,0.6943,High
8622-ZLFKO,Month-to-month,6,90.75,No,0.8688,High
1596-BBVTG,Month-to-month,35,75.35,Yes,0.5965,Medium
6188-UXBBR,One year,38,20.25,No,0.0703,Low
2333-KWEWW,Two year,18,20.05,No,0.0711,Low
5702-SKUOB,Month-to-month,4,19.6,No,0.3754,Medium
1134-YWTYF,Month-to-month,27,53.8,No,0.3742,Medium
6061-GWWAV,One year,41,70.2,No,0.0941,Low
0679-TDGAK,One year,50,75.5,No,0.1099,Low
6585-WCEWR,Two year,72,20.35,No,0.0067,Low
9067-YGSCA,One year,70,26.05,No,0.0196,Low
9067-SQTNS,One year,44,20.6,No,0.0313,Low
8433-WXGNA,Month-to-month,2,75.7,Yes,0.7905,High
1776-SPBWV,One year,34,20.1,No,0.0623,Low
8735-SDUFN,Two year,72,24.3,No,0.0101,Low
9668-PUGNU,Two year,71,24.5,No,0.0168,Low
9405-GPBBG,Two year,64,110.5,No,0.2228,Low
1926-QUZNN,Two year,72,25.25,No,0.0107,Low
3707-GNWHM,Month-to-month,1,74.25,Yes,0.8461,High
7016-NVRIC,One year,29,90.1,No,0.3848,Medium
5829-NVSQN,One year,23,68.75,No,0.1892,Low
9565-AXSMR,Two year,52,19.2,No,0.0122,Low
8922-LIEGH,Month-to-month,25,89.7,Yes,0.8357,High
8869-LIHMK,Two year,64,115.1,No,0.158,Low
8245-UMPYT,Month-to-month,16,96.4,Yes,0.9098,High
5186-SAMNZ,Month-to-month,1,69.5,Yes,0.8307,High
0447-RXSGD,Month-to-month,24,99.65,No,0.7915,High
4927-WWOOZ,Month-to-month,2,91.45,No,0.8982,High
5788-YPOEG,Two year,34,84.75,No,0.058,Low
5373-SFODM,Month-to-month,36,85.25,Yes,0.7517,High
0661-KBKPA,One year,53,78.75,No,0.1599,Low
9081-WWXKP,Two year,47,20.25,No,0.0151,Low
0784-ZQJZX,Two year,72,19.9,No,0.0052,Low
3133-PZNSR,Two year,72,97.75,No,0.0718,Low
5766-ZJYBB,Month-to-month,1,19.4,Yes,0.4142,Medium
8931-GJJIQ,Month-to-month,9,83.3,Yes,0.889,High
4277-PVRAN,Month-to-month,8,80.1,Yes,0.8051,High
0022-TCJCI,One year,45,62.7,Yes,0.1377,Low
0722-SVSFK,Month-to-month,7,100.4,No,0.8454,High
3612-YVGSJ,Two year,71,24.45,No,0.0117,Low
9825-YCXWZ,One year,41,101.1,No,0.4594,Medium
5397-NSKQG,Two year,67,50.9,No,0.0404,Low
8565-HBFNN,One year,69,107.2,No,0.1821,Low
2000-DHJUY,Two year,70,92.2,No,0.057,Low
0203-HHYIJ,One year,25,25.3,Yes,0.119,Low
8670-ERCJH,Two year,72,113.4,No,0.109,Low
7758-UJWYS,Two year,34,40.55,No,0.172,Low
2050-ONYDQ,Two year,65,26.0,No,0.0095,Low
7055-JCGNI,Two year,70,111.95,No,0.15,Low
0739-UUAJR,Two year,72,53.8,No,0.0497,Low
4826-DXMUP,One year,35,72.1,No,0.1994,Low
0952-KMEEH,Month-to-month,13,98.15,Yes,0.7626,High
7285-KLOTR,One year,12,78.85,No,0.4781,Medium
0654-PQKDW,One year,62,70.75,No,0.0471,Low
7175-NTIXE,Month-to-month,25,76.15,No,0.405,Medium
7963-SHNDT,Two year,52,39.1,No,0.0302,Low
9796-BPKIW,Month-to-month,8,69.95,No,0.8067,High
0188-GWFLE,Month-to-month,2,20.05,No,0.4002,Medium
8129-GMVGI,Two year,56,20.05,No,0.01,Low
2882-DDZPG,Month-to-month,12,19.45,No,0.2892,Low
3547-LQRIK,One year,47,26.9,No,0.0684,Low
9137-NOQKA,Month-to-month,2,19.2,No,0.5421,Medium
5843-TTHGI,Month-to-month,18,50.0,No,0.5146,Medium
1849-RJYIG,Month-to-month,8,60.0,No,0.6499,High
8868-GAGIO,Month-to-month,45,84.55,No,0.4868,Medium
4061-UKJWL,Month-to-month,3,45.45,No,0.5884,Medium
5380-XPJNZ,One year,38,20.05,No,0.0548,Low
8263-QMNTJ,Two year,72,115.55,No,0.1921,Low
8178-EYZUO,Month-to-month,46,93.7,Yes,0.6101,High
3230-JCNZS,Two year,71,99.0,No,0.1088,Low
0277-ORXQS,Two year,66,50.55,No,0.0423,Low
5130-IEKQT,Month-to-month,25,105.95,Yes,0.7903,High
3230-WYKIR,One year,18,82.0,Yes,0.4219,Medium
7996-BPXHY,Two year,13,25.0,No,0.105,Low
3227-WLKLI,Two year,65,91.55,No,0.0333,Low
0407-BDJKB,Month-to-month,60,95.75,Yes,0.6278,High
2266-FUBDZ,Two year,15,19.35,No,0.0621,Low
8237-ULIXL,Two year,72,24.85,No,0.009,Low
9600-UDOPK,Month-to-month,30,94.05,Yes,0.7995,High
8216-AZUUZ,Two year,42,100.4,No,0.2983,Low
9153-BTBVV,Two year,71,25.0,No,0.0086,Low
4074-SJFFA,Month-to-month,1,54.75,Yes,0.7162,High
3269-ATYWD,Month-to-month,39,95.65,Yes,0.787,High
5186-PEIZU,Month-to-month,35,19.25,No,0.1228,Low
1074-AMIOH,Month-to-month,53,108.25,No,0.4573,Medium
4910-GMJOT,Month-to-month,1,94.6,Yes,0.9245,High
0354-WYROK,Month-to-month,31,98.9,Yes,0.7353,High
4361-FEBGN,Two year,48,20.15,No,0.019,Low
7748-UMTRK,Month-to-month,30,101.3,No,0.7945,High
0380-ZCSBI,Month-to-month,10,20.0,No,0.3198,Medium
7145-FEJWU,Month-to-month,12,105.3,No,0.8606,High
6463-MVYRY,Two year,57,69.85,No,0.037,Low
3969-JQABI,Month-to-month,58,65.25,No,0.1646,Low
9624-EGDEQ,Two year,37,19.8,No,0.0315,Low
1051-EQPZR,Month-to-month,44,19.6,No,0.0693,Low
5849-ASHZJ,One year,27,20.05,No,0.0727,Low
5780-INQIK,Month-to-month,8,49.4,No,0.5417,Medium
7576-OYWBN,Month-to-month,3,76.05,Yes,0.8979,High
4526-ZJJTM,Month-to-month,25,88.4,No,0.6636,High
8384-FZBJK,Month-to-month,57,100.6,No,0.6558,High
3750-RNQKR,Month-to-month,12,19.45,No,0.3022,Medium
0962-CQPWQ,Two year,62,20.3,No,0.0074,Low
3096-YXENJ,Two year,65,107.65,No,0.2043,Low
1265-BCFEO,Two year,71,80.45,No,0.0671,Low
5837-LXSDN,One year,21,58.85,No,0.2716,Low
5945-AZYHT,One year,71,109.6,No,0.3857,Medium
8325-QRPZR,Month-to-month,7,75.15,No,0.8327,High
6384-VMJHP,Two year,72,73.0,No,0.0232,Low
2262-SLNVK,Month-to-month,1,70.1,No,0.8238,High
7730-CLDSV,Two year,72,98.65,No,0.102,Low
1135-HIORI,One year,64,111.45,No,0.3846,Medium
0164-APGRB,Two year,72,114.9,No,0.2046,Low
6481-ESCNL,Month-to-month,29,100.55,No,0.7553,High
1790-NESIO,Two year,13,20.4,No,0.1091,Low
1550-EENBN,Month-to-month,31,104.35,No,0.7174,High
5539-TMZLF,Month-to-month,1,69.75,Yes,0.8805,High
4323-SADQS,Month-to-month,7,34.5,Yes,0.5858,Medium
4446-BZKHU,Month-to-month,61,105.55,Yes,0.6961,High
5202-IVJNU,Month-to-month,39,30.1,Yes,0.3087,Medium
5976-JCJRH,Month-to-month,10,70.3,Yes,0.8123,High
8198-RKSZG,Month-to-month,14,80.45,No,0.4835,Medium
0137-OCGAB,Month-to-month,1,80.2,Yes,0.8195,High
3351-NQLDI,One year,67,94.35,Yes,0.1633,Low
9297-EONCV,Two year,72,91.35,No,0.0473,Low
7593-JNWRU,Month-to-month,6,44.6,Yes,0.5453,Medium
4588-YBNIB,Month-to-month,1,19.6,Yes,0.4795,Medium
1069-QJOEE,One year,25,19.9,No,0.1041,Low
3336-JORSO,Month-to-month,33,110.45,Yes,0.8063,High
7799-DSEWS,Month-to-month,18,68.35,No,0.4857,Medium
8766-PAFNE,Two year,71,79.1,No,0.0464,Low
5315-CKEQK,One year,28,51.0,No,0.3585,Medium
3130-ICDUP,Month-to-month,2,80.55,No,0.6841,High
0820-FNRNX,Month-to-month,17,66.7,No,0.3849,Medium
0880-FVFWF,Month-to-month,56,86.4,No,0.4721,Medium
4611-ANLQC,One year,60,50.05,No,0.1121,Low
4213-HKBJO,Two year,33,25.7,No,0.0492,Low
2792-LSHWX,Month-to-month,1,83.4,No,0.6151,High
5028-GZLDO,Month-to-month,2,70.7,Yes,0.7593,High
0014-BMAQU,Two year,63,84.65,No,0.0868,Low
6861-XWTWQ,Month-to-month,7,99.25,Yes,0.9244,High
9018-PCIOK,Two year,55,64.75,No,0.0734,Low
4837-QUSFT,One year,65,100.15,No,0.1854,Low
6877-TJMBR,Month-to-month,1,84.8,Yes,0.8314,High
9953-ZMKSM,Two year,63,25.25,No,0.0132,Low
0907-HQNTS,Two year,70,113.0,No,0.1776,Low
7665-NKLAV,Two year,36,40.65,No,0.054,Low
6769-DCQLI,One year,52,105.0,Yes,0.3237,Medium
2433-KMEAS,Month-to-month,22,54.45,Yes,0.5254,Medium
4391-LNRXK,Month-to-month,22,94.95,No,0.6185,High
8250-ZNGGW,Month-to-month,5,59.9,No,0.3837,Medium
2195-ZRVAX,Month-to-month,47,85.3,Yes,0.6618,High
3550-SAHFP,Month-to-month,33,83.35,Yes,0.7983,High
2011-TRQYE,Month-to-month,18,33.5,Yes,0.6069,High
8562-GHPPI,Month-to-month,1,19.8,No,0.4188,Medium
5893-PYOLZ,Two year,56,81.8,No,0.0733,Low
4986-MXSFP,Month-to-month,2,20.0,No,0.4666,Medium
6131-FOYAS,Month-to-month,35,59.6,No,0.422,Medium
3027-YNWZU,Two year,64,25.0,No,0.0125,Low
5609-IMCGG,Month-to-month,15,84.35,No,0.7115,High
4873-ILOLJ,Month-to-month,24,90.35,Yes,0.8351,High
4727-MCYZG,Month-to-month,1,55.55,No,0.6559,High
9481-WHGWY,Two year,70,75.35,No,0.0234,Low
2725-KXXWT,Month-to-month,1,90.75,Yes,0.8985,High
9565-DJPIB,Month-to-month,4,89.6,Yes,0.766,High
4328-VUFWD,One year,39,59.3,No,0.1806,Low
3301-LSLWQ,Month-to-month,29,66.1,No,0.5372,Medium
7473-ZBDSN,Two year,14,18.8,No,0.066,Low
3166-PNEOF,Two year,61,86.45,No,0.055,Low
5639-NTUPK,Month-to-month,13,52.1,No,0.3946,Medium
8780-YRMTT,Two year,66,47.4,No,0.0249,Low
8348-HFYIV,Month-to-month,2,49.25,Yes,0.8878,High
5140-FOMCQ,One year,59,109.15,No,0.373,Medium
6242-SGYTS,One year,62,94.95,No,0.2087,Low
8166-ORCHU,One year,33,93.55,No,0.3907,Medium
8414-OOEEL,Two year,66,79.5,No,0.0447,Low
8454-AATJP,Two year,72,115.05,No,0.1213,Low
6849-WLEYG,Month-to-month,1,19.75,Yes,0.3586,Medium
4659-NZRUF,Month-to-month,19,95.15,Yes,0.7657,High
4531-AUZNK,One year,51,95.15,No,0.2339,Low
4191-XOVOM,Month-to-month,63,105.4,No,0.5611,Medium
2150-OEGBV,One year,27,20.1,No,0.0842,Low
8429-XIBUM,Month-to-month,22,101.35,Yes,0.7585,High
1855-CFULU,Month-to-month,4,20.05,No,0.4318,Medium
4878-BUNFV,Two year,42,20.7,No,0.0185,Low
1872-EBWSC,One year,29,20.35,No,0.0825,Low
2608-BHKFN,Month-to-month,4,70.05,Yes,0.7956,High
7026-YMSBE,One year,30,19.7,No,0.0788,Low
7341-LXCAF,Month-to-month,4,74.65,Yes,0.8723,High
6997-UVGOX,Two year,71,85.45,No,0.0197,Low
9674-EHPPG,Two year,46,40.4,No,0.0442,Low
9462-MJUAW,Month-to-month,4,50.4,Yes,0.6411,High
8128-YVJRG,Month-to-month,7,79.65,Yes,0.753,High
5440-VHLUL,One year,69,105.2,No,0.3054,Medium
5781-BKHOP,Two year,72,100.65,No,0.0992,Low
4283-FUTGF,Month-to-month,19,79.85,Yes,0.8453,High
5213-TWWJU,Month-to-month,28,91.0,No,0.6531,High
1569-TTNYJ,Month-to-month,5,78.75,Yes,0.8488,High
8628-MFKAX,Two year,72,116.75,No,0.1654,Low
2397-BRLOM,Month-to-month,8,80.45,Yes,0.7998,High
7629-WIXZF,One year,7,59.1,No,0.4623,Medium
5445-GLVOT,Month-to-month,22,49.8,No,0.4579,Medium
3976-HXHCE,Two year,72,19.3,No,0.006,Low
2466-NEJOJ,Month-to-month,8,19.65,No,0.2848,Low
0254-KCJGT,One year,52,81.4,No,0.105,Low
5472-CVMDX,Two year,68,38.9,No,0.0198,Low
6461-SZMCV,Two year,71,87.95,No,0.0363,Low
8150-QUDFX,Month-to-month,2,19.85,No,0.4021,Medium
9508-ILZDG,Month-to-month,34,96.35,No,0.7378,High
2346-DJQTB,Month-to-month,35,24.15,No,0.4764,Medium
1697-LYYYX,One year,61,19.1,No,0.0157,Low
1942-OQFRW,Month-to-month,1,44.0,No,0.6922,High
4749-VFKVB,Month-to-month,1,50.1,Yes,0.724,High
9640-ZSLDC,One year,53,60.6,No,0.1011,Low
4231-LZUYM,Two year,72,25.65,No,0.0083,Low
7598-UAASY,Month-to-month,2,76.4,Yes,0.8076,High
7938-OUHIO,Month-to-month,3,98.7,Yes,0.8589,High
8510-AWCXC,Month-to-month,13,100.8,Yes,0.8778,High
6128-AQBMT,Month-to-month,41,53.95,No,0.6517,High
3594-BDSOA,One year,24,20.4,No,0.0985,Low
0431-APWVY,One year,28,90.1,Yes,0.516,Medium
5133-VRSAB,Month-to-month,8,29.35,No,0.5809,Medium
5996-DAOQL,Month-to-month,1,20.45,No,0.4732,Medium
6838-YAUVY,Two year,54,95.1,No,0.2019,Low
0484-JPBRU,Month-to-month,41,25.25,No,0.1561,Low
7883-ROJOC,Month-to-month,19,44.9,No,0.4279,Medium
0244-LGNFY,Two year,72,92.65,No,0.0283,Low
7274-CGTOD,Two year,62,43.7,No,0.026,Low
4295-YURET,Two year,56,72.6,No,0.0536,Low
3426-NIYYL,Month-to-month,15,51.55,Yes,0.6231,High
8225-BTJAU,Month-to-month,10,79.25,Yes,0.8754,High
4635-EJYPD,Two year,32,18.95,No,0.0297,Low
1866-ZSLJM,Month-to-month,21,20.5,No,0.2193,Low
4636-TVXVG,One year,62,19.95,No,0.014,Low
4236-UJPWO,Month-to-month,2,24.5,No,0.7991,High
9392-XBGTD,Two year,27,20.6,No,0.0381,Low
3387-VATUS,Month-to-month,5,94.85,Yes,0.8778,High
6402-SSEJG,One year,25,61.05,No,0.4012,Medium
1143-NMNQJ,Month-to-month,2,85.7,Yes,0.903,High
1169-SAOCL,One year,49,106.65,No,0.3977,Medium
1110-KYLGQ,Month-to-month,63,108.25,No,0.48,Medium
9929-PLVPA,Month-to-month,4,20.4,No,0.3319,Medium
3518-PZXZQ,Month-to-month,1,55.3,No,0.7099,High
2371-JUNGC,Month-to-month,11,20.25,No,0.3056,Medium
7693-QPEFS,Month-to-month,52,72.95,No,0.567,Medium
0924-BJCRC,Month-to-month,60,89.45,No,0.5934,Medium
5074-FBGHB,One year,64,104.65,No,0.3923,Medium
2351-BKRZW,Two year,43,75.2,No,0.0677,Low
4455-BFSPD,One year,61,101.15,No,0.3125,Medium
0415-MOSGF,Month-to-month,1,44.4,Yes,0.6135,High
1724-BQUHA,Month-to-month,5,89.5,Yes,0.9123,High
3948-KXDUF,Two year,66,68.75,No,0.0187,Low
2323-ARSVR,Two year,67,111.05,No,0.1494,Low
0815-MFZGM,Two year,42,99.0,No,0.2712,Low
4826-XTSOH,Month-to-month,1,86.05,Yes,0.9187,High
5480-XTFFL,Two year,31,21.0,No,0.0312,Low
8295-FHIVV,Month-to-month,7,19.4,No,0.4116,Medium
2495-INZWQ,Month-to-month,4,44.55,Yes,0.8799,High
9086-YJYXS,One year,34,77.2,No,0.2716,Low
1179-INLAT,One year,3,19.45,No,0.2751,Low
7909-FIOIY,Month-to-month,19,24.85,No,0.5613,Medium
4139-SUGLD,Month-to-month,31,35.4,Yes,0.2063,Low
6857-VWJDT,Month-to-month,1,95.65,Yes,0.8675,High
6351-SCJKT,Month-to-month,3,41.35,No,0.5309,Medium
5468-BPMMO,Month-to-month,46,19.6,No,0.1081,Low
5624-BQSSA,Month-to-month,1,20.95,Yes,0.4111,Medium
0197-PNKNK,One year,69,84.45,No,0.1164,Low
2439-QKJUL,Month-to-month,5,20.25,No,0.368,Medium
1194-SPVSP,Month-to-month,1,19.65,No,0.3994,Medium
9534-NSXEM,One year,26,20.65,No,0.1183,Low
2408-WITXK,Month-to-month,10,34.7,Yes,0.8476,High
8929-KSWIH,Two year,25,99.3,No,0.2975,Low
2250-IVBWA,Month-to-month,64,81.05,No,0.225,Low
1810-MVMAI,Month-to-month,30,67.6,No,0.24,Low
9506-UXUSK,Month-to-month,13,70.15,No,0.8027,High
1229-RCALF,One year,64,115.0,No,0.3513,Medium
3572-UOLYZ,Month-to-month,46,84.8,No,0.4408,Medium
1429-UYJSV,One year,12,19.7,No,0.1644,Low
5577-OTWWW,Month-to-month,15,19.75,Yes,0.2614,Low
6100-QQHEB,Month-to-month,17,92.55,Yes,0.8607,High
6366-XIVKZ,Month-to-month,13,63.15,No,0.4594,Medium
3470-OBUET,Two year,67,74.0,No,0.0208,Low
2770-NSVDG,Month-to-month,24,29.1,No,0.5932,Medium
9375-MHRRS,Month-to-month,6,50.05,No,0.4654,Medium
2634-HCZGT,One year,53,60.05,Yes,0.1257,Low
7503-QQRVF,Month-to-month,16,74.3,Yes,0.7247,High
4860-YZGZM,Month-to-month,10,20.0,No,0.397,Medium
6599-GZWCM,One year,13,74.65,No,0.5252,Medium
2691-NZETQ,Month-to-month,9,85.35,Yes,0.8849,High
4404-HIBDJ,One year,25,74.3,Yes,0.1353,Low
5533-NHFRF,Month-to-month,7,44.4,No,0.7803,High
7037-MTYVW,Two year,38,85.4,No,0.0956,Low
4760-THGOT,Month-to-month,43,94.1,No,0.6356,High
7295-JOMMD,Month-to-month,4,98.1,Yes,0.7621,High
4016-BJKTZ,Two year,25,108.9,No,0.4294,Medium
6584-VQMYT,One year,27,56.2,No,0.1056,Low
9838-BFCQT,Two year,72,26.1,No,0.0068,Low
2790-XUYMV,One year,71,85.45,No,0.1273,Low
0581-MDMPW,Month-to-month,24,88.95,No,0.7876,High
5013-SBUIH,Two year,50,109.65,Yes,0.2675,Low
1023-BQXZE,Two year,57,74.35,No,0.0738,Low
9163-GHAYE,Month-to-month,15,48.85,No,0.5263,Medium
3904-UKFRE,Month-to-month,4,80.1,No,0.8221,High
5353-WILCI,Month-to-month,28,56.05,No,0.3069,Medium
0709-TVGUR,Month-to-month,9,74.55,Yes,0.8816,High
0058-EVZWM,Month-to-month,55,89.8,No,0.4882,Medium
6023-YEBUP,Month-to-month,3,100.95,Yes,0.9186,High
7209-JCUDS,Month-to-month,10,94.9,Yes,0.8828,High
7009-PCARS,One year,55,19.1,No,0.0196,Low
0519-DRGTI,Month-to-month,20,20.35,No,0.1863,Low
1017-FBQMM,One year,62,106.05,No,0.3008,Medium
3001-CBHLQ,Month-to-month,32,104.9,Yes,0.8242,High
1985-MBRYP,Two year,43,19.65,No,0.0282,Low
6158-DWPZT,One year,9,24.1,Yes,0.4595,Medium
9372-TXXPS,Two year,60,59.85,No,0.0148,Low
3259-QMXUN,Two year,58,86.1,No,0.1175,Low
1015-JPFYW,One year,7,19.45,No,0.1624,Low
6645-MXQJT,Month-to-month,2,97.1,No,0.7716,High
4360-QRAVE,Month-to-month,37,36.65,No,0.4732,Medium
8433-WPJTV,One year,65,103.9,No,0.3475,Medium
5804-JMYIO,Two year,39,19.75,No,0.0217,Low
3763-GCZHZ,One year,66,104.05,Yes,0.3992,Medium
6484-LATFU,Two year,68,24.55,No,0.0106,Low
7599-NTMDP,Two year,62,48.7,No,0.0219,Low
0772-GYEQQ,Month-to-month,3,88.35,Yes,0.7755,High
0536-ACXIP,Two year,72,109.55,No,0.2517,Low
0936-NQLJU,Two year,41,20.65,No,0.0253,Low
4831-EOBFE,Month-to-month,29,94.65,Yes,0.5487,Medium
1575-KRZZE,Month-to-month,4,55.2,No,0.5194,Medium
3251-YMVWZ,One year,53,24.05,No,0.0375,Low
4102-OQUPX,Month-to-month,1,74.4,Yes,0.9023,High
9170-GYZJC,Month-to-month,41,79.9,Yes,0.1801,Low
4884-LEVMQ,Two year,39,20.45,No,0.0325,Low
8857-CUPFQ,Two year,63,19.25,No,0.0092,Low
7610-TVOPG,Month-to-month,15,26.35,No,0.4671,Medium
3638-DIMPH,One year,13,43.8,No,0.3853,Medium
1845-ZLLIG,Month-to-month,1,50.15,No,0.624,High
8559-WNQZS,Two year,1,20.45,No,0.1394,Low
3999-QGRJH,Month-to-month,8,69.7,Yes,0.8547,High
1699-UOTXU,Two year,60,61.4,No,0.0333,Low
2454-RPBRZ,Month-to-month,12,98.1,Yes,0.8704,High
0635-WKOLD,One year,40,70.75,No,0.1539,Low
5993-JSUWV,Two year,66,61.15,No,0.0239,Low
4518-FZBSX,One year,42,20.25,No,0.036,Low
5387-ASZNZ,One year,66,63.85,No,0.0567,Low
6988-CJEYV,Month-to-month,49,98.7,No,0.7106,High
2002-MZHWP,Month-to-month,1,20.5,Yes,0.4128,Medium
3097-FQTVJ,Two year,41,20.0,No,0.0258,Low
5465-BUBFA,Two year,41,19.3,No,0.0188,Low
7299-GNVPL,Month-to-month,23,84.4,No,0.332,Medium
9743-DQKQW,Month-to-month,3,25.1,No,0.7886,High
1215-VFYVK,Month-to-month,4,48.25,No,0.5915,Medium
9371-BITHB,Two year,52,19.85,No,0.0123,Low
2265-CYWIV,Month-to-month,4,99.6,Yes,0.8963,High
9093-FPDLG,Month-to-month,11,94.2,No,0.7641,High
0541-FITGH,Month-to-month,2,62.15,No,0.5948,Medium
6985-HAYWX,Month-to-month,26,79.3,No,0.6025,High
7508-KBIMB,One year,24,56.25,No,0.1678,Low
6838-HVLXG,Month-to-month,12,20.3,No,0.2993,Low
2277-DJJDL,Month-to-month,60,99.0,No,0.7003,High
1897-OKVMW,Two year,64,90.6,No,0.0463,Low
5485-ITNPC,Two year,66,85.9,No,0.036,Low
0233-FTHAV,One year,60,79.2,No,0.2892,Low
4644-PIZRT,One year,17,70.35,No,0.2919,Low
8922-NPKBJ,Two year,42,19.35,No,0.0191,Low
2740-TVLFN,Month-to-month,1,50.15,No,0.7868,High
7771-CFQRQ,Two year,47,63.8,No,0.0379,Low
9512-PHSMG,Month-to-month,10,20.55,No,0.37,Medium
6963-EZQEE,Two year,70,88.55,No,0.061,Low
2452-KDRRH,Month-to-month,67,101.4,No,0.6791,High
2004-OCQXK,Month-to-month,1,81.95,Yes,0.8789,High
5027-QPKTE,Month-to-month,7,69.35,Yes,0.8259,High
4146-SVFUD,Month-to-month,1,44.6,No,0.61,High
1564-HJUVY,Month-to-month,4,63.75,No,0.5506,Medium
3617-XLSGQ,Two year,66,109.25,No,0.1231,Low
7517-LDMPS,Month-to-month,12,84.6,No,0.8204,High
7244-KXYZN,One year,24,20.45,No,0.1029,Low
5226-NOZFC,Month-to-month,26,85.75,No,0.7484,High
2672-HUYVI,Month-to-month,6,91.1,Yes,0.8875,High
1400-WIVLL,Two year,57,107.95,No,0.2687,Low
7508-MYBOG,Month-to-month,14,86.1,Yes,0.8655,High
8148-NLEGT,Two year,42,22.95,No,0.0372,Low
0148-DCDOS,Month-to-month,25,94.7,Yes,0.8115,High
8347-GDTMP,Two year,64,19.45,No,0.0089,Low
9992-RRAMN,Month-to-month,22,85.1,Yes,0.8354,High
6746-WAUWT,One year,19,19.7,No,0.1556,Low
0310-MVLET,Month-to-month,61,99.15,Yes,0.6388,High
0428-IKYCP,Month-to-month,22,87.0,No,0.7166,High
4550-VBOFE,Month-to-month,70,102.95,Yes,0.6974,High
2187-PKZAY,Month-to-month,12,79.95,No,0.7835,High
4003-OCTMP,One year,31,64.0,No,0.1994,Low
6652-YFFJO,Month-to-month,11,64.9,No,0.7628,High
7225-IILWY,Two year,68,25.75,No,0.0081,Low
5248-RPYWW,Two year,72,90.15,No,0.0456,Low
7923-IYJWY,Two year,67,116.1,No,0.191,Low
3170-GWYKC,Month-to-month,60,104.95,No,0.4088,Medium
5696-QURRL,Month-to-month,1,45.05,Yes,0.6673,High
7409-KIUTL,Month-to-month,1,71.0,Yes,0.8533,High
9830-ECLEN,One year,58,50.0,No,0.0729,Low
1732-VHUBQ,Month-to-month,47,70.55,Yes,0.3959,Medium
0495-RVCBF,Month-to-month,1,79.7,Yes,0.8827,High
2668-TZSPS,Month-to-month,1,20.45,No,0.4101,Medium
7854-EDSSA,Month-to-month,22,59.0,Yes,0.425,Medium
8869-TORSS,One year,48,60.35,Yes,0.0733,Low
7446-SFAOA,One year,37,19.85,No,0.0678,Low
9522-ZSINC,One year,13,19.95,No,0.2526,Low
8234-GSZYK,Two year,43,26.45,No,0.0295,Low
6505-OZNPG,Two year,6,63.4,No,0.2974,Low
6164-HAQTX,Two year,71,53.95,No,0.0223,Low
0679-IDSTG,Month-to-month,1,69.25,Yes,0.852,High
7765-LWVVH,Two year,72,95.1,No,0.1322,Low
1658-TJVOA,Month-to-month,6,74.1,No,0.8079,High
0953-LGOVU,Month-to-month,12,35.5,No,0.4371,Medium
2115-BFTIW,Month-to-month,25,70.95,Yes,0.5964,Medium
4692-NNQRU,One year,21,79.2,No,0.4401,Medium
7742-MYPGI,Month-to-month,6,48.8,No,0.4713,Medium
0611-DFXKO,Month-to-month,20,89.0,Yes,0.7934,High
7780-OTDSO,Month-to-month,18,99.4,Yes,0.8321,High
9619-GSATL,One year,43,55.45,No,0.1119,Low
5622-UEJFI,Two year,35,25.4,No,0.0458,Low
9747-DDZOS,Month-to-month,1,73.5,Yes,0.7595,High
0674-DGMAQ,Month-to-month,32,93.5,No,0.8084,High
6203-HBZPA,Two year,52,63.9,No,0.0645,Low
0484-FFVBJ,One year,32,64.85,No,0.3166,Medium
0301-FIDRB,Two year,72,63.8,No,0.0322,Low
4139-JPIAM,Month-to-month,51,44.45,No,0.2218,Low
2181-TIDSV,Two year,68,19.95,No,0.007,Low
2761-XECQW,Month-to-month,8,43.35,No,0.7774,High
1936-CZAKF,Two year,49,49.65,No,0.1201,Low
9453-PATOS,Two year,72,85.1,No,0.0261,Low
0564-JJHGS,Month-to-month,9,95.5,Yes,0.906,High
3348-CFRNX,Month-to-month,28,92.35,Yes,0.6802,High
4402-FTBXC,Month-to-month,54,89.8,No,0.3749,Medium
1428-GTBJJ,Month-to-month,11,74.55,Yes,0.7854,High
2931-XIQBR,One year,50,103.05,No,0.2648,Low
0106-UGRDO,Two year,69,116.0,No,0.207,Low
5542-TBBWB,Month-to-month,1,69.9,No,0.8569,High
1930-QPBVZ,Two year,68,95.1,No,0.0448,Low
2606-PKWJB,One year,40,40.25,No,0.0719,Low
5322-ZSMZY,Two year,31,25.75,No,0.0402,Low
8059-UDZFY,Month-to-month,33,105.35,No,0.755,High
7740-BTPUX,Two year,55,113.6,No,0.3656,Medium
5220-AGAAX,Two year,68,24.0,No,0.01,Low
0208-BPQEJ,Month-to-month,12,19.4,No,0.2363,Low
9435-JMLSX,Two year,71,86.1,No,0.0315,Low
3352-ALMCK,Month-to-month,40,102.65,No,0.7412,High
5312-IRCFR,One year,64,92.85,No,0.3561,Medium
5294-IMHHT,One year,53,97.75,No,0.2333,Low
8802-UNOJF,Month-to-month,12,83.8,Yes,0.6831,High
6313-GIDIT,Month-to-month,53,54.45,Yes,0.5532,Medium
6176-YJWAS,Two year,72,97.95,No,0.1294,Low
5310-NOOVA,Two year,46,19.95,No,0.0287,Low
4526-EXKKN,Two year,40,24.6,No,0.046,Low
5311-IHLEI,Month-to-month,12,50.95,No,0.5118,Medium
3987-KQDDU,Month-to-month,9,75.6,No,0.6989,High
3404-JNXAX,Month-to-month,51,80.75,No,0.4788,Medium
5131-PONJI,Month-to-month,49,90.4,No,0.4831,Medium
2845-AFFTX,Month-to-month,41,99.8,Yes,0.8478,High
3489-VSFRD,One year,56,60.25,No,0.0551,Low
3345-JHUEO,Month-to-month,4,20.2,No,0.5266,Medium
5815-HGGHV,One year,20,64.15,No,0.2033,Low
5260-UMPWX,Month-to-month,26,20.25,No,0.1831,Low
2249-YPRNG,Month-to-month,20,105.85,Yes,0.7706,High
7410-YTJIK,Month-to-month,7,75.45,Yes,0.776,High
4626-GYCZP,Month-to-month,7,93.85,Yes,0.9124,High
5649-RXQTV,Month-to-month,51,99.0,No,0.6931,High
2674-MIAHT,Month-to-month,4,80.3,No,0.8058,High
2576-HXMPA,Month-to-month,1,19.55,No,0.4198,Medium
7587-AOVVU,Month-to-month,27,100.75,No,0.5315,Medium
5590-BYNII,Month-to-month,22,100.75,Yes,0.8184,High
6898-MDLZW,Month-to-month,12,53.75,No,0.4351,Medium
3237-AJGEH,Month-to-month,3,31.0,Yes,0.6378,High
4707-YNOQA,One year,34,25.6,No,0.0887,Low
9357-UJRUN,One year,24,58.35,No,0.2426,Low
1591-NFNLQ,Month-to-month,51,80.0,Yes,0.4999,Medium
8648-PFRMP,Month-to-month,14,46.35,No,0.8584,High
7663-CUXZB,Two year,59,113.75,No,0.1829,Low
0258-NOKBL,Month-to-month,3,90.4,No,0.816,High
1163-VIPRI,Two year,65,109.3,No,0.1634,Low
2815-CPTUL,Month-to-month,5,70.25,Yes,0.8178,High
9348-ROUAI,Two year,59,90.3,No,0.0401,Low
9443-JUBUO,Two year,72,65.25,No,0.0316,Low
0596-BQCEQ,Month-to-month,62,100.15,Yes,0.5773,Medium
1481-ZUWZA,Month-to-month,28,94.5,Yes,0.6492,High
3043-TYBNO,Month-to-month,3,60.65,No,0.5475,Medium
4830-FAXFM,Month-to-month,19,24.1,No,0.2989,Low
5906-BFOZT,Month-to-month,1,19.5,No,0.477,Medium
2960-NKRSO,Month-to-month,24,85.95,No,0.6356,High
8996-ZROXE,One year,57,53.5,No,0.1227,Low
5598-IKHQQ,Two year,72,25.45,No,0.0093,Low
0397-ZXWQF,Two year,67,20.5,No,0.0076,Low
5266-PFRQK,One year,52,20.85,No,0.0299,Low
4674-HGNUA,Two year,71,89.9,No,0.0306,Low
6765-MBQNU,One year,26,26.0,No,0.1161,Low
9786-IJYDL,Two year,35,113.2,No,0.2658,Low
1303-SRDOK,Two year,55,69.05,No,0.1193,Low
3769-MHZNV,Two year,33,20.1,No,0.0285,Low
6295-OSINB,Two year,72,109.65,No,0.2352,Low
3308-MHOOC,Month-to-month,1,19.2,No,0.4215,Medium
2309-OSFEU,Month-to-month,10,33.9,Yes,0.7595,High
2207-QPJED,Month-to-month,37,90.0,No,0.6417,High
4177-JPDFU,Month-to-month,12,34.0,No,0.5101,Medium
2239-CFOUJ,One year,1,20.4,No,0.195,Low
8046-DNVTL,Two year,62,38.6,No,0.0253,Low
2209-XADXF,Month-to-month,1,25.25,No,0.7316,High
6620-JDYNW,Month-to-month,18,60.6,No,0.4863,Medium
1891-FZYSA,Month-to-month,69,89.95,Yes,0.5977,Medium
4770-UEZOX,Month-to-month,2,74.75,No,0.8281,High
1038-RQOST,Month-to-month,19,20.6,No,0.1906,Low
7613-LLQFO,Month-to-month,12,84.45,Yes,0.8788,High
4568-TTZRT,Month-to-month,9,20.4,No,0.3256,Medium
9513-DXHDA,One year,27,81.7,No,0.2383,Low
2640-PMGFL,Month-to-month,27,79.5,Yes,0.6616,High
3801-HMYNL,Month-to-month,1,89.15,Yes,0.7969,High
0516-QREYC,Month-to-month,24,20.3,No,0.2799,Low
9685-WKZGT,Month-to-month,14,74.95,Yes,0.8634,High
6022-UGGSO,Month-to-month,32,74.4,Yes,0.6967,High
8084-OIVBS,One year,11,20.0,No,0.1691,Low
8896-BQTTI,Month-to-month,1,25.0,No,0.5392,Medium
3865-QBWSJ,Month-to-month,38,80.45,No,0.5411,Medium
3352-RICWQ,Two year,9,19.75,No,0.0815,Low
2160-GPFXD,Two year,54,65.65,No,0.0281,Low
2065-MMKGR,One year,29,71.0,No,0.4311,Medium
5857-TYBCJ,Month-to-month,44,89.2,No,0.7867,High
1498-NHTLT,Two year,59,86.75,No,0.0536,Low
4484-CGXFK,Month-to-month,3,55.3,Yes,0.7696,High
1402-PTHGN,One year,18,61.5,No,0.1226,Low
4176-RELJR,Two year,67,25.1,No,0.0138,Low
6214-EDAKZ,Month-to-month,22,55.15,Yes,0.3094,Medium
5199-FPUSP,One year,33,34.05,No,0.1093,Low
6377-KSLXC,Month-to-month,5,19.95,No,0.369,Medium
1796-JANOW,Month-to-month,2,19.95,No,0.4037,Medium
0238-WHBIQ,Two year,72,89.7,No,0.0283,Low
8735-NBLWT,Month-to-month,9,20.4,No,0.2776,Low
6651-RLGGM,Two year,67,26.3,No,0.0084,Low
6127-ISGTU,Month-to-month,16,84.95,Yes,0.8615,High
1614-JBEBI,Month-to-month,8,20.7,No,0.3952,Medium
8740-XLHDR,Month-to-month,5,43.25,Yes,0.5421,Medium
1208-DNHLN,One year,23,48.35,Yes,0.2865,Low
1761-AEZZR,Month-to-month,1,79.55,Yes,0.8833,High
3923-CSIHK,Month-to-month,50,71.05,Yes,0.5863,Medium
5696-EXCYS,Two year,17,19.45,No,0.0748,Low
5795-KTGUD,Two year,68,110.8,No,0.1855,Low
7120-RFMVS,Month-to-month,1,84.5,Yes,0.8835,High
7924-GJZFI,Month-to-month,25,69.3,No,0.7718,High
4702-HDRKD,One year,67,49.35,No,0.0679,Low
8512-WIWYV,One year,32,20.35,No,0.0734,Low
5897-ZYEKH,One year,67,105.6,No,0.4378,Medium
5456-ITGIC,Two year,72,64.45,No,0.0506,Low
7317-GGVPB,Two year,71,108.6,Yes,0.1885,Low
1406-PUQVY,Month-to-month,1,49.9,No,0.6537,High
1322-AGOQM,Month-to-month,46,30.3,Yes,0.2431,Low
3677-IYRBF,Month-to-month,2,30.4,Yes,0.8615,High
5692-FPTAH,Month-to-month,1,45.4,Yes,0.6687,High
9114-AAFQH,One year,48,65.65,No,0.2062,Low
8715-KKTFG,One year,61,103.3,No,0.3873,Medium
1550-LOAHA,Month-to-month,32,84.15,Yes,0.5544,Medium
1728-BQDMA,Month-to-month,2,44.45,No,0.6844,High
0268-QKIWO,Month-to-month,3,19.75,Yes,0.4804,Medium
0876-WDUUZ,Month-to-month,5,85.4,Yes,0.7625,High
5117-ZSMHQ,Two year,71,89.9,No,0.028,Low
5151-HQRDG,Month-to-month,37,55.05,No,0.3049,Medium
0960-HUWBM,Two year,65,104.1,No,0.177,Low
6465-GSRCL,One year,67,106.6,No,0.2695,Low
0617-FHSGK,Month-to-month,49,75.2,Yes,0.4322,Medium
0263-FJTQO,Two year,50,70.5,No,0.0501,Low
7319-ZNRTR,One year,25,19.6,No,0.1023,Low
2858-MOFSQ,One year,17,55.85,Yes,0.3421,Medium
7503-EPSZW,Two year,64,24.05,No,0.0128,Low
7089-XXAYG,One year,25,38.1,No,0.4429,Medium
8118-LSUEL,Month-to-month,23,106.4,Yes,0.8793,High
8070-AAWZP,Month-to-month,24,34.25,No,0.4688,Medium
1666-JXLKU,Month-to-month,37,100.05,No,0.8378,High
7855-DIWPO,Month-to-month,21,68.65,No,0.765,High
5133-POWUA,Month-to-month,1,45.8,No,0.6647,High
5652-MSDEY,Month-to-month,10,75.75,No,0.8053,High
7005-CCBKV,Month-to-month,6,84.4,Yes,0.8447,High
1810-BOHSY,One year,51,96.4,No,0.3068,Medium
1784-BXEFA,Month-to-month,10,20.55,No,0.3747,Medium
7351-MHQVU,Month-to-month,6,50.95,No,0.5214,Medium
9224-VTYID,Two year,47,90.5,No,0.0712,Low
9500-IWPXQ,One year,61,79.4,No,0.0892,Low
5762-TJXGK,Two year,52,58.75,No,0.1028,Low
4504-YOULA,Month-to-month,35,59.45,No,0.2541,Low
5569-IDSEY,One year,71,105.7,No,0.3621,Medium
4250-FDVOU,Month-to-month,6,56.25,Yes,0.5009,Medium
7284-ZZLOH,Two year,45,53.3,No,0.0432,Low
5277-ZLOOR,Month-to-month,2,85.55,Yes,0.9212,High
2141-RRYGO,Month-to-month,4,68.65,Yes,0.6952,High
1777-JYQPJ,Month-to-month,2,24.3,No,0.7342,High
6376-GAHQE,Month-to-month,4,77.85,Yes,0.8456,High
3401-URHDA,One year,51,59.9,No,0.0661,Low
1599-EAHXY,One year,60,23.95,No,0.0232,Low
8631-XVRZL,One year,9,20.15,No,0.2208,Low
5052-PNLOS,Month-to-month,3,105.35,Yes,0.862,High
3853-LYGAM,Month-to-month,17,95.65,No,0.7385,High
6979-ZNSFF,Month-to-month,8,87.05,Yes,0.8885,High
5751-USDBL,Two year,46,81.0,No,0.0486,Low
5680-LQOGP,Two year,68,82.45,No,0.0391,Low
2386-LAHRK,Month-to-month,1,53.5,Yes,0.7209,High
8189-DUKMV,One year,4,20.5,No,0.2021,Low
6032-IGALN,Month-to-month,1,25.1,Yes,0.789,High
9931-DCEZH,One year,28,54.4,No,0.1346,Low
1898-JSNDC,One year,39,58.6,No,0.2032,Low
0315-LVCRK,Month-to-month,11,84.8,No,0.8093,High
3911-RSNHI,Two year,71,61.4,No,0.0593,Low
2410-CIYFZ,Month-to-month,2,20.4,No,0.346,Medium
4248-HCETZ,Month-to-month,30,79.65,Yes,0.6322,High
5505-OVWQW,One year,17,20.15,No,0.1343,Low
7271-AJDTL,Month-to-month,55,94.45,No,0.5726,Medium
1867-TJHTS,Month-to-month,58,79.8,No,0.3767,Medium
0516-WJVXC,Month-to-month,5,54.2,Yes,0.4668,Medium
9174-FKWZE,Month-to-month,1,19.45,Yes,0.6175,High
6860-YRJZP,Month-to-month,9,74.05,No,0.8827,High
4429-WYGFR,Month-to-month,26,49.15,No,0.2789,Low
2817-LVCPP,Two year,50,19.4,No,0.0178,Low
5038-ETMLM,Two year,72,113.65,No,0.1336,Low
5056-FIMPT,One year,43,106.0,No,0.2498,Low
4521-WFJAI,Two year,56,25.95,No,0.0218,Low
6569-KTMDU,Month-to-month,1,19.1,No,0.4182,Medium
8809-RIHDD,Two year,72,103.4,Yes,0.251,Low
8809-XKHMD,Two year,72,100.55,No,0.0864,Low
0396-YCHWO,Month-to-month,36,95.4,No,0.8259,High
0867-LDTTC,Month-to-month,5,75.15,No,0.5766,Medium
4822-NGOCH,Month-to-month,13,84.45,Yes,0.8203,High
9391-DXGGG,One year,44,89.15,No,0.3769,Medium
9844-FELAJ,One year,70,107.9,No,0.3873,Medium
2122-SZZZD,One year,44,19.5,No,0.0431,Low
5307-DZCVC,Month-to-month,32,85.95,Yes,0.7673,High
3148-AOIQT,Two year,69,24.95,No,0.013,Low
8679-JOEVF,Month-to-month,16,59.4,Yes,0.5874,Medium
8395-ETZKQ,One year,68,19.5,No,0.0126,Low
6692-YQHXC,Month-to-month,16,69.95,No,0.7283,High
3889-VWBID,Two year,68,82.85,No,0.0208,Low
5222-JCXZT,Month-to-month,4,19.0,No,0.3828,Medium
9754-CLVZW,Month-to-month,26,38.85,No,0.2337,Low
1432-FPAXX,Month-to-month,29,30.6,Yes,0.5664,Medium
2739-CCZMB,Month-to-month,5,20.35,No,0.3199,Medium
7080-TNUWP,One year,70,95.0,No,0.2797,Low
0496-AHOOK,One year,24,74.4,No,0.1758,Low
8336-TAVKX,Two year,72,78.45,No,0.0282,Low
2468-SJFLM,Month-to-month,1,74.3,No,0.7425,High
3181-VTHOE,One year,70,51.05,No,0.0739,Low
7168-HDQHG,Month-to-month,36,19.2,No,0.0944,Low
4803-AXVYP,Month-to-month,38,99.55,Yes,0.8028,High
3884-HCSWG,Month-to-month,17,70.0,Yes,0.7807,High
4567-AKPIA,One year,41,109.1,No,0.3968,Medium
5077-DXTCG,Month-to-month,1,45.3,Yes,0.7422,High
1142-WACZW,Month-to-month,2,29.85,Yes,0.6391,High
7901-HXJVA,Month-to-month,14,76.45,No,0.7533,High
5649-ANRML,Month-to-month,2,95.1,Yes,0.7782,High
4892-VLANZ,Month-to-month,1,19.8,Yes,0.4126,Medium
5924-IFQTT,Month-to-month,13,72.8,No,0.5838,Medium
7968-QUXNS,Month-to-month,6,18.95,No,0.3611,Medium
2919-HBCJO,Month-to-month,4,76.65,Yes,0.7485,High
4236-XPXAV,Month-to-month,5,99.15,Yes,0.7218,High
8903-WMRNW,Month-to-month,15,101.75,No,0.7663,High
2452-SNHFZ,Month-to-month,47,75.45,No,0.3418,Medium
3629-WEAAM,Month-to-month,8,64.1,No,0.5115,Medium
6029-CSMJE,Month-to-month,17,25.65,No,0.6437,High
7993-NQLJE,Month-to-month,15,75.1,No,0.5135,Medium
9909-DFRJA,One year,26,95.85,No,0.3398,Medium
9099-FTUHS,Month-to-month,23,54.4,No,0.46,Medium
0581-BXBUB,Month-to-month,4,72.75,No,0.819,High
4962-CHQPW,One year,29,19.85,No,0.0651,Low
9467-ROOLM,Month-to-month,25,19.05,No,0.192,Low
3030-YZADT,Month-to-month,9,44.95,Yes,0.5339,Medium
7410-KTVFV,Month-to-month,18,49.55,Yes,0.5031,Medium
5150-ITWWB,Month-to-month,3,94.85,No,0.9344,High
2253-KPMNB,Two year,69,46.25,No,0.0121,Low
1345-ZUKID,One year,14,19.35,No,0.1523,Low
6429-SHBCB,Month-to-month,19,69.6,No,0.641,High
9281-OFDMF,Month-to-month,39,90.7,No,0.7219,High
2603-HVKCG,Month-to-month,31,101.4,No,0.7845,High
1834-WULEG,One year,24,20.25,No,0.0774,Low
9097-ZUBYC,Month-to-month,14,48.8,No,0.3724,Medium
5148-ORICT,Two year,64,74.35,No,0.0282,Low
4893-GYUJU,One year,50,19.35,No,0.0432,Low
4578-PHJYZ,One year,52,68.75,No,0.1159,Low
7272-QDCKA,One year,28,100.2,No,0.6371,High
8908-SLFCJ,Two year,21,20.85,No,0.079,Low
8393-DLHGA,Month-to-month,25,95.9,Yes,0.7686,High
9766-HGEDE,One year,17,19.35,No,0.1301,Low
6968-MHOMU,One year,58,45.0,No,0.2196,Low
7395-IGJOS,Month-to-month,17,81.5,Yes,0.7298,High
5044-XDPYX,Two year,51,25.5,No,0.0217,Low
1814-WFGVS,Two year,72,48.9,No,0.019,Low
2834-SPCJV,Month-to-month,52,84.1,Yes,0.4605,Medium
3721-WKIIL,Two year,27,19.6,No,0.0617,Low
6734-CKRSM,Month-to-month,3,20.0,No,0.3929,Medium
1265-ZFOSD,Two year,64,81.3,No,0.0385,Low
6568-POCUI,Two year,45,95.2,No,0.2474,Low
7890-VYYWG,Month-to-month,3,36.45,Yes,0.8312,High
5197-LQXXH,Two year,71,83.3,No,0.0658,Low
9907-SWKKF,Month-to-month,1,25.05,Yes,0.7805,High
3457-PQBYH,Two year,58,20.3,No,0.0093,Low
7682-AZNDK,Month-to-month,34,89.85,No,0.6622,High
0587-DMGBH,Month-to-month,8,49.85,Yes,0.5898,Medium
5384-ZTTWP,Month-to-month,15,19.8,No,0.2218,Low
3745-HRPHI,Two year,66,54.65,No,0.0456,Low
7636-OWBPG,Month-to-month,12,29.35,No,0.7072,High
1231-YNDEK,Two year,58,19.15,No,0.0142,Low
1407-DIGZV,Two year,3,19.1,No,0.1046,Low
6397-JNZZG,Month-to-month,43,55.55,Yes,0.487,Medium
0570-BFQHT,Month-to-month,9,80.55,No,0.7475,High
4393-OBCRR,One year,3,20.25,No,0.227,Low
3523-QRQLL,One year,22,69.5,Yes,0.3028,Medium
8564-LDKFL,One year,40,106.0,No,0.5334,Medium
3696-DFHHB,Two year,68,25.5,No,0.0104,Low
0895-DQHEW,Month-to-month,54,104.3,Yes,0.7189,High
4717-GHADL,Two year,50,79.6,No,0.1122,Low
5501-TVMGM,Month-to-month,1,55.25,No,0.7789,High
5879-HMFFH,Two year,72,88.05,No,0.0359,Low
6772-WFQRD,One year,40,20.4,No,0.0497,Low
3810-DVDQQ,Two year,72,117.6,No,0.1063,Low
6972-SNKKW,Month-to-month,6,20.0,No,0.3599,Medium
3694-GLTJM,Month-to-month,5,19.65,No,0.4369,Medium
8550-XSXUQ,One year,48,70.55,No,0.205,Low
8149-RSOUN,Month-to-month,1,93.85,Yes,0.9253,High
9055-MOJJJ,One year,64,65.8,No,0.0338,Low
4359-INNWN,One year,17,20.05,No,0.1356,Low
0585-EGDDA,Month-to-month,40,80.0,No,0.5959,Medium
4032-RMHCI,One year,41,35.4,No,0.1097,Low
0549-CYCQN,One year,51,79.6,No,0.3442,Medium
3481-JHUZH,Month-to-month,41,80.25,No,0.6614,High
7250-EQKIY,Month-to-month,1,50.45,Yes,0.5429,Medium
3594-IVHJZ,Month-to-month,2,20.45,No,0.4649,Medium
6869-FGJJC,One year,68,79.6,No,0.1455,Low
3896-ZVNET,Two year,24,24.7,No,0.0555,Low
8205-VSLRB,Two year,70,77.3,No,0.0291,Low
5960-MVTUK,Month-to-month,3,29.75,No,0.7676,High
6817-WTYHE,Month-to-month,2,44.9,No,0.587,Medium
3082-VQXNH,Month-to-month,3,29.8,No,0.6811,High
4013-UBXWQ,Month-to-month,7,74.65,Yes,0.7671,High
4931-TRZWN,Month-to-month,13,71.95,No,0.6589,High
0750-EKNGL,Month-to-month,7,20.75,No,0.3447,Medium
7669-LCRSD,Month-to-month,12,56.3,No,0.557,Medium
3567-PQTSO,One year,53,105.25,No,0.5091,Medium
5519-NPHVG,Month-to-month,12,94.2,Yes,0.9006,High
8043-PNYSD,Two year,63,19.55,No,0.0073,Low
9938-EKRGF,Month-to-month,15,84.45,No,0.3771,Medium
2703-AMTUL,One year,36,53.65,No,0.0763,Low
0928-JMXNP,Month-to-month,4,29.9,No,0.8448,High
8173-RXAYP,Two year,24,19.7,No,0.0422,Low
4825-XJGDM,One year,61,43.7,No,0.0449,Low
5402-HTOTQ,Month-to-month,16,55.3,No,0.5773,Medium
6734-JDTTV,Two year,65,19.85,No,0.0086,Low
7850-THJMU,Two year,26,19.65,No,0.0392,Low
3890-RTCMS,Month-to-month,16,49.45,No,0.4385,Medium
8849-GYOKR,One year,54,106.55,Yes,0.3029,Medium
3148-BLQJT,Month-to-month,1,20.1,Yes,0.4115,Medium
3717-FDJFU,Two year,5,20.45,No,0.097,Low
3665-JATSN,Month-to-month,19,39.7,No,0.7238,High
7966-YOTQW,Month-to-month,10,54.5,No,0.5559,Medium
0461-CVKMU,Month-to-month,23,83.8,Yes,0.519,Medium
8806-EAGWC,Month-to-month,3,55.15,Yes,0.6439,High
8853-TZDGH,Two year,72,111.6,No,0.1831,Low
7779-LGOVN,Month-to-month,10,86.65,Yes,0.8953,High
4324-BZCKL,Month-to-month,10,55.55,No,0.4779,Medium
6924-TDGMT,One year,11,20.55,No,0.1976,Low
9710-ZUSHQ,Month-to-month,37,106.75,Yes,0.7034,High
1536-YHDOE,One year,17,62.1,No,0.1838,Low
8123-QBNAZ,Month-to-month,36,104.5,No,0.653,High
3629-ZNKXA,Month-to-month,17,101.8,No,0.8623,High
4827-LTQRJ,One year,66,110.6,No,0.2441,Low
7711-YIJWC,One year,61,84.9,No,0.0511,Low
5482-VXSXJ,Month-to-month,22,93.2,No,0.7676,High
7365-BVCJH,Month-to-month,1,24.4,No,0.8418,High
9620-ENEJV,Month-to-month,6,70.55,No,0.7383,High
4183-WCSEP,Month-to-month,31,78.45,Yes,0.5829,Medium
2378-YIZKA,Two year,68,85.0,No,0.0288,Low
5498-TXHLF,Month-to-month,34,87.45,Yes,0.7015,High
0689-DSXGL,Month-to-month,52,85.8,No,0.2363,Low
6818-DJXAA,Month-to-month,10,91.1,No,0.7616,High
9722-UJOJR,Month-to-month,29,70.75,Yes,0.6429,High
0464-WJTKO,Two year,72,20.1,No,0.0046,Low
8902-ZEOVF,One year,47,20.05,No,0.029,Low
6778-EICRF,One year,24,74.8,No,0.2592,Low
2662-NNTDK,One year,65,24.8,No,0.0237,Low
4132-KALRO,Month-to-month,4,100.85,No,0.8417,High
3902-FOIGH,Month-to-month,12,101.35,Yes,0.8986,High
6772-KSATR,Month-to-month,1,81.7,Yes,0.8307,High
7112-OPOTK,Month-to-month,33,68.25,Yes,0.6194,High
2874-YXVVA,Month-to-month,34,105.1,No,0.7139,High
1245-HARPS,Two year,14,20.4,No,0.0804,Low
4210-QFJMF,Month-to-month,4,79.15,Yes,0.874,High
4323-ELYYB,One year,13,20.0,No,0.1223,Low
4293-ETKAP,Two year,65,79.4,No,0.0534,Low
6064-PUPMC,One year,23,57.2,No,0.0988,Low
6504-VBLFL,Two year,55,58.6,No,0.0371,Low
6322-PJJDJ,Two year,49,94.8,No,0.3373,Medium
0330-BGYZE,One year,60,102.5,No,0.3636,Medium
1085-LDWAM,One year,69,20.35,No,0.0144,Low
7586-ZATGZ,Month-to-month,40,84.9,No,0.7613,High
7197-VOJMM,Two year,67,69.2,No,0.024,Low
3318-OSATS,Month-to-month,35,95.45,Yes,0.8641,High
5828-AVIPD,One year,19,100.95,Yes,0.6419,High
1843-TLSGD,Two year,13,20.85,No,0.0674,Low
9626-VFRGG,Month-to-month,41,88.5,No,0.5957,Medium
7075-BNDVQ,Month-to-month,4,35.0,No,0.623,High
9143-CANJF,Month-to-month,24,55.15,No,0.2469,Low
7284-BUYEC,Month-to-month,5,50.95,No,0.8046,High
2041-JIJCI,Month-to-month,5,64.0,No,0.7752,High
1086-LXKFY,Month-to-month,1,69.1,Yes,0.7675,High
4900-MSOMT,Two year,72,80.2,No,0.0184,Low
2229-VWQJH,Month-to-month,24,49.3,No,0.4671,Medium
9194-GFVOI,Two year,42,84.35,No,0.0907,Low
1336-EZFZY,Month-to-month,4,20.05,No,0.3819,Medium
4282-MSACW,One year,68,117.2,No,0.2696,Low
1403-LKLIK,One year,33,20.1,No,0.0529,Low
2636-ALXXZ,Month-to-month,1,69.6,Yes,0.882,High
7774-OJSXI,One year,31,103.45,Yes,0.6871,High
7786-WBJYI,Month-to-month,4,77.95,Yes,0.7582,High
0136-IFMYD,Two year,69,109.95,No,0.2995,Low
5144-TVGLP,Month-to-month,38,94.75,No,0.8174,High
9643-AVVWI,Month-to-month,3,80.0,No,0.7109,High
0253-ZTEOB,Two year,48,79.65,No,0.1018,Low
2706-QZIHY,Two year,15,25.2,No,0.0995,Low
6061-PQHMK,One year,25,19.9,No,0.0991,Low
9885-CSMWE,Month-to-month,1,78.45,Yes,0.881,High
6137-MFAJN,Month-to-month,48,44.8,No,0.3631,Medium
9122-UMROB,Month-to-month,1,20.3,No,0.4107,Medium
4232-JGKIY,Month-to-month,1,19.2,No,0.5025,Medium
2402-TAIRZ,One year,37,80.05,No,0.3789,Medium
9659-ZTWSM,One year,66,107.35,No,0.3653,Medium
9139-TWBAS,One year,26,47.85,No,0.2401,Low
6685-GBWJZ,One year,63,70.8,No,0.0408,Low
5016-ETTFF,Month-to-month,10,29.5,Yes,0.6579,High
3866-MDTUB,Month-to-month,2,70.75,Yes,0.7374,High
2195-VVRJF,Month-to-month,18,59.1,No,0.5156,Medium
3913-RDSJZ,Two year,64,25.55,No,0.0127,Low
8058-JMEQO,Month-to-month,9,84.45,Yes,0.9052,High
4203-QGNZA,Month-to-month,28,20.25,No,0.1396,Low
5043-TRZWM,Month-to-month,1,75.55,No,0.8218,High
0697-ZMSWS,Month-to-month,4,85.65,Yes,0.8969,High
7657-DYEPJ,One year,38,70.15,Yes,0.1868,Low
9494-BDNNC,One year,66,95.3,No,0.333,Medium
1640-PLFMP,Month-to-month,1,70.25,No,0.8577,High
5366-OBVMR,Month-to-month,18,50.3,No,0.411,Medium
8276-MQBYC,Month-to-month,51,97.8,Yes,0.8101,High
7593-XFKDI,Month-to-month,1,46.3,Yes,0.6035,High
4573-JKNAE,Two year,12,19.35,No,0.0692,Low
0337-CNPZE,Month-to-month,41,106.3,Yes,0.8018,High
9817-APLHW,Month-to-month,12,25.0,No,0.4429,Medium
8380-MQINP,Two year,55,20.3,No,0.0105,Low
0840-DFEZH,Month-to-month,7,75.35,No,0.8672,High
1513-XNPPH,Month-to-month,12,89.4,Yes,0.7918,High
8690-ZVLCL,Two year,68,88.0,No,0.0343,Low
6015-VVHHE,Month-to-month,5,83.15,Yes,0.8882,High
1125-SNVCK,Month-to-month,49,43.8,No,0.2272,Low
0384-LPITE,One year,40,62.05,No,0.2183,Low
4616-EWBNJ,One year,16,20.1,No,0.1326,Low
6347-DCUIK,Month-to-month,10,74.15,Yes,0.8089,High
1335-HQMKX,One year,72,101.35,No,0.4591,Medium
2545-EBUPK,Month-to-month,2,84.05,No,0.9218,High
6923-AQONU,Two year,23,20.9,No,0.043,Low
2172-EJXVF,One year,71,105.9,No,0.5273,Medium
0897-FEGMU,Month-to-month,11,99.5,Yes,0.9009,High
7663-RGWBC,Month-to-month,1,44.15,Yes,0.6705,High
1120-BMWUB,Month-to-month,16,53.9,Yes,0.3998,Medium
9124-LHCJQ,Month-to-month,1,85.45,Yes,0.871,High
4536-PLEQY,Month-to-month,12,85.05,No,0.7535,High
7029-IJEJK,One year,54,44.1,No,0.079,Low
8871-JLMHM,Two year,68,90.2,No,0.0844,Low
2235-ZGKPT,Month-to-month,4,50.85,Yes,0.581,Medium
3891-PUQOD,Month-to-month,1,59.2,Yes,0.6891,High
5447-VYTKW,Month-to-month,27,53.45,No,0.2138,Low
3623-FQBOX,Month-to-month,21,19.95,No,0.266,Low
0689-NKYLF,Month-to-month,13,83.2,Yes,0.8437,High
8659-HDIYE,Month-to-month,64,74.65,No,0.2021,Low
3658-KIBGF,Month-to-month,1,54.9,Yes,0.6101,High
3474-BAFSJ,Two year,57,57.5,No,0.0872,Low
5519-YLDGW,Month-to-month,21,103.9,Yes,0.8314,High
3865-ZFZIB,Two year,19,19.65,No,0.0668,Low
1855-AGAWH,One year,31,93.8,No,0.6554,High
7109-CQYUZ,Two year,52,89.25,No,0.0796,Low
1370-GGAWX,One year,46,94.15,No,0.5383,Medium
4680-KUTAJ,Month-to-month,11,55.6,No,0.6717,High
5307-UVGNB,Month-to-month,53,48.7,No,0.1984,Low
4946-EDSEW,Month-to-month,11,19.25,Yes,0.3078,Medium
2883-ILGWO,Month-to-month,57,104.9,No,0.598,Medium
2516-VQRRV,Month-to-month,2,75.45,Yes,0.8668,High
7580-UGXNC,Month-to-month,2,54.85,Yes,0.5014,Medium
3642-BYHDO,Two year,71,19.9,No,0.0048,Low
9629-NHXFW,Month-to-month,1,19.4,No,0.4145,Medium
2696-RZVZW,Two year,68,25.05,No,0.0102,Low
5766-FTRTS,Two year,72,84.45,No,0.0252,Low
0396-HUJBP,Month-to-month,2,19.3,No,0.4067,Medium
5178-LMXOP,Month-to-month,1,95.1,Yes,0.9342,High
8879-ZKJOF,One year,41,79.85,No,0.1552,Low
6285-FTQBF,Two year,72,25.55,No,0.007,Low
8185-UPYBR,Month-to-month,6,75.5,Yes,0.8631,High
4585-HETAI,Month-to-month,4,73.75,Yes,0.8116,High
7526-BEZQB,Month-to-month,12,96.05,Yes,0.8993,High
1474-JUWSM,One year,58,68.4,No,0.1242,Low
3530-CRZSB,Month-to-month,7,20.65,No,0.3486,Medium
8498-XXGWA,Month-to-month,65,55.15,No,0.1121,Low
9617-INGJY,Month-to-month,1,70.6,No,0.8062,High
0621-TSSMU,One year,56,19.95,No,0.0246,Low
7234-KMNRQ,Month-to-month,4,19.0,No,0.3825,Medium
7636-PEPNS,One year,58,44.1,No,0.0684,Low
4683-WYDOU,Two year,62,107.6,No,0.2397,Low
9052-DHNKM,One year,26,61.55,No,0.2229,Low
6794-HKIAJ,Month-to-month,62,90.7,No,0.288,Low
5578-NKCXI,One year,58,99.25,No,0.199,Low
1642-HMARX,Two year,68,91.7,No,0.0756,Low
3096-WPXBT,One year,61,100.7,No,0.2236,Low
8434-PNQZX,Two year,42,78.45,No,0.1652,Low
5950-AAAGJ,Month-to-month,18,84.3,No,0.7572,High
4299-OPXEJ,Two year,56,19.55,No,0.016,Low
4951-UKAAQ,Month-to-month,4,88.95,Yes,0.8826,High
9618-LFJRU,Month-to-month,4,20.45,No,0.3836,Medium
6693-DJWTY,One year,35,55.6,No,0.0839,Low
0744-GKNGE,Month-to-month,64,86.8,No,0.2169,Low
6447-EGDIV,One year,31,20.95,No,0.0756,Low
1167-OYZJF,Two year,67,20.05,No,0.0113,Low
2108-YKQTY,Month-to-month,4,50.7,Yes,0.5352,Medium
4806-DXQCE,Two year,70,113.65,No,0.2182,Low
4918-QLLIW,Month-to-month,3,53.4,Yes,0.6552,High
7056-IMHCC,Month-to-month,53,101.9,Yes,0.7744,High
4854-SSLTN,Two year,2,59.5,No,0.0903,Low
5294-DMSFH,Month-to-month,29,87.8,No,0.7142,High
4837-PZTIC,Two year,47,41.9,No,0.0429,Low
1625-JAIIY,One year,68,83.0,Yes,0.3396,Medium
0603-OLQDC,Month-to-month,12,69.85,No,0.5314,Medium
3272-VUHPV,Month-to-month,8,56.3,No,0.3247,Medium
4176-FXYBO,Month-to-month,54,109.55,No,0.6161,High
1063-DHQJF,Two year,69,92.15,No,0.0803,Low
8663-UPDGF,Month-to-month,26,69.5,No,0.4288,Medium
6719-FGEDO,Two year,72,97.0,No,0.0662,Low
1837-YQUCE,Two year,70,58.35,No,0.0491,Low
2947-DOMLJ,Month-to-month,1,50.6,Yes,0.4437,Medium
4112-LUEIZ,Month-to-month,10,89.5,Yes,0.8791,High
0369-ZGOVK,One year,28,70.4,No,0.3686,Medium
4510-HIMLV,Month-to-month,1,69.8,Yes,0.8571,High
9919-KNPOO,Month-to-month,21,94.3,No,0.8749,High
8749-JMNKX,Month-to-month,51,93.8,Yes,0.5751,Medium
7872-BAAZR,One year,53,19.55,No,0.021,Low
9391-LMANN,One year,53,95.95,No,0.223,Low
2430-USGXP,Month-to-month,24,101.05,Yes,0.8655,High
8174-TBVCF,Two year,70,94.8,No,0.0532,Low
1698-XFZCI,One year,61,107.75,No,0.4396,Medium
1877-HKBQX,One year,11,54.6,No,0.2228,Low
4450-DLLMH,Month-to-month,2,71.3,No,0.8022,High
0428-AXXLJ,One year,25,19.5,No,0.116,Low
2746-DIJLO,One year,41,56.3,No,0.1909,Low
5955-ERIHD,Month-to-month,18,94.7,Yes,0.8819,High
0917-EZOLA,Two year,72,104.15,Yes,0.2694,Low
3508-VLHCZ,Two year,71,90.55,No,0.0371,Low
4086-ATNFV,One year,34,60.8,No,0.1054,Low
0468-YRPXN,Month-to-month,29,98.8,No,0.6915,High
5996-NRVXR,One year,40,98.15,No,0.3005,Medium
3739-YBWAB,One year,36,35.35,No,0.1598,Low
7047-FWEYA,One year,46,103.15,No,0.5067,Medium
2000-MPKCA,One year,58,107.75,No,0.468,Medium
9762-YAQAA,One year,39,81.4,No,0.3421,Medium
5949-EBSQK,Month-to-month,4,61.45,Yes,0.4706,Medium
5473-KHBPS,One year,52,95.7,No,0.3503,Medium
0100-DUVFC,One year,70,104.8,No,0.5179,Medium
5397-TUPSH,One year,65,70.95,No,0.209,Low
8950-MTZNV,Month-to-month,1,44.95,No,0.6677,High
0326-VDYXE,One year,70,97.65,No,0.5039,Medium
6773-LQTVT,Month-to-month,29,35.65,No,0.472,Medium
7274-RTAPZ,Month-to-month,1,90.55,Yes,0.9021,High
0436-TWFFZ,Two year,67,85.25,No,0.0603,Low
8566-YPRGL,Month-to-month,1,19.5,No,0.4799,Medium
0311-UNPFF,Month-to-month,26,88.8,Yes,0.7605,High
6609-MXJHJ,Two year,30,25.1,No,0.0556,Low
2669-OIDSD,Month-to-month,48,100.05,No,0.5821,Medium
8400-WZICQ,Month-to-month,55,55.7,No,0.1166,Low
3834-XUIFC,Month-to-month,7,85.2,Yes,0.8499,High
9576-SYUHJ,Month-to-month,37,91.15,No,0.7033,High
0410-IPFTY,Month-to-month,31,83.85,No,0.635,High
2831-EBWRN,Month-to-month,4,45.9,No,0.7159,High
9430-NKQLY,Two year,72,25.1,No,0.0089,Low
8414-MYSHR,Month-to-month,5,91.4,Yes,0.9092,High
0247-SLUJI,Month-to-month,1,19.7,No,0.3502,Medium
9402-ORRAH,Month-to-month,15,91.5,No,0.8866,High
6483-OATDN,Month-to-month,8,51.3,No,0.4338,Medium
1293-HHSHJ,One year,35,21.1,No,0.0633,Low
4840-ORQXB,Month-to-month,56,104.75,No,0.7267,High
7599-FKVXZ,Month-to-month,42,106.15,Yes,0.6699,High
3982-DQLUS,Month-to-month,65,85.75,No,0.3969,Medium
8610-ZIKJJ,One year,2,20.3,No,0.1897,Low
3756-VNWDH,One year,65,100.75,No,0.4776,Medium
7801-KICAO,Month-to-month,18,74.15,No,0.8238,High
7673-LPRNY,One year,23,78.55,No,0.4768,Medium
8229-TNIQA,Month-to-month,4,45.3,Yes,0.6437,High
6060-QBMGV,Two year,70,19.85,No,0.0068,Low
7339-POGZN,Month-to-month,4,50.7,No,0.7197,High
2828-SLQPF,Month-to-month,19,45.0,No,0.4848,Medium
4465-VDKIQ,Month-to-month,18,77.8,No,0.7022,High
2921-XWDJH,Month-to-month,38,83.45,No,0.6692,High
6221-AVQYL,Month-to-month,2,73.25,Yes,0.8453,High
2558-BUOZZ,One year,47,94.8,No,0.2769,Low
9257-AZMTZ,Two year,52,20.1,No,0.0116,Low
0003-MKNFE,Month-to-month,9,59.9,No,0.6531,High
0975-UYDTX,One year,26,90.1,No,0.2496,Low
7743-EXURX,Month-to-month,8,51.05,Yes,0.6225,High
4682-BLBUC,One year,44,70.95,No,0.1836,Low
0975-VOOVL,Month-to-month,3,29.2,No,0.6911,High
5968-VXZLG,Month-to-month,2,46.6,No,0.6397,High
5569-KGJHX,Month-to-month,9,85.35,Yes,0.7978,High
4988-IQIGL,Month-to-month,1,75.35,Yes,0.9042,High
5201-FRKKS,Month-to-month,25,74.3,No,0.4948,Medium
9799-CAYJJ,Month-to-month,2,69.3,No,0.8755,High
7730-IUTDZ,Month-to-month,43,75.2,Yes,0.5112,Medium
0426-TIRNE,Month-to-month,1,20.9,Yes,0.4113,Medium
5443-SCMKX,One year,58,94.3,No,0.4554,Medium
8295-KMENE,Two year,59,76.45,No,0.041,Low
6738-ISCBM,One year,44,54.0,No,0.3398,Medium
9821-BESNZ,One year,66,104.25,No,0.4056,Medium
3678-MNGZX,Two year,68,19.95,No,0.0055,Low
1335-NTIUC,Month-to-month,9,24.95,No,0.7856,High
2916-BQZLN,Month-to-month,19,84.75,No,0.7527,High
4558-CGYCZ,Month-to-month,4,19.75,No,0.3799,Medium
2368-GAKKQ,Two year,70,113.65,No,0.1425,Low
8710-YGLWG,Month-to-month,1,44.9,No,0.6679,High
3199-XGZCY,Month-to-month,8,75.25,No,0.8618,High
3785-KTYSH,Two year,53,24.6,No,0.0204,Low
6814-ZPWFQ,One year,51,25.0,No,0.0491,Low
4063-EIKNQ,Month-to-month,11,20.95,No,0.2423,Low
6993-YCOBK,Two year,60,110.6,No,0.2051,Low
5206-HPJKM,Month-to-month,17,55.5,No,0.3784,Medium
7587-RZNME,Month-to-month,3,43.3,Yes,0.7304,High
0748-RDGGM,One year,70,109.5,Yes,0.1746,Low
8393-JMVMB,Month-to-month,1,19.45,No,0.414,Medium
5019-GQVCR,Month-to-month,43,84.85,No,0.7835,High
6036-TTFYU,Month-to-month,16,19.6,No,0.2567,Low
2550-AEVRU,One year,57,53.45,No,0.0521,Low
0969-RGKCU,One year,37,19.8,No,0.0449,Low
0378-CJKPV,Two year,72,112.1,No,0.1103,Low
4706-AXVKM,Month-to-month,11,84.8,Yes,0.8638,High
5889-JTMUL,Month-to-month,50,95.05,Yes,0.7377,High
9026-RNUJS,Month-to-month,5,50.35,Yes,0.6969,High
3746-EUBYR,Month-to-month,1,74.6,Yes,0.8325,High
2332-EFBJY,Month-to-month,16,19.7,Yes,0.3153,Medium
2880-FPNAE,Month-to-month,2,74.2,No,0.8731,High
1703-MGIAB,Month-to-month,17,69.0,No,0.5686,Medium
4311-QTTAI,One year,16,19.35,No,0.1417,Low
9474-PHLYD,Month-to-month,15,59.45,Yes,0.6866,High
4318-RAJVY,One year,10,19.8,No,0.2166,Low
2165-VOEGB,One year,46,105.2,Yes,0.2256,Low
3612-YUNGG,Two year,64,109.2,No,0.1688,Low
2254-DLXRI,Month-to-month,1,79.15,No,0.822,High
5062-CJJKH,One year,25,53.65,No,0.159,Low
9028-LIHRP,Two year,71,100.2,No,0.0476,Low
2219-MVUSO,Month-to-month,8,45.15,Yes,0.6087,High
1053-MXTTK,Two year,72,108.65,No,0.0775,Low
1530-ZTDOZ,Month-to-month,49,40.65,No,0.2403,Low
1301-LOPVR,One year,29,55.35,No,0.176,Low
0853-TWRVK,Two year,72,105.6,No,0.0721,Low
8914-RBTSB,Month-to-month,31,93.8,Yes,0.7413,High
6212-ATMLK,Month-to-month,50,95.7,No,0.7723,High
8200-LGKSR,Two year,71,83.2,No,0.0596,Low
1568-BEKZM,Two year,70,90.05,No,0.0471,Low
0670-ANMUU,One year,71,97.65,No,0.1418,Low
6897-RWMUB,Two year,61,68.05,No,0.0161,Low
0963-ZBDRN,Month-to-month,32,96.2,Yes,0.7434,High
7594-RQHXR,Month-to-month,1,79.6,Yes,0.857,High
6999-CHVCF,Two year,68,102.1,No,0.1409,Low
6134-KWTBV,Two year,62,23.4,No,0.013,Low
1077-HUUJM,Month-to-month,7,71.05,No,0.795,High
6331-EWIEB,Month-to-month,20,85.25,Yes,0.8506,High
0895-LNKRC,One year,6,19.45,No,0.1634,Low
2045-BMBTJ,Month-to-month,33,59.45,No,0.5367,Medium
8417-GSODA,One year,28,92.2,No,0.5226,Medium
5171-EPLKN,Two year,27,19.85,No,0.0472,Low
4452-QIIEB,Month-to-month,7,43.9,No,0.5534,Medium
5998-VVEJY,Month-to-month,26,80.5,Yes,0.713,High
1624-NALOJ,Month-to-month,5,89.8,Yes,0.8989,High
6741-EGCBI,Month-to-month,30,90.5,No,0.7057,High
7820-ZYGNY,One year,63,90.45,No,0.2773,Low
4317-VTEOA,Month-to-month,1,50.75,Yes,0.7007,High
9677-AVKED,One year,53,84.6,No,0.2102,Low
1670-SVOWZ,Month-to-month,14,89.65,Yes,0.6159,High
2227-JRSJX,Month-to-month,21,99.15,No,0.6777,High
9847-HNVGP,One year,17,19.95,No,0.132,Low
6696-YDAYZ,Two year,16,20.5,No,0.0583,Low
8980-WQFWL,Month-to-month,35,62.1,No,0.5103,Medium
1730-ZMAME,Month-to-month,32,79.5,No,0.7913,High
6506-EYCNH,Month-to-month,28,19.55,No,0.1619,Low
4634-JLRJT,Month-to-month,1,20.35,No,0.4766,Medium
9501-UKKNL,Month-to-month,59,51.7,No,0.3811,Medium
2560-QTSBS,One year,72,23.3,No,0.0161,Low
7541-YLXCL,One year,36,65.4,Yes,0.1682,Low
4795-WRNVT,Month-to-month,40,65.1,No,0.2216,Low
6080-TCMYC,Month-to-month,40,81.2,No,0.6498,High
0260-ZDLGK,Month-to-month,9,72.9,Yes,0.5759,Medium
7860-UXCRM,Two year,63,74.5,No,0.0183,Low
6357-JJPQT,Month-to-month,3,80.5,No,0.8764,High
2292-XQWSV,One year,40,60.3,No,0.182,Low
9552-TGUZV,Month-to-month,8,75.0,No,0.6828,High
5913-INRQV,One year,34,90.15,No,0.2876,Low
8722-NGNBH,Month-to-month,5,40.0,Yes,0.5186,Medium
6210-KBBPI,Month-to-month,9,99.45,Yes,0.879,High
9643-YBLUR,Month-to-month,9,69.05,No,0.6707,High
8734-FNWVH,Month-to-month,31,59.7,No,0.3848,Medium
9447-YPTBX,One year,50,19.85,No,0.0382,Low
0133-BMFZO,Month-to-month,2,86.25,Yes,0.6795,High
6128-CZOMY,Month-to-month,1,45.65,Yes,0.7412,High
9540-JYROE,Month-to-month,8,70.1,Yes,0.7693,High
9026-LHEVG,Month-to-month,9,40.75,No,0.7516,High
2260-USTRB,Month-to-month,2,70.2,Yes,0.8253,High
3656-TKRVZ,Month-to-month,3,55.35,Yes,0.5278,Medium
7011-CVEUC,Month-to-month,25,95.7,No,0.6956,High
6185-TASNN,Month-to-month,1,46.3,No,0.7269,High
7925-PNRGI,Month-to-month,45,81.3,No,0.1566,Low
8623-TMRBY,Month-to-month,51,84.2,Yes,0.5823,Medium
1552-CZCLL,Month-to-month,55,20.0,No,0.0444,Low
3038-PQIUY,Month-to-month,38,66.15,No,0.2754,Low
1501-SGHBW,Month-to-month,2,45.85,Yes,0.5952,Medium
9313-CDOGY,Month-to-month,38,19.6,No,0.1228,Low
8148-BPLZQ,Month-to-month,34,49.8,No,0.4085,Medium
2623-DRYAM,One year,70,101.75,No,0.4931,Medium
9987-LUTYD,One year,13,55.15,No,0.1704,Low
3208-YPIOE,Month-to-month,39,75.25,Yes,0.6524,High
4488-KQFDT,One year,61,103.95,No,0.5382,Medium
2612-RANWT,Month-to-month,12,100.15,Yes,0.8582,High
5693-PIPCS,Two year,41,99.65,No,0.2534,Low
0491-KAPQG,Month-to-month,21,73.7,No,0.8086,High
1925-LFCZZ,One year,55,50.05,No,0.2813,Low
8039-EQPIM,Two year,69,60.25,No,0.0359,Low
6900-PXRMS,Month-to-month,26,105.75,Yes,0.7991,High
8707-RMEZH,One year,69,87.3,No,0.16,Low
3346-BRMIS,Month-to-month,18,48.35,Yes,0.8371,High
3209-ZPKFI,Month-to-month,47,54.25,No,0.254,Low
6479-VDGRK,Two year,72,85.3,No,0.0195,Low
9373-WSLOY,Month-to-month,33,50.0,No,0.5734,Medium
2933-FILNV,Month-to-month,2,24.4,Yes,0.7341,High
3569-JFODW,Two year,72,90.95,No,0.0305,Low
9819-FBNSV,Month-to-month,37,72.25,No,0.5838,Medium
9544-PYPSJ,Month-to-month,62,96.1,No,0.5303,Medium
1591-XWLGB,Two year,71,19.85,No,0.0065,Low
0396-UKGAI,Month-to-month,23,55.3,No,0.2759,Low
3243-ZHOHY,One year,16,20.1,No,0.1386,Low
5186-EJEGL,Month-to-month,9,69.5,No,0.4645,Medium
7527-QNRUS,Two year,17,25.15,No,0.0926,Low
9986-BONCE,Month-to-month,4,20.95,Yes,0.3652,Medium
2722-JMONI,Month-to-month,1,49.55,Yes,0.6918,High
2203-GHNWN,Month-to-month,24,79.65,No,0.7278,High
3878-AVSOQ,Month-to-month,1,71.25,No,0.8793,High
3258-SYSWS,Two year,72,113.8,No,0.1205,Low
5296-PSYVW,Two year,72,24.55,No,0.0123,Low
6319-QSUSR,Month-to-month,11,19.7,No,0.2664,Low
4083-EUGRJ,Month-to-month,9,20.25,Yes,0.3259,Medium
7579-OOPEC,Month-to-month,2,50.15,Yes,0.6011,High
0512-FLFDW,One year,60,100.5,No,0.5227,Medium
1771-OADNZ,Month-to-month,29,95.9,Yes,0.8166,High
0487-CRLZF,Two year,49,74.45,No,0.0973,Low
2107-FBPTK,Month-to-month,30,104.1,No,0.8638,High
9451-WLYRI,One year,53,19.05,No,0.0283,Low
8219-VYBVI,Two year,39,25.0,No,0.0303,Low
1991-VOPLL,Month-to-month,9,19.05,No,0.3316,Medium
9738-QLWTP,One year,39,81.9,No,0.3135,Medium
1016-DJTSV,Month-to-month,8,69.7,No,0.8551,High
9419-IPPBE,One year,51,90.15,No,0.4609,Medium
0174-QRVVY,Two year,71,25.35,No,0.0074,Low
5699-BNCAS,Two year,71,24.65,No,0.0148,Low
2900-PHPLN,Two year,70,19.55,No,0.011,Low
0612-RTZZA,Month-to-month,1,25.25,Yes,0.8346,High
8106-GWQOK,Two year,38,60.0,No,0.1066,Low
8751-EDEKA,Month-to-month,28,89.9,No,0.6065,High
6878-GGDWG,Month-to-month,32,19.4,No,0.1362,Low
4039-PIMHX,Two year,49,49.8,No,0.0543,Low
8450-LUGUK,Two year,37,24.1,No,0.0387,Low
3604-WLABM,Month-to-month,10,54.25,No,0.5264,Medium
0795-GMVQO,One year,67,109.9,No,0.2687,Low
2259-OUUSZ,One year,7,35.5,No,0.4707,Medium
1142-IHLOO,One year,51,87.55,No,0.3805,Medium
6410-LEFEN,Month-to-month,9,45.15,Yes,0.6211,High
4633-MKHYU,Month-to-month,9,88.4,No,0.8444,High
6257-RJOHI,Month-to-month,4,50.8,No,0.546,Medium
1545-JFUML,Two year,71,99.0,No,0.1731,Low
3194-ORPIK,Month-to-month,50,84.4,Yes,0.5475,Medium
7826-VVKWT,Two year,24,96.55,No,0.5237,Medium
1353-GHZOS,One year,22,59.75,No,0.2489,Low
2587-EKXTS,Month-to-month,44,111.5,No,0.716,High
5442-BXVND,Month-to-month,33,24.25,No,0.1399,Low
8816-VXNZD,Month-to-month,1,75.1,Yes,0.8866,High
9378-FXTIZ,One year,54,70.15,Yes,0.242,Low
1723-HKXJQ,Month-to-month,42,101.75,Yes,0.7841,High
7825-GKXMW,Month-to-month,1,45.8,Yes,0.6886,High
9753-OYLBX,Month-to-month,1,20.5,No,0.4128,Medium
2364-UFROM,One year,30,70.4,No,0.1506,Low
6656-JWRQX,Month-to-month,1,30.55,No,0.6611,High
6473-ULUHT,Month-to-month,16,84.9,No,0.4523,Medium
1240-KNSEZ,Month-to-month,1,20.1,Yes,0.4746,Medium
0836-SEYLU,Month-to-month,9,40.65,Yes,0.6258,High
4433-JCGCG,Month-to-month,46,101.0,Yes,0.8256,High
3716-BDVDB,Month-to-month,1,69.1,Yes,0.8585,High
7688-AWMDX,Two year,71,54.5,No,0.011,Low
2842-BCQGE,Month-to-month,43,75.35,No,0.5935,Medium
7244-QWYHG,One year,50,44.45,No,0.1107,Low
5899-MQZZL,Month-to-month,13,75.0,Yes,0.7921,High
6849-OYAMU,One year,19,100.0,Yes,0.3753,Medium
5312-UXESG,Month-to-month,41,98.05,No,0.7008,High
9488-HGMJH,Month-to-month,1,71.15,Yes,0.8794,High
6038-GCYEC,Month-to-month,24,54.15,Yes,0.6761,High
2150-WLKUW,One year,40,63.9,No,0.1944,Low
7159-FVYPK,Month-to-month,3,69.15,No,0.6528,High
7032-LMBHI,One year,37,64.65,No,0.1736,Low
1150-WFARN,Two year,67,108.75,Yes,0.1349,Low
6088-BXMRG,Month-to-month,32,98.85,No,0.7819,High
3144-AUDBS,Month-to-month,6,49.15,Yes,0.6119,High
4821-SJHJV,Month-to-month,32,89.6,No,0.6243,High
7346-MEDWM,Month-to-month,59,83.25,No,0.5564,Medium
1137-DGOWI,One year,30,70.25,No,0.1523,Low
5616-PRTNT,Month-to-month,20,19.4,Yes,0.3012,Medium
3812-LRZIR,Two year,27,24.5,No,0.0704,Low
4818-QIUFN,Month-to-month,20,79.15,Yes,0.7793,High
9483-GCPWE,One year,9,20.1,No,0.1495,Low
4227-OJHAL,One year,68,73.0,No,0.0757,Low
9220-CXRSC,Two year,69,61.4,No,0.0141,Low
4993-JCRGJ,Month-to-month,26,84.3,No,0.6499,High
9537-JALFH,Two year,69,19.9,No,0.0052,Low
6698-OXETB,Two year,11,20.4,No,0.0933,Low
2103-ZRXFN,Month-to-month,1,50.75,No,0.6651,High
3724-BSCVH,One year,10,20.45,No,0.1396,Low
4877-TSOFF,One year,55,75.75,No,0.0698,Low
9209-NWPGU,One year,44,65.4,No,0.1129,Low
6961-VCPMC,Month-to-month,46,80.4,Yes,0.6909,High
7306-YDSOI,Two year,69,59.75,No,0.0162,Low
5288-AHOUP,Month-to-month,11,78.5,No,0.8735,High
6688-UZPWD,Month-to-month,11,102.0,Yes,0.8818,High
0655-YDGFJ,Month-to-month,29,48.95,No,0.3326,Medium
8468-EHYJA,Month-to-month,57,99.65,No,0.6497,High
6823-SIDFQ,One year,28,18.25,No,0.0875,Low
1097-FSPVW,Month-to-month,42,54.55,No,0.1954,Low
2839-RFSQE,Month-to-month,2,20.65,Yes,0.4011,Medium
8328-SKJNO,One year,23,40.65,No,0.1281,Low
7010-ZMVBF,Month-to-month,18,20.45,No,0.1984,Low
5201-CBWYG,One year,62,24.8,No,0.0192,Low
0968-GSIKN,Month-to-month,1,70.8,Yes,0.8075,High
1965-DDBWU,Month-to-month,16,89.05,Yes,0.7583,High
9057-SIHCH,Month-to-month,3,96.6,Yes,0.9186,High
6352-GIGGQ,One year,67,88.8,No,0.0944,Low
3635-QQRQD,Two year,62,20.05,No,0.0128,Low
6771-XWBDM,Month-to-month,57,104.5,Yes,0.6516,High
2897-DOVND,Month-to-month,2,69.8,No,0.8534,High
3082-YVEKW,Two year,23,77.15,No,0.1074,Low
0191-EQUUH,Two year,25,35.05,No,0.0755,Low
7134-HBPBS,Two year,72,108.1,No,0.2146,Low
3489-HHPFY,Month-to-month,2,84.05,No,0.9025,High
2926-JEJJC,One year,8,20.2,No,0.2205,Low
8601-QACRS,Month-to-month,5,50.6,Yes,0.6911,High
4950-BDEUX,Month-to-month,35,49.2,No,0.6358,High
5789-LDFXO,One year,24,24.6,No,0.175,Low
0508-OOLTO,Month-to-month,2,71.65,No,0.8136,High
2984-TBYKU,Two year,72,104.9,No,0.0828,Low
9822-WMWVG,Month-to-month,41,106.5,No,0.58,Medium
2391-SOORI,Month-to-month,4,49.35,Yes,0.5098,Medium
9040-KZVWO,One year,26,75.5,No,0.3494,Medium
2645-QTLMB,Month-to-month,7,94.25,Yes,0.87,High
4806-HIPDW,Month-to-month,1,68.95,Yes,0.8556,High
1548-ARAGG,Month-to-month,4,58.5,No,0.5099,Medium
6339-RZCBJ,Two year,48,78.9,No,0.073,Low
4424-TKOPW,Month-to-month,2,93.85,Yes,0.9362,High
4415-WNGVR,One year,12,79.2,No,0.4358,Medium
2522-AHJXR,Month-to-month,60,109.45,No,0.4838,Medium
0412-UCCNP,Two year,55,59.2,No,0.0414,Low
1816-FLZDK,Month-to-month,1,29.15,No,0.6635,High
7096-UCLNH,Month-to-month,1,20.05,No,0.4117,Medium
8443-ZRDBZ,Month-to-month,4,76.05,Yes,0.8744,High
9136-ALYBR,Month-to-month,1,24.45,Yes,0.7887,High
4615-PIVVU,Two year,42,66.5,No,0.0711,Low
8885-QSQBX,Month-to-month,1,49.55,No,0.4935,Medium
7479-NITWS,Month-to-month,7,89.35,Yes,0.8552,High
8617-ENBDS,Month-to-month,3,73.6,No,0.8029,High
9385-NXKDA,Two year,72,82.65,No,0.0613,Low
0430-IHCDJ,Month-to-month,15,49.0,No,0.689,High
2959-MJHIC,Month-to-month,4,80.35,Yes,0.8677,High
6674-KVJHG,One year,11,25.2,No,0.2735,Low
1814-DKOLC,Month-to-month,5,25.45,No,0.433,Medium
4201-JMNGR,Month-to-month,1,55.8,Yes,0.6941,High
9351-HXDMR,Two year,72,110.9,No,0.1622,Low
3537-HPKQT,Month-to-month,55,77.75,No,0.4719,Medium
2129-ALKBS,Month-to-month,40,26.2,No,0.1863,Low
5821-MMEIL,Two year,57,19.9,No,0.0114,Low
5960-WPXQM,Month-to-month,1,79.05,Yes,0.8841,High
0684-AOSIH,Month-to-month,1,95.0,Yes,0.8537,High
8260-NGFNY,Month-to-month,1,25.2,Yes,0.7429,High
1309-XGFSN,One year,52,80.85,No,0.3,Low
1866-RZZQS,Month-to-month,41,98.4,Yes,0.853,High
6968-URWQU,One year,43,56.35,No,0.1909,Low
4742-TXUEX,Two year,47,19.3,No,0.0143,Low
9631-XEYKE,Month-to-month,3,50.4,No,0.6354,High
8631-NBHFZ,Two year,66,79.4,Yes,0.0281,Low
1335-MXCSE,Two year,55,55.25,No,0.0339,Low
8873-TMKGR,One year,29,19.1,No,0.0814,Low
8800-JOOCF,Month-to-month,12,84.05,No,0.8514,High
1469-LBJQJ,Month-to-month,66,105.2,No,0.6826,High
4958-XCBDQ,Month-to-month,35,101.4,Yes,0.862,High
8337-UPOAQ,Month-to-month,10,89.8,Yes,0.8987,High
0064-YIJGF,Month-to-month,27,75.75,No,0.6278,High
2386-OWURY,Month-to-month,58,95.3,No,0.6142,High
1725-IQNIY,Two year,54,109.75,Yes,0.1146,Low
0310-VQXAM,Month-to-month,9,19.85,No,0.3274,Medium
6598-RFFVI,One year,2,19.3,Yes,0.2371,Low
3453-RTHJQ,Month-to-month,6,69.1,No,0.8382,High
6712-OAWRH,Month-to-month,26,91.25,Yes,0.8523,High
6278-FEPBZ,Month-to-month,9,20.25,No,0.329,Medium
4280-DLSHD,Month-to-month,8,54.75,No,0.5537,Medium
1508-DFXCU,Month-to-month,12,81.45,No,0.8394,High
8614-VGMMV,Month-to-month,15,49.1,Yes,0.6872,High
7868-BGSZA,One year,43,80.2,No,0.3259,Medium
2800-QQUSO,Month-to-month,42,100.3,No,0.7504,High
2930-UOTMB,Month-to-month,31,65.25,Yes,0.246,Low
7973-DZRKH,Two year,66,90.95,No,0.0712,Low
5914-DVBWJ,Month-to-month,18,85.45,Yes,0.767,High
7698-YFGEZ,Month-to-month,1,20.0,No,0.4119,Medium
2533-QVMSK,Two year,61,94.1,Yes,0.2032,Low
9773-PEQBZ,Month-to-month,10,79.85,No,0.7918,High
8644-XLFBW,Month-to-month,1,71.65,Yes,0.8773,High
0650-BWOZN,Month-to-month,18,73.55,No,0.7884,High
8625-AZYZY,Month-to-month,24,104.65,Yes,0.8501,High
7785-RDVIG,Month-to-month,3,19.3,No,0.3334,Medium
9602-WCXPI,One year,50,20.15,No,0.033,Low
2903-YYTBW,Month-to-month,1,44.55,No,0.6306,High
3620-MWJNE,Month-to-month,2,54.45,No,0.462,Medium
8573-JGCZW,One year,17,19.65,No,0.1586,Low
6837-HAEVO,Two year,69,105.0,No,0.2717,Low
6701-YVNQG,Two year,72,88.7,No,0.0455,Low
9306-CPCBC,Month-to-month,3,74.25,Yes,0.8812,High
4304-XUMGI,Two year,50,75.15,No,0.0733,Low
9504-YAZWB,Two year,53,20.25,No,0.015,Low
8819-ZBYNA,Two year,58,109.1,No,0.1737,Low
6174-NRBTZ,One year,46,30.75,No,0.1316,Low
9481-IEBZY,Month-to-month,72,112.9,No,0.4579,Medium
1833-VGRUM,Month-to-month,1,74.2,Yes,0.9068,High
6137-NICCO,Month-to-month,6,94.05,No,0.7931,High
9065-ZCPQX,Two year,72,78.85,No,0.0231,Low
6402-EJMWF,Month-to-month,4,55.3,No,0.6901,High
3620-EHIMZ,Two year,52,19.35,No,0.0122,Low
6870-ECSHE,One year,2,20.45,No,0.2337,Low
8747-UDCOI,Two year,65,19.35,No,0.0081,Low
8374-XGEJJ,Month-to-month,43,101.0,Yes,0.8099,High
2656-TABEH,Month-to-month,4,100.2,Yes,0.8994,High
6946-LMSQS,One year,25,89.05,Yes,0.6354,High
4626-OZDTJ,One year,51,78.65,No,0.1855,Low
9169-BSVIN,Month-to-month,12,74.75,No,0.6721,High
2325-ZUSFD,One year,57,70.1,Yes,0.0973,Low
8194-PEEBY,One year,24,19.9,No,0.0805,Low
6872-HXFNF,One year,64,58.35,No,0.0589,Low
3932-CMDTD,One year,4,105.65,Yes,0.6896,High
7714-YXSMB,Month-to-month,26,100.5,No,0.812,High
8387-UGUSU,Month-to-month,15,20.05,No,0.2216,Low
1080-BWSYE,Two year,64,25.65,No,0.0156,Low
4039-HEUNW,Month-to-month,36,96.5,Yes,0.8355,High
1194-HVAIF,Month-to-month,27,95.0,No,0.7629,High
0812-WUPTB,Month-to-month,1,70.85,Yes,0.7913,High
3594-UVONA,One year,35,85.95,Yes,0.2433,Low
0004-TLHLJ,Month-to-month,4,73.9,Yes,0.8457,High
1767-TGTKO,Month-to-month,8,45.45,No,0.6292,High
8439-LTUGF,Month-to-month,10,20.0,No,0.3779,Medium
8805-JNRAZ,Month-to-month,2,49.2,No,0.56,Medium
5089-IFSDP,Two year,58,109.45,Yes,0.2104,Low
6418-HNFED,Two year,51,83.25,No,0.0568,Low
0206-OYVOC,Two year,46,19.25,No,0.0204,Low
7291-CDTMJ,Month-to-month,1,19.65,No,0.4621,Medium
7128-GGCNO,Month-to-month,46,72.8,No,0.4907,Medium
0237-YFUTL,Month-to-month,50,109.65,No,0.4906,Medium
7691-KGKGP,Month-to-month,53,65.0,No,0.1263,Low
6710-HSJRD,Month-to-month,61,114.1,No,0.6479,High
3675-EQOZA,Month-to-month,5,20.65,No,0.3523,Medium
0840-DCNZE,One year,47,86.95,No,0.1174,Low
1732-FEKLD,One year,54,94.75,No,0.3845,Medium
9862-KJTYK,Month-to-month,19,25.35,No,0.5775,Medium
0479-HMSWA,Two year,26,105.45,No,0.3511,Medium
5854-KSRBJ,Two year,70,25.4,No,0.0075,Low
0365-BZUWY,Month-to-month,17,102.55,No,0.8714,High
4817-VYYWS,Month-to-month,30,100.2,Yes,0.8314,High
5701-SVCWR,Month-to-month,1,24.0,No,0.4255,Medium
3129-AAQOU,Two year,19,25.6,No,0.0681,Low
4922-CVPDX,Two year,26,73.5,No,0.2159,Low
1396-QWFBJ,Month-to-month,21,74.05,Yes,0.5809,Medium
1357-BIJKI,One year,50,98.25,No,0.5666,Medium
1099-BTKWT,One year,68,54.4,No,0.1708,Low
5299-SJCZT,Month-to-month,3,101.55,Yes,0.8802,High
2018-PZKMU,Month-to-month,9,103.1,No,0.7477,High
7340-KEFQE,Two year,51,34.2,No,0.0264,Low
4570-QHXHL,Month-to-month,9,43.75,No,0.6836,High
2403-BCASL,One year,41,111.95,Yes,0.5402,Medium
7392-YYPYJ,Month-to-month,22,100.65,No,0.8622,High
2898-LSJGD,One year,21,55.95,Yes,0.4705,Medium
2223-GDSHL,Two year,71,116.05,No,0.1123,Low
7359-PTSXY,Month-to-month,1,45.75,Yes,0.6862,High
9470-RTWDV,One year,26,82.0,No,0.3069,Medium
2176-OSJUV,Two year,71,65.15,No,0.0147,Low
9348-YVOMK,Month-to-month,4,44.8,No,0.6447,High
8104-OSKWT,Month-to-month,12,79.8,No,0.7886,High
4521-YEEHE,Month-to-month,18,88.85,No,0.8042,High
4090-KPJIP,Month-to-month,3,74.95,No,0.8801,High
3786-WOVKF,One year,72,106.85,No,0.313,Medium
4503-BDXBD,Month-to-month,11,74.95,Yes,0.7373,High
6086-ESGRL,Month-to-month,1,80.15,Yes,0.8045,High
2592-HODOV,One year,13,19.3,No,0.1586,Low
3886-CERTZ,One year,72,109.25,Yes,0.4039,Medium
7995-ZHHNZ,One year,42,56.1,No,0.1158,Low
3824-RHKVR,Month-to-month,17,19.7,No,0.2578,Low
5816-SCGFC,Month-to-month,7,51.3,No,0.6218,High
5989-AXPUC,Two year,68,118.6,No,0.1197,Low
4979-HPRFL,Two year,56,24.15,No,0.0133,Low
8590-OHDIW,One year,38,20.3,No,0.0431,Low
8015-IHCGW,Two year,72,115.5,No,0.1607,Low
2332-TODQS,One year,48,25.05,No,0.0494,Low
9278-VZKCD,Month-to-month,52,109.1,No,0.717,High
8008-OTEZX,One year,35,19.65,No,0.0499,Low
2773-OVBPK,Two year,67,111.3,No,0.1973,Low
5999-LCXAO,Month-to-month,1,29.9,No,0.6541,High
5206-XZZQI,Month-to-month,53,80.6,No,0.3392,Medium
4803-LBYPN,Month-to-month,34,20.8,No,0.1037,Low
5759-RCVCB,Month-to-month,3,35.2,Yes,0.7721,High
6372-RFVNS,Month-to-month,1,78.8,Yes,0.8524,High
2139-FQHLM,Month-to-month,19,89.95,No,0.627,High
8261-GWDBQ,Two year,60,116.05,No,0.1938,Low
1093-YSWCA,Two year,11,19.55,No,0.0955,Low
8938-UMKPI,Month-to-month,47,106.4,Yes,0.781,High
0991-BRRFB,Month-to-month,18,49.4,Yes,0.4323,Medium
3882-IYOIJ,Two year,60,115.25,No,0.1114,Low
8749-TZYEC,Two year,72,24.8,No,0.0089,Low
1755-FZQEC,One year,39,19.9,No,0.0533,Low
3115-JPJDD,One year,59,81.25,No,0.1726,Low
5600-KTXFM,Month-to-month,2,69.95,No,0.7071,High
3871-IKPYH,Month-to-month,1,69.1,Yes,0.8522,High
6319-IEJWJ,Month-to-month,20,90.2,Yes,0.8083,High
9025-AOMKI,Month-to-month,6,93.55,Yes,0.878,High
6339-TBELP,Two year,71,86.4,No,0.1073,Low
7964-YESJC,Month-to-month,24,66.3,No,0.3213,Medium
6173-GOLSU,Month-to-month,67,94.65,No,0.6331,High
5275-SQEIZ,Month-to-month,1,80.85,Yes,0.8368,High
7716-YTYHG,One year,48,82.05,Yes,0.392,Medium
9938-ZREHM,One year,37,72.1,No,0.1598,Low
7950-XWOVN,Month-to-month,11,34.7,No,0.6094,High
4390-KYULV,Month-to-month,3,20.55,Yes,0.4436,Medium
4647-MUZON,Month-to-month,18,95.95,No,0.8044,High
9702-AIUJO,One year,50,44.8,No,0.0885,Low
8849-PRIQJ,One year,67,109.4,No,0.3043,Medium
8851-RAGOV,Month-to-month,25,71.05,No,0.291,Low
1304-NECVQ,Month-to-month,2,78.55,Yes,0.9044,High
5396-IZEPB,Month-to-month,9,19.7,No,0.3311,Medium
1729-VLAZJ,One year,10,40.25,No,0.2106,Low
8285-ABVLB,Two year,70,19.85,No,0.0067,Low
0701-TJSEF,Month-to-month,9,68.25,No,0.4465,Medium
5712-VBOXD,Month-to-month,4,20.15,No,0.4459,Medium
6629-LADHQ,Month-to-month,2,50.95,No,0.4943,Medium
8945-GRKHX,Month-to-month,1,78.65,Yes,0.8248,High
1559-DTODC,Month-to-month,19,25.15,No,0.6101,High
4797-MIWUM,Month-to-month,7,20.25,No,0.3333,Medium
6959-UWKHF,Month-to-month,1,42.9,Yes,0.7472,High
8720-RQSBJ,Month-to-month,1,44.0,No,0.7341,High
4537-CIBHB,One year,9,20.25,No,0.1454,Low
3815-SLMEF,Month-to-month,3,34.25,Yes,0.5465,Medium
5154-VEKBL,Month-to-month,9,58.5,Yes,0.605,High
4324-AHJKS,Month-to-month,5,55.8,No,0.4698,Medium
4355-CVPVS,One year,56,88.9,No,0.2747,Low
4495-LHSSK,Month-to-month,18,57.65,No,0.3524,Medium
5655-JSMZM,Month-to-month,49,96.2,Yes,0.8106,High
5915-ANOEI,Two year,70,79.15,No,0.0257,Low
9861-PDSZP,Two year,72,108.05,No,0.1944,Low
4505-EXZHB,Month-to-month,6,74.4,Yes,0.831,High
7225-CBZPL,Month-to-month,17,94.8,No,0.9031,High
6704-UTUKK,Month-to-month,29,45.9,No,0.7241,High
4587-VVTOX,Month-to-month,6,105.3,Yes,0.8932,High
2019-HDCZY,Two year,63,102.6,No,0.3044,Medium
4652-NNHNY,Month-to-month,16,73.85,Yes,0.7635,High
8788-DOXSU,One year,59,61.35,No,0.1224,Low
7404-JLKQG,Month-to-month,3,57.55,No,0.7295,High
7421-ZLUPA,Month-to-month,8,29.25,No,0.6984,High
8972-HJWNV,Month-to-month,7,84.55,Yes,0.9079,High
3274-NSDWE,Two year,68,19.6,No,0.008,Low
2632-IVXVF,Two year,68,111.75,No,0.1072,Low
3692-JHONH,One year,52,106.5,No,0.6284,High
8915-NNTRC,Two year,72,107.7,No,0.1105,Low
5914-GXMDA,One year,32,19.3,No,0.0698,Low
7463-IFMQU,Two year,72,20.05,No,0.0058,Low
2920-RNCEZ,Month-to-month,1,69.95,No,0.7655,High
2541-YGPKE,One year,42,63.7,No,0.072,Low
8515-OCTJS,Two year,25,24.75,Yes,0.0708,Low
5382-TEMLV,Month-to-month,45,50.9,No,0.1899,Low
3441-CGZJH,One year,43,60.4,No,0.1729,Low
9592-ERDKV,One year,37,79.25,No,0.2326,Low
2860-RANUS,Month-to-month,20,85.8,Yes,0.8307,High
5261-QSHQM,Month-to-month,4,24.45,Yes,0.8243,High
4778-IZARL,Two year,63,110.1,No,0.1167,Low
0432-CAJZV,Month-to-month,3,90.7,No,0.8243,High
7008-LZVOZ,Two year,66,25.3,No,0.0117,Low
8868-WOZGU,Month-to-month,28,105.7,Yes,0.8414,High
1200-TUZHR,Month-to-month,8,85.2,No,0.883,High
9365-CSLBQ,Two year,71,24.35,No,0.0073,Low
1334-FJSVR,Month-to-month,1,24.25,Yes,0.8421,High
5884-FBCTL,Two year,72,25.1,No,0.0067,Low
7130-CTCUS,Month-to-month,16,54.55,No,0.4103,Medium
6242-FEGFD,Two year,66,96.6,No,0.0614,Low
7625-XCQRH,Month-to-month,11,76.5,Yes,0.8489,High
6194-HBGQN,One year,51,81.15,No,0.1095,Low
7634-WSWDB,Month-to-month,8,38.5,No,0.7258,High
6986-IXNDM,Month-to-month,14,92.9,No,0.8643,High
1731-TVIUK,Month-to-month,4,93.5,Yes,0.8373,High
2987-BJXIK,Two year,70,84.7,No,0.0535,Low
9769-TSBZE,Two year,70,66.0,No,0.0203,Low
0406-BPDVR,One year,54,101.5,Yes,0.5063,Medium
0618-XWMSS,Month-to-month,28,74.9,Yes,0.4686,Medium
1395-WSWXR,Two year,24,20.75,No,0.0534,Low
6023-GSSXW,Two year,69,61.45,No,0.0408,Low
6752-APNJL,Month-to-month,42,54.5,No,0.1269,Low
5276-KQWHG,Month-to-month,2,69.6,Yes,0.8784,High
0420-HLGXF,Month-to-month,39,99.75,No,0.8594,High
7446-KQISO,Two year,45,109.75,No,0.2324,Low
9823-EALYC,Two year,72,80.85,No,0.0232,Low
0582-AVCLN,Two year,38,20.3,No,0.0292,Low
5803-NQJZO,Two year,72,67.8,No,0.0192,Low
2565-JSLRY,Month-to-month,1,24.05,Yes,0.5429,Medium
2607-DHDAK,Two year,72,19.8,No,0.0063,Low
1073-XXCZD,Two year,55,25.7,No,0.0173,Low
0743-HRVFF,One year,51,56.15,No,0.241,Low
4006-HKYHO,Two year,63,86.7,No,0.0397,Low
3727-JEZTU,Month-to-month,1,20.4,No,0.4132,Medium
8143-ETQTI,Two year,23,19.65,No,0.0565,Low
6689-KXGBO,Month-to-month,1,50.55,Yes,0.6479,High
9667-TKTVZ,Month-to-month,2,54.35,No,0.6353,High
3657-COGMW,Month-to-month,52,108.1,No,0.6079,High
8570-KLJYJ,One year,36,54.45,No,0.1424,Low
7754-IXRMC,Month-to-month,1,45.35,No,0.6099,High
9473-CBZOP,One year,28,59.0,No,0.1898,Low
2969-WGHQO,One year,7,69.45,No,0.3031,Medium
6615-NGGZJ,Month-to-month,14,100.55,Yes,0.8784,High
4334-HOWRP,Two year,72,64.95,No,0.049,Low
4255-DDUOU,Month-to-month,1,20.5,Yes,0.4103,Medium
5863-OOKCL,Month-to-month,10,18.85,No,0.3214,Medium
1686-STUHN,One year,42,19.8,No,0.0443,Low
1329-VHWNP,Month-to-month,7,25.05,No,0.6778,High
2984-MIIZL,Month-to-month,4,74.8,Yes,0.7836,High
0266-GMEAO,Two year,72,114.3,No,0.1108,Low
5590-YRFJT,Month-to-month,20,24.45,Yes,0.6894,High
5574-NXZIU,Two year,63,109.2,No,0.1056,Low
0019-GFNTW,Two year,56,45.05,No,0.0266,Low
4256-ZWTZI,Month-to-month,5,51.0,No,0.4839,Medium
8309-PPCED,Two year,72,110.45,No,0.1791,Low
4098-NAUKP,Month-to-month,68,84.65,No,0.4667,Medium
5196-WPYOW,One year,67,60.05,No,0.0191,Low
4608-LCIMN,Month-to-month,8,44.65,No,0.4629,Medium
1485-YDHMM,Month-to-month,52,93.25,No,0.4109,Medium
4054-CUMIA,Month-to-month,18,20.25,No,0.2451,Low
0603-TPMIB,Two year,59,25.45,No,0.0124,Low
2525-GVKQU,Two year,60,20.6,No,0.0106,Low
8161-QYMTT,Month-to-month,7,94.1,No,0.9135,High
9581-GVBXT,One year,59,34.8,No,0.0533,Low
5862-BRIXZ,Two year,46,60.75,No,0.1051,Low
5404-GGUKR,Month-to-month,5,51.35,No,0.6667,High
3308-JSGML,Two year,59,64.05,No,0.0867,Low
2126-GSEGL,Two year,70,84.8,No,0.0635,Low
3677-TNKIO,Month-to-month,14,71.0,Yes,0.7321,High
0440-QEXBZ,Month-to-month,44,50.15,No,0.3374,Medium
2434-EEVDB,Two year,64,94.6,No,0.1633,Low
6762-QVYJO,Two year,58,59.75,No,0.0476,Low
6199-IWKGC,One year,46,100.25,No,0.5433,Medium
2675-DHUTR,Month-to-month,58,98.9,No,0.7481,High
8152-VETUR,Two year,72,97.7,No,0.213,Low
9667-EQRXU,Month-to-month,30,40.3,Yes,0.7144,High
7446-YPODE,Month-to-month,11,60.25,No,0.4689,Medium
9522-BNTHX,Month-to-month,34,56.25,No,0.7061,High
4676-WLUHT,Two year,54,46.2,No,0.0495,Low
3329-WDIOK,Month-to-month,3,50.6,Yes,0.8634,High
7980-MHFLQ,Two year,72,24.9,No,0.0071,Low
2873-ZLIWT,Month-to-month,40,84.85,Yes,0.5662,Medium
3415-TAILE,Month-to-month,2,65.7,Yes,0.6418,High
0757-WCUUZ,Two year,54,63.35,No,0.0695,Low
1629-DQQVB,Month-to-month,14,50.1,No,0.3722,Medium
1915-IOFGU,Month-to-month,1,70.5,Yes,0.8229,High
3045-XETSH,Month-to-month,10,94.85,Yes,0.8638,High
0374-AACSZ,Month-to-month,1,50.15,No,0.5927,Medium
7239-HZZCX,Month-to-month,1,19.75,Yes,0.4128,Medium
4872-VXRIL,One year,56,64.65,No,0.0608,Low
9140-CZQZZ,Two year,68,79.6,No,0.0332,Low
3423-HHXAO,One year,14,19.5,No,0.1503,Low
9938-TKDGL,Two year,68,99.55,No,0.1221,Low
0531-ZZJWQ,Month-to-month,55,74.0,No,0.6301,High
6537-QLGEX,Month-to-month,16,38.9,No,0.7093,High
2688-BHGOG,Month-to-month,9,79.55,No,0.8782,High
7683-CBDKJ,Month-to-month,14,65.45,Yes,0.4894,Medium
0946-CLJTI,Month-to-month,58,98.7,Yes,0.7826,High
3160-TYXLT,Month-to-month,53,46.3,No,0.2384,Low
1325-USMEC,Two year,70,99.35,No,0.1334,Low
0916-QOFDP,Month-to-month,14,95.8,No,0.8903,High
0628-CNQRM,One year,22,67.5,Yes,0.1613,Low
5606-AMZBO,Month-to-month,10,78.15,No,0.732,High
6199-IPCAO,Two year,29,26.1,No,0.0439,Low
7665-TOALD,Month-to-month,1,69.6,Yes,0.859,High
0112-QWPNC,One year,49,84.35,Yes,0.177,Low
0324-BRPCJ,Month-to-month,68,100.2,Yes,0.7014,High
2777-PHDEI,Month-to-month,1,78.05,Yes,0.8586,High
5640-CAXOA,One year,30,40.35,No,0.3081,Medium
2235-EZAIK,Two year,72,79.2,No,0.0231,Low
3847-BAERP,Month-to-month,10,20.9,No,0.3771,Medium
1196-AMORA,Month-to-month,7,73.6,Yes,0.8354,High
4282-YMKNA,Month-to-month,9,74.75,Yes,0.8608,High
1453-RZFON,Month-to-month,1,49.9,No,0.4493,Medium
8263-OKETD,Month-to-month,20,68.9,No,0.503,Medium
0670-KDOMA,Month-to-month,1,20.25,No,0.477,Medium
2476-YGEFM,Month-to-month,29,76.0,No,0.699,High
8687-BAFGU,Month-to-month,1,74.0,No,0.7616,High
0641-EVBOJ,Month-to-month,3,82.3,No,0.6262,High
0829-XXPLX,Month-to-month,20,89.4,No,0.6674,High
9974-JFBHQ,Month-to-month,64,99.15,No,0.3779,Medium
5356-RHIPP,Month-to-month,1,20.2,Yes,0.4742,Medium
6624-JDRDS,Month-to-month,6,29.45,No,0.5907,Medium
0608-JDVEC,Two year,50,19.8,No,0.0234,Low
9780-FKVVF,Month-to-month,6,59.15,No,0.5637,Medium
1919-RTPQD,Month-to-month,7,44.75,No,0.575,Medium
5214-NLTIT,Two year,72,90.8,No,0.1496,Low
3345-PBBFH,Month-to-month,8,49.55,No,0.5388,Medium
5055-BRMNE,Two year,67,106.7,No,0.1004,Low
9189-JWSHV,Month-to-month,24,93.55,Yes,0.8903,High
2190-PHBHR,Two year,72,94.45,No,0.1217,Low
2650-GYRYL,One year,33,19.45,No,0.064,Low
0746-JTRFU,Month-to-month,2,25.05,Yes,0.8346,High
5208-FVQKB,Two year,70,67.95,No,0.0162,Low
7184-LRUUR,One year,22,65.25,No,0.2556,Low
6627-CFOSN,Month-to-month,59,99.45,No,0.4394,Medium
3982-JGSFD,One year,36,20.35,No,0.0767,Low
1574-DYCWE,Two year,51,19.95,No,0.0127,Low
7247-XOZPB,One year,53,77.4,No,0.0843,Low
2466-FCCPT,One year,20,19.7,No,0.0893,Low
6211-WWLTF,Two year,63,99.7,No,0.1423,Low
4826-TZEVA,Month-to-month,40,74.8,No,0.4503,Medium
6016-NXBNJ,One year,35,19.15,No,0.0797,Low
9138-EFSMO,One year,26,78.95,No,0.3871,Medium
0576-WNXXC,Month-to-month,27,95.55,Yes,0.8233,High
4632-XJMEX,One year,53,62.85,No,0.0332,Low
8910-LEDAG,Month-to-month,34,71.55,No,0.5691,Medium
3452-GWUIN,Month-to-month,19,94.95,No,0.8995,High
2716-GFZOR,Month-to-month,43,86.1,No,0.3893,Medium
3724-UCSHY,Month-to-month,6,19.55,No,0.3008,Medium
8626-XHBIE,Two year,56,24.8,No,0.0187,Low
4628-CTTLA,Month-to-month,57,39.3,Yes,0.3559,Medium
3192-LNKRK,Month-to-month,34,84.05,No,0.6161,High
4439-YRNVD,Month-to-month,10,36.25,No,0.6115,High
2876-VBBBL,Month-to-month,1,20.25,Yes,0.477,Medium
6834-NXDCA,Month-to-month,13,23.9,Yes,0.76,High
2208-UGTGR,Month-to-month,56,98.6,No,0.6723,High
3005-TYFRD,Month-to-month,55,103.65,No,0.663,High
8670-MEFCP,Two year,36,92.9,No,0.0936,Low
3079-BCHLN,One year,47,19.9,No,0.0342,Low
7777-UNYHB,Month-to-month,12,20.1,No,0.2999,Low
5597-GLBUC,Month-to-month,1,85.45,Yes,0.8823,High
7278-CKDNC,Month-to-month,24,80.5,No,0.8047,High
2748-MYRVK,One year,63,99.9,Yes,0.3319,Medium
8450-UYIBU,Month-to-month,35,39.85,No,0.6767,High
2969-VAPYH,One year,67,60.5,No,0.0244,Low
4822-YCXMX,Month-to-month,25,84.8,Yes,0.8261,High
7181-OQCUT,Month-to-month,21,103.85,No,0.7314,High
8474-UMLNT,Month-to-month,13,67.8,No,0.3172,Medium
9821-POOTN,Month-to-month,35,75.2,Yes,0.7182,High
3836-FZSDJ,Two year,71,24.85,No,0.0108,Low
9142-XMYJH,Month-to-month,29,19.35,No,0.1687,Low
6559-ILWKJ,Two year,71,49.35,Yes,0.0776,Low
0187-QSXOE,Month-to-month,7,89.0,No,0.9042,High
7733-UDMTP,Month-to-month,57,55.0,No,0.519,Medium
2649-HWLYB,Two year,65,76.15,No,0.0306,Low
5214-CHIWJ,One year,27,20.3,No,0.0892,Low
4229-CZMLL,Month-to-month,6,74.9,Yes,0.8696,High
6904-JLBGY,Two year,72,117.35,No,0.1754,Low
2465-BLLEU,Month-to-month,1,19.75,No,0.476,Medium
1685-VAYJF,Month-to-month,11,45.2,No,0.515,Medium
8874-EJNSR,Two year,39,25.2,No,0.029,Low
6917-YACBP,Month-to-month,59,89.75,No,0.5308,Medium
5049-MUBWG,One year,26,75.0,No,0.1726,Low
4223-WOZCM,Month-to-month,2,49.95,No,0.6466,High
0769-MURVM,Two year,72,65.7,No,0.0237,Low
9253-VIFJQ,One year,65,67.05,No,0.0518,Low
7030-FZTFM,Two year,72,110.9,No,0.1222,Low
9741-YLNTD,Month-to-month,6,87.95,No,0.7947,High
5917-RYRMG,One year,32,19.8,No,0.0867,Low
5120-ZBLAI,One year,50,75.7,No,0.2246,Low
1194-BHJYC,Two year,61,62.15,No,0.0645,Low
3663-MITLP,Month-to-month,15,101.25,Yes,0.8421,High
0906-QVPMS,Two year,72,115.15,No,0.1074,Low
9025-ZRPVR,Month-to-month,9,18.95,Yes,0.3899,Medium
1905-OEILC,Month-to-month,1,19.5,No,0.4167,Medium
7858-GTZSP,Month-to-month,12,86.55,No,0.875,High
3285-UCQVC,Month-to-month,37,28.6,Yes,0.2946,Low
6248-BSHKG,One year,61,20.4,No,0.0154,Low
4685-TFLLS,One year,18,19.8,No,0.0956,Low
3470-BTGQO,Month-to-month,21,45.65,No,0.3614,Medium
1209-VFFOC,Two year,68,56.4,No,0.0261,Low
8224-DWCKX,Month-to-month,12,73.3,No,0.8288,High
5482-PLVPE,Month-to-month,2,24.35,Yes,0.8302,High
4553-DVPZG,Month-to-month,62,101.35,No,0.718,High
4902-OHLSK,Month-to-month,29,98.65,Yes,0.8005,High
6917-IAYHD,Month-to-month,1,33.6,No,0.5673,Medium
0495-ZBNGW,Month-to-month,5,79.9,Yes,0.8407,High
8620-RJPZN,Month-to-month,1,20.7,No,0.4995,Medium
7572-KPVKK,Two year,62,104.05,No,0.2762,Low
2642-MAWLJ,Two year,36,20.25,No,0.0234,Low
2357-COQEK,Month-to-month,28,103.3,Yes,0.8457,High
7103-ZGVNT,One year,69,73.7,No,0.0364,Low
3737-GCSPV,Month-to-month,11,96.2,Yes,0.7034,High
2027-WKXMW,Month-to-month,63,108.75,No,0.631,High
7137-NAXML,One year,23,20.15,No,0.0975,Low
2428-ZMCTB,Month-to-month,10,19.75,No,0.3213,Medium
2961-VNFKL,Two year,71,25.95,No,0.0118,Low
1768-HNVGJ,Month-to-month,45,70.05,No,0.3711,Medium
6963-KQYQB,Two year,70,24.05,No,0.0077,Low
5934-RMPOV,Month-to-month,22,84.75,No,0.8077,High
1207-BLKSA,Two year,52,23.05,No,0.017,Low
4088-YLDSU,One year,55,104.15,Yes,0.5066,Medium
8316-BBQAY,Two year,65,59.95,No,0.0475,Low
1166-PQLGG,Two year,72,19.55,No,0.0047,Low
3146-JTQHR,One year,10,19.6,No,0.1614,Low
4291-YZODP,One year,7,20.05,No,0.1613,Low
4395-PZMSN,Month-to-month,5,85.55,No,0.869,High
6427-FEFIG,Two year,24,78.6,No,0.1578,Low
0017-IUDMW,Two year,72,116.8,No,0.1186,Low
8706-HRADD,Month-to-month,21,43.55,No,0.4953,Medium
9955-QOPOY,One year,69,60.8,No,0.1183,Low
4385-ZKVNW,Month-to-month,44,54.9,No,0.1505,Low
5446-DKWYW,One year,61,65.2,No,0.2081,Low
2034-CGRHZ,Month-to-month,24,102.95,Yes,0.8394,High
5797-APWZC,Month-to-month,1,90.6,Yes,0.8782,High
3683-QKIUE,Month-to-month,6,50.8,Yes,0.5149,Medium
4228-ZGYUW,Month-to-month,4,90.05,Yes,0.8799,High
9031-ZVQPT,Two year,72,108.2,No,0.2452,Low
2990-IAJSV,Two year,72,92.0,No,0.0356,Low
8107-KNCIM,Month-to-month,14,75.1,No,0.8579,High
9027-YFHQJ,Month-to-month,7,25.05,No,0.4568,Medium
5176-LDKUH,One year,48,75.15,No,0.2997,Low
4644-OBGFZ,One year,55,19.5,No,0.02,Low
7926-IJOOU,Month-to-month,1,19.3,No,0.4179,Medium
6480-YAGIY,One year,45,112.2,No,0.2432,Low
4029-HPFVY,Month-to-month,3,70.3,No,0.7971,High
7602-DBTOU,Two year,71,19.6,No,0.0065,Low
5345-BMKWB,Month-to-month,8,20.25,No,0.3277,Medium
3519-ZKXGG,Month-to-month,3,75.85,Yes,0.8757,High
5457-COLHT,Two year,69,80.65,No,0.0193,Low
6416-TVAIH,Month-to-month,1,68.5,Yes,0.8243,High
5451-YHYPW,Two year,72,115.75,No,0.174,Low
5108-ADXWO,Month-to-month,11,73.5,Yes,0.7436,High
7998-WNZEM,Two year,71,80.6,No,0.0242,Low
3066-RRJIO,Month-to-month,1,69.95,Yes,0.8096,High
4664-NJCMS,Two year,33,59.55,No,0.1219,Low
0307-BCOPK,One year,16,19.05,No,0.1416,Low
7629-WFGLW,One year,56,95.65,No,0.2288,Low
2542-HYGIQ,Month-to-month,1,19.95,No,0.4183,Medium
6715-OFDBP,Month-to-month,5,70.05,Yes,0.7947,High
5016-LIPDW,One year,57,19.4,No,0.0183,Low
6481-LXPWL,One year,56,36.1,No,0.0964,Low
1567-DSCIC,Month-to-month,8,94.0,Yes,0.872,High
2150-UWTFY,Month-to-month,22,61.15,Yes,0.2378,Low
6124-ACRHJ,Month-to-month,1,19.75,No,0.4157,Medium
9362-MWODR,Month-to-month,40,64.1,No,0.1928,Low
9975-GPKZU,Two year,46,19.75,No,0.0157,Low
9625-RZFUK,Two year,63,19.7,No,0.0073,Low
5153-LXKDT,Two year,68,110.2,No,0.2104,Low
5161-UBZXI,Two year,69,106.35,No,0.0814,Low
1020-JPQOW,Month-to-month,56,90.55,No,0.4268,Medium
7919-ZODZZ,One year,10,65.9,No,0.3445,Medium
0565-JUPYD,One year,63,104.5,No,0.1752,Low
6867-ACCZI,Two year,24,52.5,No,0.1164,Low
5939-XAIXZ,Month-to-month,19,56.1,No,0.5704,Medium
9054-FOWNV,Month-to-month,22,88.75,No,0.8064,High
2683-BPJSO,Month-to-month,29,84.45,Yes,0.6471,High
2157-MXBJS,One year,13,75.3,Yes,0.547,Medium
8207-VVMYB,Two year,70,26.0,No,0.0122,Low
9732-EQMWY,Month-to-month,49,99.4,No,0.6513,High
9360-AHGNL,One year,43,109.55,Yes,0.4558,Medium
1087-UDSIH,Month-to-month,3,19.6,Yes,0.4568,Medium
5269-NRGDP,One year,42,73.15,No,0.1864,Low
6195-MELTI,One year,57,54.65,No,0.063,Low
5485-WUYWF,Month-to-month,2,66.4,Yes,0.5782,Medium
2121-JAFOM,Two year,72,115.55,No,0.1425,Low
8818-DOPVL,Month-to-month,46,104.45,No,0.8159,High
2632-UCGVD,Month-to-month,66,100.05,Yes,0.6018,High
5445-PZWGX,One year,62,102.0,Yes,0.2275,Low
1227-UDMZR,Two year,72,91.15,No,0.0451,Low
5198-HQAEN,One year,35,89.7,No,0.3718,Medium
9170-CCKOU,Month-to-month,17,90.2,Yes,0.5823,Medium
2167-FQSTQ,Two year,72,92.4,No,0.0677,Low
2819-GWENI,One year,28,19.9,No,0.0668,Low
1043-YCUTE,Two year,56,25.15,Yes,0.0222,Low
3814-MLAXC,Month-to-month,31,79.85,Yes,0.6037,High
3572-UUHRS,One year,45,18.85,No,0.039,Low
2692-PFYTJ,Month-to-month,1,25.75,No,0.5392,Medium
1226-UDFZR,Month-to-month,2,49.6,Yes,0.621,High
5955-EPOAZ,Month-to-month,6,20.95,No,0.417,Medium
6821-JPCDC,One year,48,97.05,No,0.5232,Medium
8815-LMFLX,Month-to-month,25,25.4,No,0.221,Low
9135-HSWOC,Two year,64,19.7,No,0.0085,Low
8582-KRHPJ,Month-to-month,50,35.0,No,0.2068,Low
5811-IWXYM,One year,52,101.25,No,0.3851,Medium
7044-YAACC,Month-to-month,4,70.2,No,0.8648,High
8189-XRIKE,Month-to-month,32,90.95,No,0.7926,High
1506-YJTYT,Two year,45,73.85,No,0.0416,Low
4123-DVHPH,Month-to-month,9,88.05,No,0.8327,High
6425-YQLLO,One year,66,105.95,Yes,0.4113,Medium
5442-UTCVD,Month-to-month,3,91.85,Yes,0.8428,High
2228-BZDEE,Two year,54,20.1,No,0.0144,Low
7734-DBOAI,Month-to-month,1,40.1,Yes,0.7293,High
2789-CZANW,Two year,64,110.3,No,0.0927,Low
2091-RFFBA,Month-to-month,31,73.9,Yes,0.7891,High
2114-MGINA,Month-to-month,14,89.8,Yes,0.8182,High
7596-LDUXP,One year,12,85.15,No,0.5364,Medium
3740-RLMVT,One year,67,60.95,No,0.036,Low
4489-SNOJF,Month-to-month,35,72.25,Yes,0.3049,Medium
2192-OZITF,Two year,45,73.55,No,0.0584,Low
5651-CPDND,Month-to-month,10,46.0,No,0.5211,Medium
2186-QZEYA,Month-to-month,29,58.55,No,0.3854,Medium
1131-ALZWV,One year,24,24.6,No,0.125,Low
7729-XBTWX,Two year,66,19.75,No,0.0083,Low
9134-WYRVP,One year,51,86.35,No,0.2193,Low
3284-SVCRO,Two year,45,25.5,No,0.0281,Low
9732-OUYRN,One year,49,19.0,No,0.0338,Low
0559-CKHUS,Two year,29,19.55,No,0.0536,Low
2931-SVLTV,Month-to-month,40,110.1,No,0.5116,Medium
6899-PPEEA,Month-to-month,37,96.55,Yes,0.8544,High
7504-UWHNB,Month-to-month,25,69.75,No,0.6799,High
2582-FFFZR,Month-to-month,22,50.6,No,0.7857,High
8908-NMQTX,Two year,72,65.6,No,0.0388,Low
2187-LZGPL,Month-to-month,7,40.1,Yes,0.7537,High
1431-AIDJQ,Two year,33,82.1,No,0.0828,Low
6288-LBEAR,Month-to-month,23,79.1,No,0.5541,Medium
4597-NUCQV,Month-to-month,24,101.25,Yes,0.8736,High
9019-QVLZD,Month-to-month,1,79.55,Yes,0.8556,High
8413-YNHNV,Two year,69,90.65,No,0.0411,Low
5808-TOTXO,One year,3,20.55,No,0.2327,Low
4369-NYSCF,One year,56,75.75,No,0.1212,Low
6333-YDVLT,One year,65,110.0,No,0.2978,Low
5324-KTGCG,One year,71,20.85,No,0.0178,Low
5599-HVLTW,Month-to-month,14,80.35,No,0.8079,High
7394-LWLYN,Month-to-month,2,70.15,No,0.8534,High
3707-LRWZD,One year,32,84.05,Yes,0.5969,Medium
6873-UDNLD,Month-to-month,40,67.45,No,0.3212,Medium
2700-LUEVA,Month-to-month,1,20.75,No,0.4123,Medium
1455-ESIQH,Month-to-month,1,89.1,Yes,0.9041,High
0958-YHXGP,Month-to-month,7,69.9,No,0.7783,High
1101-SSWAG,Month-to-month,15,51.1,No,0.6739,High
2979-SXESE,Month-to-month,17,94.4,Yes,0.7158,High
4013-TLDHQ,Month-to-month,19,78.25,Yes,0.7463,High
5743-KHMNA,Two year,71,25.55,No,0.009,Low
4194-FJARJ,Two year,54,60.0,No,0.0233,Low
5325-UWTWJ,Month-to-month,31,90.55,No,0.4704,Medium
3969-GYXEL,Month-to-month,11,76.4,No,0.687,High
9208-OLGAQ,Month-to-month,18,84.95,No,0.8464,High
3244-CQPHU,Two year,72,110.1,No,0.147,Low
2674-MLXMN,Month-to-month,71,99.65,No,0.6068,High
9708-HPXWZ,Month-to-month,5,45.4,No,0.7191,High
6992-TKNYO,One year,38,69.0,No,0.1861,Low
4468-YDOVK,Month-to-month,5,48.65,No,0.4726,Medium
3754-DXMRT,Month-to-month,2,44.15,Yes,0.774,High
5792-JALQC,Two year,52,59.85,No,0.056,Low
7130-VTEWQ,Month-to-month,8,75.75,Yes,0.8844,High
2200-DSAAL,Two year,68,80.65,No,0.1276,Low
4302-ZYFEL,One year,69,20.55,No,0.014,Low
9351-LZYGF,Month-to-month,42,66.4,No,0.1874,Low
4366-CTOUZ,Two year,50,100.2,No,0.2087,Low
6121-VZNQB,Month-to-month,1,19.1,Yes,0.4815,Medium
7903-CMPEY,Month-to-month,1,80.3,Yes,0.8557,High
1518-OMDIK,Month-to-month,33,44.55,No,0.3599,Medium
6671-NGWON,Month-to-month,7,20.35,No,0.3494,Medium
0595-ITUDF,Month-to-month,64,91.8,No,0.3717,Medium
6996-KNSML,Month-to-month,1,74.9,Yes,0.8576,High
1955-IBMMB,Two year,59,20.2,No,0.0138,Low
0096-BXERS,Month-to-month,6,50.35,No,0.6975,High
3806-YAZOV,Month-to-month,3,18.8,No,0.3971,Medium
7998-ZLXWN,Month-to-month,15,20.45,No,0.2675,Low
6253-WRFHY,One year,13,64.75,No,0.5111,Medium
9133-AYJZG,Month-to-month,23,98.7,No,0.8087,High
2675-OTVVJ,Month-to-month,31,89.45,No,0.7228,High
8680-CGLTP,One year,29,58.75,No,0.1526,Low
8430-TWCBX,One year,49,20.7,No,0.0339,Low
5018-GWURO,Month-to-month,56,85.6,No,0.5753,Medium
6741-QRLUP,Two year,63,80.3,No,0.0417,Low
4737-HOBAX,Two year,63,79.8,No,0.0706,Low
0537-QYZZN,Month-to-month,24,79.85,No,0.7022,High
3340-QBBFM,One year,36,54.1,No,0.1399,Low
1704-NRWYE,Month-to-month,9,80.85,Yes,0.8798,High
2592-SEIFQ,Month-to-month,3,24.75,Yes,0.789,High
8200-KLNYW,One year,21,80.9,No,0.2051,Low
3372-CDXFJ,One year,13,24.5,No,0.1504,Low
4781-ZXYGU,Month-to-month,1,20.15,No,0.395,Medium
7632-YUTXB,One year,25,20.05,No,0.0764,Low
2718-YSKCS,Two year,71,19.6,No,0.0062,Low
9896-UYMIE,One year,66,114.3,No,0.2511,Low
0853-NWIFK,One year,45,100.3,No,0.4388,Medium
8212-CRQXP,Month-to-month,22,80.0,No,0.7335,High
6980-CDGFC,One year,67,20.85,No,0.0179,Low
7691-XVTZH,Two year,68,89.95,No,0.1857,Low
7481-ATQQS,Month-to-month,49,90.85,Yes,0.6993,High
2277-VWCNI,Month-to-month,4,48.75,No,0.6935,High
1088-CNNKB,One year,63,80.0,No,0.0598,Low
8642-GVWRF,Month-to-month,2,79.7,Yes,0.7063,High
1930-BZLHI,One year,21,20.35,No,0.1409,Low
3400-ESFUW,Two year,55,57.55,Yes,0.0139,Low
5868-YTYKS,Month-to-month,1,20.25,No,0.4175,Medium
3525-DVKFN,Two year,17,19.4,No,0.0746,Low
1482-OXZSY,Month-to-month,30,100.4,No,0.7143,High
0377-JBKKT,Month-to-month,22,57.95,No,0.216,Low
5778-BVOFB,Month-to-month,9,59.5,No,0.5542,Medium
3373-YZZYM,Month-to-month,1,19.2,No,0.352,Medium
2057-ZBLPD,Month-to-month,21,86.5,Yes,0.8385,High
0228-MAUWC,Month-to-month,19,59.55,No,0.5088,Medium
5502-RLUYV,Month-to-month,69,103.95,Yes,0.6317,High
0023-HGHWL,Month-to-month,1,25.1,Yes,0.8659,High
7663-YJHSN,Two year,72,103.95,No,0.0952,Low
4915-BFSXL,Two year,70,68.95,No,0.0308,Low
3086-RUCRN,Month-to-month,66,103.1,No,0.3299,Medium
5215-LNLDJ,Month-to-month,7,24.7,No,0.7575,High
7576-JMYWV,Month-to-month,46,110.2,No,0.6057,High
9039-RBEEE,Month-to-month,39,48.95,Yes,0.2915,Low
0257-KXZGU,Month-to-month,32,62.45,No,0.2887,Low
1307-ATKGB,Month-to-month,24,89.55,No,0.7683,High
8417-FMLZI,Month-to-month,6,83.55,Yes,0.7465,High
3714-XPXBW,Month-to-month,37,78.9,No,0.2994,Low
1850-AKQEP,Month-to-month,8,20.35,No,0.2878,Low
2824-DXNKN,Two year,72,71.45,No,0.0339,Low
5227-JSCFE,Two year,71,46.35,No,0.0189,Low
0848-ZGQIJ,Month-to-month,16,94.65,No,0.7701,High
3621-CHYVB,Month-to-month,57,49.9,No,0.1804,Low
8042-RNLKO,One year,66,25.45,No,0.0214,Low
1792-UXAFY,Month-to-month,17,89.15,Yes,0.8335,High
5372-FBKBN,Month-to-month,21,20.75,No,0.1837,Low
0420-TXVSG,Two year,66,66.1,No,0.0348,Low
6217-TOWGS,Month-to-month,17,75.4,No,0.6533,High
0515-YPMCW,Month-to-month,1,70.45,Yes,0.7683,High
0378-XSZPU,One year,58,60.3,Yes,0.0485,Low
1045-LTCYT,Month-to-month,8,21.05,No,0.2809,Low
1544-JJMYL,One year,27,69.35,No,0.148,Low
4636-JGAAI,Month-to-month,34,88.85,No,0.6302,High
6874-SGLHU,One year,30,97.0,No,0.5273,Medium
5951-AOFIH,Month-to-month,33,66.4,No,0.418,Medium
4729-XKASR,Month-to-month,1,24.75,Yes,0.7651,High
3059-NGMXB,Month-to-month,14,69.2,No,0.4038,Medium
8652-YHIYU,One year,16,79.5,No,0.4678,Medium
5278-PNYOX,Two year,49,100.65,No,0.2006,Low
5449-FIBXJ,Month-to-month,19,103.3,Yes,0.7662,High
3486-HOOGQ,Two year,70,79.7,No,0.0206,Low
5061-PBXFW,Month-to-month,32,61.4,No,0.1193,Low
8630-FJLIB,Month-to-month,18,69.8,No,0.776,High
3891-NLXJB,Two year,37,40.55,No,0.0667,Low
4749-OJKQU,Month-to-month,4,75.65,No,0.8759,High
0577-WHMEV,Month-to-month,16,90.7,No,0.6695,High
5453-AXEPF,Month-to-month,17,80.5,No,0.7149,High
3639-XJHKQ,Month-to-month,19,60.6,No,0.404,Medium
3716-LRGXK,Two year,60,101.15,No,0.2591,Low
2263-SFSQZ,Two year,51,24.95,No,0.0219,Low
9950-MTGYX,Two year,28,20.3,No,0.0444,Low
3397-AVTKU,Two year,43,60.0,No,0.1344,Low
4825-FUREZ,Two year,42,20.25,No,0.033,Low
9837-BMCLM,Month-to-month,3,78.5,Yes,0.8789,High
2672-OJQZP,Month-to-month,1,44.75,No,0.6122,High
0137-UDEUO,Month-to-month,3,19.85,Yes,0.3935,Medium
3134-DSHVC,Two year,63,98.0,No,0.1309,Low
6161-UUUTA,Month-to-month,3,79.9,Yes,0.8975,High
7821-DPRQE,Month-to-month,68,107.7,No,0.4961,Medium
6543-XRMYR,Month-to-month,30,99.7,Yes,0.8587,High
2001-EWBQU,Two year,60,104.7,No,0.3195,Medium
4925-LMHOK,Month-to-month,15,58.6,Yes,0.4839,Medium
1608-GMEWB,Month-to-month,45,93.9,No,0.7589,High
6695-AMZUF,Two year,70,86.45,No,0.0271,Low
1455-UGQVH,Month-to-month,10,98.5,Yes,0.9053,High
8410-BGQXN,Month-to-month,4,19.4,No,0.3822,Medium
8280-MQRQN,Month-to-month,1,50.45,Yes,0.667,High
1619-YWUBB,Two year,68,24.95,No,0.0133,Low
7611-YKYTC,Month-to-month,22,75.0,No,0.4387,Medium
2037-SGXHH,Month-to-month,38,94.65,Yes,0.7048,High
3178-FESZO,Month-to-month,1,100.25,Yes,0.8773,High
0365-GXEZS,Month-to-month,18,78.2,No,0.653,High
0082-OQIQY,Month-to-month,29,94.2,No,0.7495,High
6087-MVHJH,Month-to-month,16,88.45,Yes,0.8674,High
4603-JANFB,Month-to-month,1,69.85,Yes,0.857,High
3018-TFTSU,Month-to-month,12,81.7,Yes,0.5755,Medium
3606-SBKRY,One year,31,50.05,No,0.5419,Medium
4806-KEXQR,Month-to-month,4,79.9,Yes,0.8716,High
0667-NSRGI,One year,48,69.55,No,0.1771,Low
7083-YNSKY,Month-to-month,15,25.4,Yes,0.392,Medium
6893-ODYYE,One year,50,90.1,No,0.1591,Low
8242-JSVBO,Month-to-month,7,44.65,No,0.6018,High
2479-BRAMR,Month-to-month,41,83.75,Yes,0.5485,Medium
9541-ZPSEA,Two year,68,80.35,No,0.0483,Low
2665-NPTGL,Month-to-month,26,98.1,No,0.8382,High
1139-WUOAH,Two year,57,53.35,No,0.0857,Low
4693-VWVBO,Month-to-month,3,19.55,No,0.4813,Medium
7434-SHXLS,Month-to-month,1,20.9,Yes,0.4113,Medium
6937-GCDGQ,One year,19,48.95,No,0.1817,Low
0988-JRWWP,Month-to-month,3,54.2,No,0.7728,High
5075-JSDKI,Two year,59,24.45,No,0.0229,Low
7908-QCBCA,Month-to-month,1,69.4,Yes,0.8051,High
8644-XYTSV,Month-to-month,42,40.15,No,0.3408,Medium
6711-FLDFB,Month-to-month,7,74.9,Yes,0.8673,High
3873-WOSBC,Two year,67,25.6,No,0.0111,Low
7465-ZZRVX,Month-to-month,1,70.35,No,0.8561,High
7975-JMZNT,Two year,66,91.7,No,0.0402,Low
7251-XFOIL,Month-to-month,61,89.2,No,0.5114,Medium
4116-IQRFR,One year,4,24.1,No,0.2199,Low
3714-JTVOV,Month-to-month,42,74.15,Yes,0.4901,Medium
8259-DZLIZ,One year,64,53.85,No,0.0666,Low
0442-ZXKVS,One year,54,115.6,No,0.36,Medium
7853-WNZSY,Month-to-month,1,19.75,No,0.4794,Medium
3120-FAZKD,Two year,54,24.05,No,0.0181,Low
8606-OEGQZ,Two year,18,25.3,No,0.0746,Low
0225-ZORZP,Month-to-month,3,84.3,No,0.8186,High
4702-IOQDC,Month-to-month,1,70.1,Yes,0.858,High
9489-JMTTN,Two year,72,89.75,No,0.0306,Low
0575-CUQOV,One year,60,97.95,No,0.493,Medium
0967-BMLBD,One year,11,20.0,No,0.167,Low
6178-KFNHS,Month-to-month,12,78.3,Yes,0.7478,High
2830-LEWOA,One year,61,103.9,No,0.2046,Low
5006-MXVRN,Two year,39,20.7,No,0.0282,Low
1264-BYWMS,Month-to-month,55,96.8,Yes,0.7472,High
9658-WYUFB,Month-to-month,17,94.4,Yes,0.7804,High
8327-WKMIE,One year,37,20.15,No,0.0591,Low
6917-FIJHC,Two year,72,26.0,No,0.011,Low
5329-KRDTM,Two year,72,77.35,No,0.0401,Low
7797-EJMDP,Month-to-month,8,66.05,No,0.3903,Medium
3530-VWVGU,Month-to-month,22,19.9,No,0.1707,Low
2013-SGDXK,Month-to-month,1,84.3,Yes,0.8314,High
6368-NWMCE,Month-to-month,38,68.15,No,0.3083,Medium
3633-CDBUW,One year,17,80.85,No,0.3036,Medium
0707-HOVVN,Two year,70,75.5,No,0.0543,Low
8580-QVLOC,Two year,72,92.45,Yes,0.0344,Low
3956-MGXOG,Month-to-month,28,80.6,No,0.7689,High
9274-UARKJ,Month-to-month,15,83.2,No,0.7355,High
4077-HWUYD,Two year,72,87.55,No,0.0362,Low
2012-NWRPA,Month-to-month,11,99.55,Yes,0.9192,High
8808-ELEHO,Month-to-month,8,81.25,Yes,0.8809,High
0103-CSITQ,One year,57,109.4,No,0.37,Medium
3506-LCJDC,Month-to-month,1,19.95,Yes,0.3364,Medium
8671-KKKOS,Month-to-month,46,45.55,No,0.315,Medium
7305-ZWMAJ,One year,30,20.7,No,0.0752,Low
9518-XXBXE,Month-to-month,10,75.3,No,0.7269,High
3934-HXCFZ,Month-to-month,23,99.25,Yes,0.7424,High
6578-KRMAW,Month-to-month,32,93.4,No,0.5622,Medium
4860-IJUDE,Month-to-month,13,73.75,No,0.6598,High
7666-WKRON,Two year,39,80.45,Yes,0.2376,Low
9688-YGXVR,Month-to-month,44,88.15,No,0.5899,Medium
0423-UDIJQ,Month-to-month,9,49.2,No,0.4923,Medium
1945-XISKS,Two year,67,19.65,No,0.0077,Low
4910-AQFFX,Month-to-month,9,79.35,Yes,0.7537,High
2154-KVJFF,Month-to-month,15,79.75,Yes,0.8075,High
5360-LJCNJ,Two year,71,105.15,No,0.2329,Low
2607-FBDFF,Month-to-month,1,49.0,No,0.5208,Medium
9647-ERGBE,Month-to-month,30,100.05,Yes,0.8219,High
3428-XZMAZ,Month-to-month,1,69.35,Yes,0.858,High
1100-DDVRV,Month-to-month,17,49.8,No,0.7151,High
0378-TOVMS,Month-to-month,3,85.8,Yes,0.7867,High
4355-HBJHH,Two year,67,79.7,Yes,0.0843,Low
6728-WYQBC,Month-to-month,1,20.95,No,0.3944,Medium
9058-CBREO,Month-to-month,1,50.55,Yes,0.7122,High
9029-FEGVJ,Month-to-month,32,79.3,No,0.6683,High
7216-KAOID,One year,41,19.5,No,0.0357,Low
0318-QUUOB,Month-to-month,1,80.55,Yes,0.8777,High
6145-NNPNO,Month-to-month,1,44.15,No,0.6008,High
5520-FVEWJ,Month-to-month,12,84.5,Yes,0.7798,High
5339-TJFEK,Month-to-month,62,105.5,No,0.5455,Medium
5572-ZDXHY,Month-to-month,22,84.3,Yes,0.7074,High
2074-GUHPQ,Month-to-month,17,92.7,No,0.6077,High
4625-XMOYM,Two year,72,26.25,No,0.0087,Low
5827-MWCZK,Month-to-month,56,96.95,No,0.4196,Medium
1385-TQOZW,Month-to-month,9,20.45,No,0.3879,Medium
5914-XRFQB,Two year,72,115.8,No,0.1357,Low
4329-YPDDQ,Month-to-month,20,108.2,No,0.6048,High
4804-NCPET,Two year,19,20.2,No,0.0519,Low
3750-CKVKH,Month-to-month,2,67.75,Yes,0.8565,High
5944-UGLLK,One year,53,54.9,No,0.1778,Low
8063-GBATB,Month-to-month,27,85.25,Yes,0.8495,High
7787-BNTZM,Month-to-month,6,20.15,No,0.3448,Medium
2252-ISRNH,One year,9,90.35,No,0.7268,High
9415-TPKRV,Month-to-month,8,55.75,No,0.5852,Medium
5322-TEUJK,Two year,71,114.6,No,0.0878,Low
4547-KQRTM,Month-to-month,10,80.05,Yes,0.7683,High
4877-EVATK,Month-to-month,1,20.0,Yes,0.4119,Medium
1866-DIOQZ,One year,71,66.8,No,0.0596,Low
8375-KVTHK,One year,68,100.3,No,0.3051,Medium
2697-NQBPF,Month-to-month,34,105.35,No,0.7572,High
3709-OIJEA,One year,26,85.2,No,0.4252,Medium
7639-SUPCW,Month-to-month,22,48.8,Yes,0.3796,Medium
1386-ZIKUV,Month-to-month,7,18.95,No,0.4109,Medium
0599-XNYDO,Month-to-month,20,69.8,No,0.685,High
6377-WHAOX,Month-to-month,60,106.15,No,0.7143,High
6855-VLGOS,Two year,72,20.55,No,0.0068,Low
8999-XXGNS,One year,72,105.75,No,0.4285,Medium
8746-OQQRW,Month-to-month,4,25.25,No,0.4413,Medium
3181-MIZBN,Month-to-month,16,19.75,No,0.2783,Low
0471-ARVMX,One year,62,104.85,No,0.4963,Medium
7766-CLTIC,Month-to-month,10,60.95,No,0.5527,Medium
5650-YLIBA,Month-to-month,31,81.15,No,0.7291,High
0825-CPPQH,Two year,71,19.1,No,0.0065,Low
9084-OAYKL,Two year,58,20.8,No,0.0119,Low
6122-LJADA,Two year,70,90.15,No,0.0387,Low
2400-XIWIO,Two year,71,90.1,No,0.0513,Low
7524-VRLPL,Two year,69,74.1,No,0.0361,Low
1069-XAIEM,Month-to-month,1,85.05,Yes,0.9224,High
7569-NMZYQ,Two year,72,118.75,No,0.114,Low
5201-USSQZ,Month-to-month,26,85.9,No,0.5658,Medium
2105-PHWON,Month-to-month,33,95.0,No,0.6552,High
1494-EJZDW,Two year,10,20.15,No,0.0775,Low
4884-TVUQF,Two year,57,101.3,No,0.146,Low
8003-EWNDZ,Month-to-month,10,21.2,No,0.4602,Medium
1897-RCFUM,One year,39,24.2,No,0.0707,Low
9256-JTBNZ,Month-to-month,11,20.3,No,0.298,Low
4658-HCOHW,Month-to-month,21,102.8,Yes,0.7195,High
2211-RMNHO,Two year,68,85.3,No,0.04,Low
2432-TFSMK,One year,18,89.6,No,0.6656,High
3440-JPSCL,Month-to-month,6,99.95,Yes,0.7956,High
4929-ROART,Month-to-month,18,56.25,No,0.4074,Medium
1834-ABKHQ,One year,52,50.95,No,0.0873,Low
1741-WTPON,Two year,56,115.85,No,0.1236,Low
3932-IJWDZ,Month-to-month,45,103.65,No,0.6671,High
1240-HCBOH,Two year,67,26.1,No,0.0146,Low
3594-KADLU,Month-to-month,3,35.1,No,0.5282,Medium
8065-BVEPF,Month-to-month,65,99.1,No,0.5698,Medium
3796-ENZGF,Two year,63,67.25,No,0.0403,Low
1734-ZMNTZ,Two year,11,25.0,No,0.0955,Low
2853-CWQFQ,Month-to-month,1,59.55,No,0.5747,Medium
0813-TAXXS,Two year,55,77.8,No,0.1424,Low
2519-TWKFS,One year,25,55.1,No,0.2077,Low
2889-FPWRM,One year,72,117.8,Yes,0.2412,Low
0626-QXNGV,Two year,72,24.15,No,0.0115,Low
6723-CEGQI,Two year,65,45.25,No,0.0302,Low
6987-XQSJT,Month-to-month,54,79.5,Yes,0.6273,High
4732-RRJZC,Month-to-month,7,20.25,No,0.289,Low
9499-XPZXM,Two year,72,64.75,No,0.0147,Low
4338-EYCER,Month-to-month,21,54.6,No,0.4612,Medium
3007-FDPEA,Month-to-month,2,20.7,No,0.4495,Medium
6350-XFYGW,Month-to-month,4,94.75,No,0.9142,High
4290-BSXUX,Month-to-month,3,79.65,Yes,0.7613,High
8513-OLYGY,Two year,72,115.8,No,0.1129,Low
0311-QYWSS,Month-to-month,6,49.45,No,0.6125,High
8705-DWKTI,Month-to-month,52,83.8,No,0.5503,Medium
8755-IWJHN,Month-to-month,69,95.35,No,0.5047,Medium
0325-XBFAC,Month-to-month,8,94.7,Yes,0.8852,High
4480-QQRHC,Month-to-month,8,74.05,No,0.7999,High
0929-PECLO,Month-to-month,63,89.6,No,0.5869,Medium
3680-CTHUH,One year,60,116.6,No,0.3012,Medium
1202-KKGFU,Month-to-month,12,54.2,No,0.3021,Medium
6112-KTHFQ,Month-to-month,13,19.3,No,0.3496,Medium
1852-XEMDW,Month-to-month,22,65.05,No,0.3464,Medium
2462-XIIJB,Month-to-month,5,92.5,Yes,0.8928,High
4760-XOHVN,Month-to-month,1,19.45,Yes,0.3538,Medium
1820-DJFPH,Two year,72,24.05,No,0.0084,Low
9426-SXNHE,Month-to-month,2,18.75,No,0.3956,Medium
9068-FHQHD,Two year,40,20.15,No,0.0195,Low
1269-FOYWN,One year,44,20.0,No,0.0311,Low
9470-YFUYI,One year,71,71.0,No,0.0461,Low
7817-BOQPW,Month-to-month,2,75.55,Yes,0.8831,High
7402-EYFXX,Month-to-month,26,93.6,No,0.8863,High
1853-UDXBW,Month-to-month,1,70.0,Yes,0.8208,High
9895-VFOXH,Month-to-month,1,24.4,No,0.7453,High
5458-CQJTA,Two year,65,74.8,Yes,0.0305,Low
1230-QAJDW,Month-to-month,3,65.25,No,0.6743,High
5701-ZIKJE,Month-to-month,13,50.55,No,0.4596,Medium
5219-YIPTK,Month-to-month,33,104.4,Yes,0.821,High
5032-MIYKT,Month-to-month,1,70.7,No,0.8078,High
7396-VJUZB,Month-to-month,4,45.25,No,0.5116,Medium
9717-QEBGU,Month-to-month,2,70.3,No,0.8522,High
5172-RKOCB,Two year,72,108.95,No,0.1313,Low
6509-TSGWN,Month-to-month,37,26.45,No,0.1214,Low
3540-RZJYU,Month-to-month,15,86.2,Yes,0.7162,High
3178-CIFOT,One year,23,19.65,No,0.1349,Low
2091-MJTFX,Month-to-month,30,51.2,Yes,0.4423,Medium
4530-NDRKU,One year,42,19.05,No,0.0648,Low
5985-TBABQ,One year,32,74.75,No,0.258,Low
9800-ONTFE,Month-to-month,22,75.8,No,0.6694,High
6743-HHQPF,Month-to-month,42,25.1,No,0.3718,Medium
8455-HIRAQ,Month-to-month,8,44.45,No,0.5475,Medium
6616-AALSR,Two year,65,104.3,No,0.1837,Low
0883-EIBTI,Month-to-month,2,19.5,Yes,0.4051,Medium
9415-ZNBSX,Two year,70,89.0,No,0.0378,Low
4018-KJYUY,Month-to-month,22,20.15,No,0.1771,Low
0722-TROQR,Month-to-month,4,74.9,Yes,0.8982,High
7571-YXDAD,Month-to-month,2,74.9,Yes,0.8071,High
3884-UEBXB,Two year,67,36.15,No,0.0166,Low
8780-RSYYU,Month-to-month,25,19.2,No,0.2404,Low
5537-UXXVS,Month-to-month,20,19.25,No,0.2137,Low
1791-PQHBB,Month-to-month,2,61.2,No,0.556,Medium
8701-DGLVH,Two year,51,20.45,No,0.0163,Low
8741-LQOBK,Month-to-month,46,35.05,No,0.1478,Low
3393-FMZPV,Month-to-month,25,100.25,Yes,0.8444,High
8082-GHXOP,Month-to-month,13,44.0,No,0.445,Medium
6402-ZFPPI,Month-to-month,25,102.8,Yes,0.773,High
0980-FEXWF,One year,26,50.35,No,0.1717,Low
7486-KSRVI,One year,43,100.0,Yes,0.5654,Medium
3011-WQKSZ,Month-to-month,19,20.0,No,0.3102,Medium
8443-WVPSS,Month-to-month,10,99.85,Yes,0.8018,High
3006-XIMLN,Month-to-month,2,94.2,Yes,0.8638,High
8218-FFJDS,Two year,72,86.4,No,0.039,Low
1986-PHGZF,Month-to-month,18,58.4,No,0.4889,Medium
9965-YOKZB,Month-to-month,9,83.85,Yes,0.9057,High
0504-HHAPI,Month-to-month,27,88.3,Yes,0.7697,High
9360-OMDZZ,Month-to-month,24,94.1,No,0.8722,High
6305-YLBMM,One year,69,104.05,Yes,0.2497,Low
0345-XMMUG,Two year,46,108.9,No,0.2824,Low
8024-XNAFQ,Two year,72,107.4,No,0.1162,Low
3647-GMGDH,Month-to-month,22,94.7,Yes,0.7796,High
2988-GBIVW,Month-to-month,70,90.85,No,0.5433,Medium
2832-SCUCO,Month-to-month,2,19.9,No,0.4924,Medium
7036-ZZKBD,Month-to-month,31,66.4,No,0.3679,Medium
3791-LGQCY,Month-to-month,56,100.65,Yes,0.7149,High
0265-PSUAE,Month-to-month,16,100.7,No,0.6164,High
0463-TXOAK,Two year,52,25.6,No,0.0174,Low
0594-UFTUL,Month-to-month,13,19.85,No,0.2859,Low
9509-MPYOD,One year,35,20.75,No,0.063,Low
9128-CPXKI,Two year,59,95.8,No,0.2748,Low
0129-KPTWJ,Month-to-month,72,94.65,No,0.584,Medium
8166-ZZTFS,Two year,66,80.55,Yes,0.1111,Low
5855-EIBDE,Two year,49,106.65,No,0.1239,Low
5365-LLFYV,Month-to-month,2,45.85,No,0.6593,High
5956-YHHRX,Month-to-month,21,104.35,No,0.8874,High
6008-NAIXK,One year,54,55.45,No,0.3516,Medium
2956-GGUCQ,Month-to-month,24,78.85,Yes,0.7465,High
1928-BXYIV,Month-to-month,1,61.15,No,0.6028,High
5760-FXFVO,Month-to-month,6,78.95,No,0.7397,High
6595-COKXZ,Month-to-month,1,44.45,Yes,0.6721,High
0961-ZWLVI,One year,49,109.2,No,0.3657,Medium
5181-OABFK,Two year,56,61.3,No,0.0272,Low
4007-NHVHI,Month-to-month,56,96.85,No,0.5956,Medium
7816-VGHTO,Two year,6,40.55,No,0.1888,Low
5871-DGTXZ,One year,32,19.8,No,0.0712,Low
7550-WIQVA,One year,50,108.25,No,0.4387,Medium
7544-ZVIKX,One year,58,105.05,No,0.3293,Medium
0016-QLJIS,Two year,65,90.45,No,0.0458,Low
7508-DQAKK,Two year,64,86.4,No,0.0585,Low
5176-OLSKT,Two year,66,66.9,No,0.0249,Low
9356-AXGMP,One year,38,110.7,No,0.5223,Medium
3556-BVQGL,One year,20,20.0,No,0.1445,Low
0362-ZBZWJ,Month-to-month,36,84.9,Yes,0.7804,High
8979-CAMGB,One year,64,102.1,No,0.4597,Medium
4211-MMAZN,Month-to-month,1,20.25,Yes,0.4109,Medium
7581-EBBOU,One year,60,70.15,No,0.0889,Low
4274-OWWYO,Month-to-month,1,74.35,Yes,0.8336,High
5073-RZGBK,One year,50,80.05,No,0.0839,Low
1541-ETJZO,Month-to-month,1,62.05,Yes,0.5675,Medium
2192-CKRLV,Two year,72,49.2,No,0.0521,Low
3154-HMWUU,Two year,60,20.5,No,0.0126,Low
6119-SPUDB,Two year,46,38.25,No,0.0457,Low
6522-OIQSX,Two year,69,54.95,No,0.0677,Low
7813-ZGGAW,Month-to-month,31,96.6,No,0.7023,High
8748-HFWBO,One year,19,19.9,No,0.0963,Low
1052-QJIBV,Two year,71,19.9,No,0.0052,Low
1319-YLZJG,Month-to-month,12,84.6,No,0.6912,High
4106-HADHQ,One year,39,80.0,Yes,0.1096,Low
0723-FDLAY,One year,44,85.25,No,0.2198,Low
3050-RLLXC,Two year,56,81.25,No,0.0323,Low
9298-WGMRW,Two year,72,115.5,No,0.1341,Low
2369-UAPKZ,Month-to-month,5,104.1,Yes,0.8333,High
3088-LHEFH,Month-to-month,11,79.0,No,0.7211,High
2778-OCLGR,Month-to-month,24,39.1,Yes,0.5088,Medium
6583-KQJLK,Month-to-month,15,94.65,No,0.8617,High
8544-JNBOX,Two year,72,20.8,No,0.0082,Low
6681-ZSEXG,Two year,56,59.5,No,0.0526,Low
6139-ZZRBQ,Two year,64,20.05,No,0.0132,Low
6116-RFVHN,Month-to-month,34,100.45,No,0.8383,High
0637-KVDLV,Month-to-month,2,76.5,Yes,0.8801,High
8884-FEEWR,One year,35,20.6,No,0.06,Low
3125-RAHBV,One year,22,20.3,No,0.1102,Low
6633-MPWBS,Month-to-month,5,49.2,Yes,0.6264,High
0373-AIVNJ,One year,9,39.55,No,0.3381,Medium
8785-EPNCG,Month-to-month,11,23.15,Yes,0.3758,Medium
1682-VCOIO,One year,23,20.45,No,0.1041,Low
5729-KLZAR,Month-to-month,4,80.85,Yes,0.7995,High
2072-ZVJJX,Two year,68,25.25,No,0.0097,Low
8849-AYPTR,Month-to-month,33,91.25,No,0.7404,High
9518-IMLHK,Month-to-month,31,72.45,No,0.2538,Low
1582-RAFML,Month-to-month,1,60.1,Yes,0.5304,Medium
3646-ITDGM,Two year,56,19.7,No,0.0123,Low
8740-CRYFY,Month-to-month,1,78.95,Yes,0.8843,High
3569-VLDHH,One year,66,75.1,No,0.0578,Low
8224-KDLKN,Two year,72,25.0,No,0.0064,Low
7594-LZNWR,Month-to-month,34,69.15,No,0.5779,Medium
4001-TSBTV,Month-to-month,58,91.55,No,0.5193,Medium
2962-XPMCQ,Month-to-month,2,45.15,Yes,0.7333,High
8727-XDPUD,Two year,37,35.8,No,0.1581,Low
1043-UXOVO,Two year,71,113.15,No,0.1477,Low
1064-FBXNK,One year,1,19.85,No,0.1986,Low
3996-ZNWYK,Two year,71,19.8,No,0.0063,Low
2878-DHMIN,One year,35,19.9,No,0.0679,Low
7762-ONLJY,One year,6,19.7,No,0.1638,Low
1678-FYZOW,Month-to-month,3,79.4,Yes,0.8787,High
5795-BKOYE,One year,69,59.1,No,0.0263,Low
8627-EHGIP,One year,44,53.95,Yes,0.3114,Medium
7402-PWYJJ,One year,53,91.15,No,0.4149,Medium
5480-TBGPH,Month-to-month,24,99.3,Yes,0.7554,High
0018-NYROU,Month-to-month,5,68.95,No,0.839,High
7501-VTYLJ,Month-to-month,2,51.55,No,0.4937,Medium
7608-RGIRO,Two year,62,24.4,No,0.0139,Low
0480-BIXDE,Month-to-month,19,96.8,No,0.844,High
5895-QSXOD,Month-to-month,9,70.05,No,0.7163,High
9814-AOUDH,Two year,53,19.5,No,0.0152,Low
6175-IRFIT,Month-to-month,5,78.75,No,0.7858,High
8760-ZRHKE,One year,71,69.2,No,0.0812,Low
1622-HSHSF,Month-to-month,1,19.55,No,0.4797,Medium
8854-CCVSQ,Month-to-month,18,80.65,Yes,0.7933,High
6749-UTDVX,Two year,72,103.65,No,0.3185,Medium
5542-DHSXL,Month-to-month,4,54.7,No,0.4252,Medium
9102-OXKFY,Two year,59,54.15,No,0.053,Low
0511-JTEOY,Month-to-month,1,71.1,Yes,0.7637,High
5216-WASFJ,Month-to-month,31,84.85,No,0.8303,High
7808-DVWEP,Month-to-month,3,20.0,No,0.3669,Medium
7067-KSAZT,One year,65,106.25,Yes,0.5567,Medium
2284-VFLKH,One year,49,99.25,No,0.3814,Medium
0366-NQSHS,Month-to-month,2,19.35,No,0.4038,Medium
6532-YLWSI,One year,53,20.8,Yes,0.0259,Low
3807-BPOMJ,One year,55,94.75,No,0.4049,Medium
3892-NXAZG,Two year,72,114.05,No,0.1174,Low
4948-WBBKL,Month-to-month,36,74.9,No,0.6803,High
4182-BGSIQ,Month-to-month,10,19.8,No,0.3055,Medium
9300-AGZNL,Month-to-month,1,94.0,Yes,0.9375,High
0988-AADSA,Two year,72,80.85,No,0.0184,Low
9972-NKTFD,Month-to-month,28,54.65,No,0.2382,Low
3717-LNXKW,Month-to-month,38,91.7,No,0.5318,Medium
5734-EJKXG,One year,61,118.6,No,0.3802,Medium
2207-RYYRL,Two year,52,24.55,No,0.0168,Low
6729-FZWSY,One year,67,19.45,No,0.0191,Low
9695-IDRZR,Two year,34,116.15,No,0.228,Low
8144-DGHXP,Two year,54,80.6,No,0.0677,Low
7814-LEEVE,Month-to-month,1,20.3,No,0.4531,Medium
1112-CUNAO,Month-to-month,15,89.85,Yes,0.8422,High
5175-AOBHI,Month-to-month,4,46.0,Yes,0.6409,High
5174-RNGBH,Month-to-month,9,66.25,Yes,0.4565,Medium
8631-WUXGY,Month-to-month,46,99.8,No,0.6609,High
7270-BDIOA,Month-to-month,22,90.0,Yes,0.7915,High
9565-JSNFM,One year,38,70.45,Yes,0.3467,Medium
5906-DVAPM,One year,55,75.0,No,0.0756,Low
6654-QGBZZ,Month-to-month,1,19.9,No,0.4151,Medium
8348-JLBUG,One year,64,80.3,No,0.1456,Low
0607-DAAHE,Two year,53,19.75,Yes,0.0113,Low
5641-DMBFJ,Two year,58,84.3,No,0.1027,Low
9200-NLNPD,One year,56,54.05,No,0.1756,Low
2664-XJZNO,Two year,72,104.9,No,0.0917,Low
9732-KPKBW,Month-to-month,1,53.95,Yes,0.5626,Medium
3339-EAQNV,One year,72,97.25,No,0.4091,Medium
0921-OHLVP,Month-to-month,22,83.05,No,0.8051,High
3389-YGYAI,Month-to-month,8,105.5,Yes,0.9119,High
9560-ARGQJ,Month-to-month,16,81.0,Yes,0.7935,High
8350-NYMVI,Month-to-month,39,41.1,No,0.2464,Low
1600-DILPE,Month-to-month,12,45.0,No,0.5542,Medium
0536-ESJEP,Two year,54,74.55,No,0.0671,Low
4654-GGUII,One year,18,40.2,No,0.238,Low
6478-HRRCZ,One year,32,70.5,No,0.0999,Low
8510-BBWMU,One year,41,19.75,No,0.0627,Low
6857-TKDJV,Two year,67,24.65,No,0.008,Low
2360-RDGRO,Month-to-month,65,104.25,No,0.6333,High
0584-BJQGZ,Month-to-month,25,78.35,No,0.3535,Medium
5134-IKDAY,Month-to-month,1,69.8,Yes,0.823,High
1360-XFJMR,One year,67,109.7,No,0.3351,Medium
3070-DVEYC,Month-to-month,7,73.75,Yes,0.8146,High
5730-RIITO,Month-to-month,43,33.45,No,0.3087,Medium
9058-MJLZC,Month-to-month,24,94.6,No,0.7735,High
5707-ORNDZ,Month-to-month,9,54.55,Yes,0.6327,High
0902-XKXPN,Two year,69,20.2,No,0.0052,Low
5177-RVZNU,One year,37,20.3,No,0.0445,Low
0056-EPFBG,Two year,20,39.4,No,0.1219,Low
8993-IZEUX,Month-to-month,7,69.15,No,0.7192,High
8696-JKZNU,Month-to-month,37,76.25,Yes,0.758,High
5380-AFSSK,Month-to-month,5,93.9,Yes,0.8873,High
8190-ZTQFB,One year,41,51.35,No,0.4461,Medium
0931-MHTEM,One year,54,100.05,No,0.3049,Medium
2055-PDADH,Month-to-month,3,70.4,Yes,0.8736,High
7515-LODFU,Two year,69,20.3,No,0.0089,Low
0440-UEDAI,One year,53,94.45,No,0.2643,Low
1337-BOZWO,One year,18,46.4,No,0.3449,Medium
0868-VJRDR,Two year,64,104.05,No,0.1114,Low
8714-EUHJO,Month-to-month,31,91.15,Yes,0.7389,High
6344-SFJVH,Month-to-month,20,24.9,No,0.5591,Medium
3950-VPYJB,One year,57,59.6,No,0.0279,Low
8041-TMEID,Two year,63,108.5,No,0.2094,Low
7321-ZNSLA,Two year,13,40.55,No,0.1044,Low
6941-KXRRV,One year,48,58.95,No,0.168,Low
3721-CNEYS,Month-to-month,2,70.95,Yes,0.8522,High
8727-JQFHV,Two year,57,20.75,No,0.0094,Low
9475-NNDGC,One year,71,113.15,No,0.2961,Low
1355-KUSBG,Month-to-month,7,48.8,No,0.6433,High
3688-FTHLT,Month-to-month,16,63.05,No,0.6399,High
0899-LIIBW,Month-to-month,34,100.85,No,0.8024,High
2568-OIADY,Month-to-month,37,99.5,Yes,0.8321,High
1384-RCUXW,Month-to-month,16,80.55,No,0.7391,High
5825-XJOCM,One year,48,64.4,No,0.0877,Low
6848-YLDFR,One year,58,75.2,No,0.094,Low
8125-QPFJD,Two year,72,84.9,No,0.0476,Low
2320-YKQBO,Month-to-month,7,19.3,No,0.3529,Medium
1193-RTSLK,Month-to-month,38,83.9,Yes,0.4514,Medium
2302-ANTDP,Month-to-month,48,117.45,Yes,0.5938,Medium
5923-GXUOC,Month-to-month,10,104.4,Yes,0.8049,High
4973-RLZVI,One year,30,74.65,No,0.1209,Low
7869-ZYDST,Month-to-month,31,59.05,No,0.532,Medium
4501-UYKBC,One year,46,69.1,No,0.2282,Low
1215-EXRMO,Two year,50,20.55,No,0.0166,Low
2305-MRGLV,Month-to-month,28,76.55,No,0.4561,Medium
8404-VIOMB,Two year,66,62.5,No,0.0494,Low
5233-GEEAX,Month-to-month,8,29.4,Yes,0.8269,High
2359-KLTEK,Month-to-month,41,94.9,No,0.6264,High
5304-EFJLP,Two year,72,111.65,No,0.2079,Low
2673-ZALNP,One year,7,19.9,No,0.1983,Low
9184-GALIL,Month-to-month,38,20.45,No,0.0907,Low
4393-RYCRE,One year,44,106.05,No,0.4452,Medium
9746-MDMBK,One year,47,113.45,No,0.2837,Low
3162-ZJZFU,Month-to-month,53,92.55,No,0.4327,Medium
8404-GFGCZ,Month-to-month,4,65.6,No,0.7544,High
8875-AKBYH,Month-to-month,20,84.35,No,0.8767,High
4432-ADRLB,Month-to-month,2,44.65,Yes,0.5995,Medium
0533-UCAAU,One year,57,71.1,No,0.196,Low
1394-SUIUH,Month-to-month,44,85.15,No,0.431,Medium
3521-MNKLV,Month-to-month,24,49.7,No,0.4548,Medium
2533-TIBIX,Month-to-month,15,30.2,No,0.4888,Medium
8993-PHFWD,Month-to-month,3,25.25,Yes,0.7893,High
1565-RHDJD,Month-to-month,4,84.05,Yes,0.71,High
7137-RYLPP,Month-to-month,37,85.7,Yes,0.8045,High
3765-JXVKY,Month-to-month,1,74.7,Yes,0.8344,High
5092-STPKP,Month-to-month,24,56.35,No,0.2329,Low
7330-WZLNC,Month-to-month,5,90.8,Yes,0.8785,High
0114-PEGZZ,Month-to-month,33,107.55,No,0.7886,High
3359-DSRKA,Two year,58,19.85,No,0.0119,Low
8639-NHQEI,Two year,72,95.9,No,0.0931,Low
7161-DFHUF,Two year,71,23.85,No,0.009,Low
3957-LXOLK,Month-to-month,28,106.15,Yes,0.8726,High
3720-DBRWL,Two year,51,83.85,No,0.0594,Low
6635-MYYYZ,One year,30,85.35,Yes,0.1422,Low
8565-WUXZU,Two year,72,84.8,No,0.0546,Low
5281-BUZGT,Month-to-month,36,90.85,Yes,0.7456,High
4994-OBRSZ,Two year,14,76.1,No,0.0745,Low
0562-FGDCR,Two year,72,74.55,No,0.0184,Low
2436-QBZFP,Month-to-month,22,39.2,No,0.5862,Medium
3420-YJLQT,Month-to-month,2,79.55,No,0.8305,High
6040-CGACY,Month-to-month,15,19.6,No,0.2732,Low
6582-PLFUU,Two year,51,19.55,No,0.013,Low
8242-PDSGJ,Two year,70,39.15,No,0.0219,Low
0264-CNITK,Two year,71,20.1,No,0.0048,Low
0089-IIQKO,Month-to-month,39,99.95,No,0.6326,High
7839-NUIAA,Month-to-month,61,59.8,No,0.1273,Low
6075-QMNRR,Month-to-month,52,49.75,No,0.1526,Low
5378-IKEEG,Month-to-month,1,35.75,Yes,0.8688,High
5966-EMAZU,One year,64,108.5,No,0.2885,Low
0440-EKDCF,Two year,62,60.15,No,0.0294,Low
4774-HHGGS,Two year,30,19.05,No,0.041,Low
2718-GAXQD,Month-to-month,4,46.0,Yes,0.6484,High
2055-BFOCC,One year,63,84.0,No,0.091,Low
8180-AKMJV,Month-to-month,1,44.55,No,0.6747,High
4298-OYIFC,Month-to-month,15,103.45,No,0.8517,High
5566-SOEZD,One year,27,80.65,No,0.2703,Low
9842-EFSYY,Month-to-month,4,57.2,No,0.6995,High
2272-WUSPA,Two year,72,110.75,No,0.2281,Low
4584-LBNMK,One year,45,24.7,No,0.0665,Low
3898-GUYTS,Month-to-month,45,97.05,No,0.6061,High
0930-EHUZA,One year,36,76.35,No,0.1197,Low
6413-XKKPU,Month-to-month,17,89.4,Yes,0.7097,High
9975-SKRNR,Month-to-month,1,18.9,No,0.4161,Medium
3703-KBKZP,Month-to-month,16,74.45,No,0.802,High
1449-XQEMT,Month-to-month,3,19.8,Yes,0.4529,Medium
2626-URJFX,Month-to-month,4,50.9,Yes,0.7151,High
4973-MGTON,Two year,71,84.4,No,0.0343,Low
3682-YEUWS,Month-to-month,10,24.4,No,0.3779,Medium
1223-UNPKS,Two year,20,20.05,No,0.0498,Low
2612-RRIDN,Month-to-month,4,81.0,Yes,0.8718,High
4735-ASGMA,Month-to-month,26,98.35,Yes,0.8669,High
3446-QDSZF,Month-to-month,4,55.5,No,0.6409,High
3669-LVWZB,Month-to-month,5,51.0,Yes,0.8037,High
6892-EZDTG,Month-to-month,4,91.65,Yes,0.8759,High
5117-IFGPS,Month-to-month,29,84.3,No,0.8339,High
7379-FNIUJ,Month-to-month,2,100.2,No,0.7907,High
1627-AFWVJ,Two year,29,19.4,No,0.044,Low
9725-SCPZG,Month-to-month,1,90.85,Yes,0.8794,High
5884-GCYMI,Month-to-month,1,69.4,Yes,0.7664,High
3217-FZDMN,Month-to-month,8,94.45,Yes,0.8726,High
4486-EFAEB,Month-to-month,13,20.4,No,0.4246,Medium
0060-FUALY,Month-to-month,59,94.75,No,0.5353,Medium
7853-GVUDZ,Month-to-month,1,20.15,Yes,0.415,Medium
7480-QNVZJ,Month-to-month,50,95.7,Yes,0.8081,High
6954-OOYZZ,Month-to-month,18,44.35,No,0.4843,Medium
7088-FBAWU,Month-to-month,17,74.55,No,0.3788,Medium
8313-AFGBW,Two year,47,73.6,No,0.1346,Low
3943-KDREE,Month-to-month,26,74.95,Yes,0.6985,High
9239-ZBZZV,Month-to-month,6,47.95,Yes,0.8759,High
3097-IDVPU,Month-to-month,19,50.1,No,0.4388,Medium
4398-HSCJH,Month-to-month,3,63.6,Yes,0.7513,High
2197-OMWGI,Two year,68,53.0,No,0.1164,Low
2303-PJYHN,Month-to-month,2,19.85,No,0.3824,Medium
9795-VOWON,One year,7,24.35,No,0.5674,Medium
1237-WIYYZ,Month-to-month,18,19.55,No,0.2993,Low
1987-AUELQ,Two year,71,25.05,No,0.0095,Low
7852-LECYP,Month-to-month,13,93.8,No,0.7173,High
4430-UZIPO,Month-to-month,3,36.85,Yes,0.6505,High
4822-LPTYJ,Two year,72,103.75,No,0.2162,Low
8165-CBKXO,Two year,66,56.75,No,0.0739,Low
6527-PZFPV,One year,24,20.8,No,0.099,Low
4855-SNKMY,Month-to-month,1,44.1,Yes,0.7459,High
9593-CVZKR,Two year,56,24.45,No,0.0181,Low
8595-SIZNC,One year,22,25.6,No,0.1534,Low
8008-HAWED,Month-to-month,14,50.75,Yes,0.8316,High
7124-UGSUR,One year,61,104.4,Yes,0.4922,Medium
1862-SKORY,Month-to-month,40,39.3,Yes,0.5812,Medium
5236-XMZJY,Month-to-month,42,59.65,No,0.1604,Low
4827-DPADN,Two year,72,83.3,No,0.039,Low
2694-CIUMO,Month-to-month,12,79.55,No,0.7331,High
5846-ABOBJ,Two year,71,24.45,No,0.0085,Low
1439-LCGVL,One year,26,19.2,No,0.0897,Low
0909-SDHNU,Month-to-month,7,29.8,No,0.5372,Medium
4647-XXZAM,Month-to-month,6,45.5,No,0.4967,Medium
1502-XFCVR,One year,58,106.45,Yes,0.379,Medium
7740-KKCXF,Month-to-month,51,30.05,No,0.2578,Low
5360-XGYAZ,Two year,72,65.65,No,0.0307,Low
9692-TUSXH,Month-to-month,18,96.05,Yes,0.7968,High
7912-SYRQT,Month-to-month,7,75.1,Yes,0.8125,High
3557-HTYWR,Two year,47,74.05,No,0.0493,Low
4816-JBHOV,Month-to-month,2,44.7,Yes,0.7725,High
8920-NAVAY,One year,62,110.75,No,0.4098,Medium
1699-TLDLZ,Two year,16,19.7,No,0.0599,Low
5600-PDUJF,Month-to-month,6,49.5,No,0.5366,Medium
8292-TYSPY,Month-to-month,19,55.0,Yes,0.4163,Medium
0567-XRHCU,Two year,69,43.95,No,0.0359,Low
1867-BDVFH,Month-to-month,11,74.35,Yes,0.8148,High
2067-QYTCF,Month-to-month,64,111.15,No,0.615,High
2359-QWQUL,One year,39,104.7,Yes,0.3525,Medium
9103-TCIHJ,Month-to-month,15,55.7,Yes,0.5091,Medium
7407-SUJIZ,Month-to-month,25,20.6,No,0.1896,Low
9150-KPBJQ,Two year,6,19.65,No,0.118,Low
0052-DCKON,One year,66,115.8,No,0.2207,Low
3654-ARMGP,Two year,61,88.65,No,0.0691,Low
9699-UBQFS,Month-to-month,43,94.5,No,0.6864,High
9367-TCUYN,Month-to-month,12,20.1,No,0.2987,Low
1261-FWTTE,Month-to-month,23,34.65,No,0.6785,High
3528-HFRIQ,Month-to-month,71,52.3,No,0.2939,Low
0708-SJDIS,Month-to-month,34,65.0,No,0.3598,Medium
4140-WJAWW,Month-to-month,5,19.85,Yes,0.3754,Medium
2073-QBVBI,One year,41,35.45,No,0.1166,Low
6928-ONTRW,Two year,72,19.7,No,0.0049,Low
3320-VEOYC,Month-to-month,14,95.6,No,0.9115,High
5231-FIQPA,Two year,41,19.85,No,0.0331,Low
6617-WLBQC,One year,23,81.85,No,0.3288,Medium
2599-CIPQE,Two year,71,109.3,No,0.068,Low
6653-CBBOM,Month-to-month,1,70.3,Yes,0.8576,High
8774-GSBUN,Two year,72,25.4,No,0.0086,Low
7326-RIGQZ,Month-to-month,6,69.8,No,0.7944,High
1401-FTHFQ,One year,23,20.0,No,0.1042,Low
3247-ZVOUO,Month-to-month,10,85.55,Yes,0.8706,High
0254-FNMCI,Two year,72,109.9,No,0.1363,Low
1848-LBZHY,Month-to-month,7,50.3,No,0.4889,Medium
6101-IMRMM,Month-to-month,6,94.5,Yes,0.7799,High
8118-TJAFG,Month-to-month,9,101.5,No,0.7633,High
5429-LWCMV,Month-to-month,12,89.15,No,0.8573,High
7298-IZWLY,Month-to-month,1,19.4,No,0.4803,Medium
9758-MFWGD,One year,48,29.9,No,0.1123,Low
3955-JBZZM,Month-to-month,20,78.8,No,0.7731,High
1268-ASBGA,Month-to-month,16,85.35,Yes,0.8416,High
8943-URTMR,Month-to-month,2,79.65,Yes,0.8387,High
4815-TUMEQ,One year,10,19.3,No,0.2174,Low
4713-LZDRV,Month-to-month,2,79.6,Yes,0.9006,High
9909-IDLEK,Month-to-month,20,96.8,No,0.5708,Medium
4092-OFQZS,One year,20,20.65,No,0.1133,Low
1561-BWHIN,One year,19,19.8,No,0.0962,Low
4325-NFSKC,Month-to-month,19,90.6,Yes,0.8235,High
9927-DSWDF,Month-to-month,22,104.6,No,0.6629,High
9500-LTVBP,Month-to-month,35,80.05,No,0.5181,Medium
7252-NTGSS,Month-to-month,1,45.15,No,0.6107,High
8149-AIQCG,Month-to-month,39,73.15,No,0.6233,High
1360-JYXKQ,One year,54,99.1,No,0.4895,Medium
2955-PSXOE,Month-to-month,1,20.2,Yes,0.4629,Medium
7762-URZQH,Two year,66,106.05,Yes,0.2166,Low
0899-WZRSD,Month-to-month,56,105.35,No,0.5051,Medium
3255-GRXMG,Month-to-month,18,45.65,No,0.4478,Medium
4828-FAZPK,Month-to-month,16,79.95,No,0.6932,High
6094-ZIVKX,One year,68,54.45,No,0.0498,Low
6925-BAYGL,Two year,53,25.1,No,0.0245,Low
3262-EIDHV,Two year,72,84.7,No,0.0307,Low
7354-OIJLX,Month-to-month,9,75.85,No,0.8578,High
1376-HHBDV,Month-to-month,30,48.8,No,0.3133,Medium
6907-NZZIJ,Month-to-month,36,99.15,Yes,0.8138,High
6133-OZILE,Month-to-month,18,35.2,No,0.6368,High
4135-FRWKJ,One year,55,76.25,No,0.112,Low
2911-UREFD,Month-to-month,39,55.9,Yes,0.4997,Medium
3744-ZRRDZ,Month-to-month,21,82.35,Yes,0.781,High
5673-TIYIB,Month-to-month,2,40.4,Yes,0.6666,High
6551-ZCOTS,One year,33,24.9,No,0.1305,Low
7191-ADRGF,Two year,44,54.3,No,0.1401,Low
5018-LXQQG,Month-to-month,30,66.3,No,0.1854,Low
6892-BOGQE,Two year,71,20.9,No,0.0079,Low
1602-IJQQE,Month-to-month,4,75.35,Yes,0.8472,High
4628-WQCQQ,One year,35,85.15,Yes,0.5098,Medium
1746-TGTWV,Month-to-month,1,75.35,No,0.7581,High
5995-SNNEW,Month-to-month,23,104.45,No,0.8699,High
8050-WYBND,One year,22,49.45,No,0.4873,Medium
2821-WARNZ,One year,49,19.45,No,0.0279,Low
4879-GZLFH,Month-to-month,42,92.15,No,0.7168,High
1644-IRKSF,One year,33,93.8,Yes,0.5921,Medium
8314-HTWVE,Two year,7,19.85,No,0.088,Low
9402-ROUMJ,One year,67,100.25,No,0.1631,Low
2507-QZPQS,Month-to-month,15,95.7,No,0.7433,High
7159-NOKYQ,Two year,67,93.15,No,0.2501,Low
5707-ZMDJP,Two year,53,69.7,No,0.03,Low
8779-YIQQA,One year,21,19.8,No,0.0878,Low
7136-IHZJA,Month-to-month,40,71.35,No,0.1651,Low
8966-OIQHG,One year,22,20.75,No,0.0812,Low
7074-STDCN,Month-to-month,39,40.6,No,0.4815,Medium
3705-PSNGL,One year,45,20.4,Yes,0.0727,Low
8739-QOTTN,Month-to-month,2,20.35,No,0.3934,Medium
1399-OUPJN,Two year,57,19.75,No,0.0095,Low
0277-BKSQP,Month-to-month,8,54.4,No,0.6849,High
6502-HCJTI,Month-to-month,7,94.7,Yes,0.7896,High
2606-RMDHZ,Month-to-month,6,30.5,Yes,0.7148,High
5774-XZTQC,Month-to-month,7,20.45,No,0.2911,Low
2676-SSLTO,Two year,49,66.15,No,0.0868,Low
6266-QHOJZ,One year,65,89.85,No,0.1876,Low
7269-JISCY,One year,55,45.05,No,0.0754,Low
0363-SVHYR,Two year,71,86.85,No,0.0285,Low
8547-NSBBO,Month-to-month,35,96.75,No,0.4501,Medium
8258-GSTJK,Month-to-month,3,77.0,Yes,0.8966,High
6861-OKBCE,Month-to-month,11,20.1,Yes,0.2654,Low
9940-RHLFB,Month-to-month,1,75.3,Yes,0.8224,High
6591-QGOYB,Month-to-month,17,106.65,No,0.6052,High
9070-BCKQP,Two year,72,110.15,No,0.1526,Low
6421-SZVEM,One year,28,82.85,No,0.3477,Medium
1328-EUZHC,Two year,18,20.1,No,0.0682,Low
2995-UPRYS,One year,40,99.2,Yes,0.4461,Medium
8878-RYUKI,Month-to-month,52,59.45,No,0.3702,Medium
9633-DENPU,Month-to-month,47,58.6,No,0.2765,Low
7811-JIVPF,Month-to-month,23,49.7,No,0.4051,Medium
7113-HIPFI,Two year,66,65.85,No,0.0104,Low
8541-QVFKM,Month-to-month,8,73.5,No,0.8668,High
6686-YPGHK,Month-to-month,47,85.5,Yes,0.4666,Medium
1383-EZRWL,Month-to-month,7,20.05,Yes,0.3514,Medium
9258-CNWAC,Two year,71,113.65,No,0.0965,Low
5371-VYLSX,Month-to-month,50,83.4,No,0.5607,Medium
6374-AFWOX,Two year,46,65.65,No,0.0272,Low
4759-TRPLW,Month-to-month,1,70.4,Yes,0.8214,High
5317-FLPJF,Two year,66,61.35,No,0.0566,Low
7621-VPNET,Month-to-month,42,85.9,No,0.5374,Medium
6034-YMTOB,Month-to-month,5,75.65,No,0.7174,High
8563-IIOXK,One year,7,49.75,Yes,0.3407,Medium
4903-CNOZC,One year,29,70.9,No,0.2694,Low
4353-HYOJD,Month-to-month,27,49.85,No,0.2721,Low
8020-BWHYL,Month-to-month,15,75.3,Yes,0.7396,High
7267-FRMJW,Two year,25,20.1,No,0.0403,Low
2982-VPSGI,Month-to-month,11,94.0,Yes,0.9028,High
4188-FRABG,Month-to-month,57,103.05,No,0.4875,Medium
8199-ZLLSA,One year,67,118.35,Yes,0.2503,Low
4128-ETESU,Month-to-month,47,99.7,No,0.7855,High
0620-DLSLK,Month-to-month,13,81.9,No,0.7832,High
4625-EWPTF,Month-to-month,8,30.45,Yes,0.7153,High
5980-NOPLP,Month-to-month,44,96.1,Yes,0.7999,High
3850-OKINF,One year,71,66.2,No,0.0905,Low
6892-XPFPU,Month-to-month,24,104.25,Yes,0.8719,High
8010-EZLOU,Month-to-month,15,80.2,Yes,0.8386,High
1156-ZFYDO,Month-to-month,1,19.75,No,0.5033,Medium
3295-YVUSR,Month-to-month,2,72.6,No,0.8706,High
8016-NCFVO,Month-to-month,55,116.5,No,0.639,High
4119-ZYPZY,Two year,71,106.8,No,0.2811,Low
5549-ZGHFB,Two year,50,24.95,No,0.0181,Low
7577-SWIFR,Month-to-month,1,89.25,No,0.9039,High
0303-WMMRN,Month-to-month,5,19.25,No,0.4318,Medium
6408-OTUBZ,One year,66,104.55,No,0.189,Low
5204-HMGYF,One year,49,87.2,No,0.094,Low
1078-TDCRN,Month-to-month,3,30.75,No,0.8254,High
3727-OVPRY,One year,66,25.7,No,0.0227,Low
3797-FKOGQ,Month-to-month,11,86.2,No,0.8114,High
7622-NXQZR,Month-to-month,28,30.1,No,0.4411,Medium
6196-HBOBZ,Two year,65,99.35,No,0.1922,Low
3970-XGJDU,Two year,62,19.2,No,0.0129,Low
7017-VFULY,Month-to-month,2,20.1,No,0.3809,Medium
5562-YJQGT,Month-to-month,2,20.35,No,0.4053,Medium
8807-OPMBM,Two year,55,25.65,No,0.019,Low
5439-WIKXB,Month-to-month,41,94.55,No,0.7642,High
9874-QLCLH,Month-to-month,17,104.2,Yes,0.8068,High
8294-UIMBA,One year,30,94.4,No,0.4655,Medium
8109-YUOHE,One year,17,56.1,No,0.1735,Low
5840-NVDCG,Two year,16,68.25,No,0.0706,Low
8092-NLTGF,Two year,72,24.75,No,0.0084,Low
5928-QLDHB,Month-to-month,9,76.25,No,0.8557,High
9840-EFJQB,Month-to-month,1,74.35,No,0.7968,High
0696-UKTOX,Month-to-month,23,54.15,No,0.3135,Medium
4801-KFYKL,Month-to-month,8,19.45,No,0.2781,Low
3472-OAOOR,Month-to-month,19,34.95,No,0.4159,Medium
6135-OZQVA,Month-to-month,7,53.65,No,0.6681,High
8062-YBDOE,Month-to-month,1,69.65,Yes,0.8807,High
2252-JHJGE,One year,61,104.0,No,0.408,Medium
4188-PCPIG,Two year,57,70.35,No,0.0345,Low
6000-APYLU,Month-to-month,9,80.8,Yes,0.8518,High
7105-BENQF,One year,15,64.85,No,0.2183,Low
7721-DVEKZ,Month-to-month,1,19.65,No,0.4161,Medium
3566-VVORZ,Month-to-month,12,45.9,No,0.4761,Medium
9507-HSMMZ,Two year,54,20.0,No,0.0145,Low
2480-SQIOB,Month-to-month,4,44.8,No,0.6014,High
0947-IDHRQ,Month-to-month,7,80.3,Yes,0.815,High
7813-TKCVO,One year,20,20.35,No,0.1144,Low
0128-MKWSG,Month-to-month,26,45.8,No,0.318,Medium
3672-YITQD,Month-to-month,36,84.1,Yes,0.8079,High
4350-ZTLPI,One year,53,108.95,No,0.3863,Medium
9048-JVYVF,Month-to-month,3,69.35,Yes,0.7399,High
0361-HJRDX,Two year,68,64.35,No,0.0405,Low
5727-MYATE,Two year,72,90.8,No,0.0362,Low
3823-KYNQY,One year,12,24.95,No,0.2032,Low
8988-ECPJR,Month-to-month,34,79.6,Yes,0.6176,High
7570-WELNY,Two year,68,84.7,No,0.0847,Low
3021-VLNRJ,One year,50,70.8,No,0.0762,Low
3776-EKTKM,Month-to-month,1,36.45,Yes,0.8894,High
2080-CAZNM,Month-to-month,41,104.4,No,0.825,High
1028-FFNJK,Month-to-month,30,101.5,No,0.8196,High
6907-FLBER,Month-to-month,1,54.3,No,0.7058,High
3001-UNBTL,Month-to-month,29,103.95,No,0.8441,High
5982-PSMKW,Two year,23,91.1,No,0.131,Low
3507-GASNP,Two year,60,19.95,No,0.0086,Low
7096-ZNBZI,Two year,72,26.45,No,0.0089,Low
1902-XBTFB,Month-to-month,22,89.4,Yes,0.7389,High
1676-MQAOA,Two year,72,75.1,No,0.0214,Low
0786-IVLAW,One year,66,108.1,No,0.398,Medium
7566-DSRLQ,Two year,72,110.15,No,0.2494,Low
0643-OKLRP,Month-to-month,47,80.35,Yes,0.546,Medium
7245-JMTTQ,One year,51,111.5,No,0.5106,Medium
6050-IJRHS,One year,70,106.5,No,0.4123,Medium
6202-JVYEU,One year,9,19.9,No,0.2884,Low
8591-TKMZH,Two year,59,111.1,No,0.1353,Low
0734-OXWBT,Month-to-month,3,70.7,No,0.5483,Medium
4282-ACRXS,Month-to-month,38,24.85,No,0.5476,Medium
0365-TRTPY,Month-to-month,37,91.2,No,0.447,Medium
7349-ALMUX,Two year,37,65.6,No,0.0345,Low
9381-NDKME,Month-to-month,24,40.65,Yes,0.6815,High
6502-KUGLL,Month-to-month,14,59.45,No,0.2079,Low
1841-YSJGV,Two year,72,109.95,No,0.1288,Low
2794-XIMMO,One year,53,60.45,Yes,0.2434,Low
8382-SHQEH,Month-to-month,8,84.9,Yes,0.8868,High
3511-BFTJW,Two year,72,38.5,No,0.0154,Low
7668-XCFYV,Month-to-month,17,92.55,No,0.9084,High
2983-ZANRP,Month-to-month,2,73.55,Yes,0.7163,High
7845-URHJN,Month-to-month,8,20.15,Yes,0.318,Medium
3034-ZBEQN,One year,48,34.7,Yes,0.1264,Low
5018-HEKFO,Month-to-month,10,24.5,No,0.4459,Medium
3976-NLDEZ,Month-to-month,1,20.6,No,0.4095,Medium
2282-YGNOR,One year,29,58.0,No,0.1095,Low
5336-UFNZP,One year,65,107.45,No,0.4994,Medium
6854-EXGSF,Month-to-month,8,65.5,No,0.5139,Medium
1241-EZFMJ,Two year,61,25.45,No,0.0131,Low
9233-PSYHO,One year,45,100.15,No,0.6012,High
5376-PCKNB,One year,72,104.45,No,0.3189,Medium
8044-BGWPI,Month-to-month,12,21.15,No,0.3735,Medium
4060-LDNLU,Month-to-month,7,96.2,No,0.886,High
3589-PPVKW,Month-to-month,9,44.4,No,0.5936,Medium
8327-LZKAS,One year,43,107.55,Yes,0.6175,High
5887-IKKYO,Two year,58,94.35,No,0.1226,Low
1075-BGWOH,Month-to-month,16,98.75,Yes,0.9087,High
1755-RMCXH,Month-to-month,2,20.3,No,0.3377,Medium
0302-JOIVN,Month-to-month,8,101.15,Yes,0.8285,High
3858-XHYJO,One year,40,105.75,No,0.4173,Medium
4299-SIMNS,Month-to-month,9,81.15,No,0.7987,High
7025-IWFHT,One year,41,89.55,No,0.3986,Medium
6261-LHRTG,Month-to-month,26,54.75,No,0.4051,Medium
7841-FCRQD,One year,33,53.75,No,0.1404,Low
2056-EVGZL,One year,68,105.75,No,0.1806,Low
8777-MBMTS,Two year,65,105.85,No,0.1845,Low
7753-USQYQ,One year,55,64.2,No,0.1307,Low
5366-IJEQJ,Month-to-month,20,88.7,Yes,0.8537,High
7661-CPURM,One year,19,87.7,No,0.4902,Medium
6233-HXJMX,Month-to-month,45,89.3,No,0.6861,High
5902-WBLSE,Two year,70,20.15,No,0.007,Low
1981-INRFU,Month-to-month,2,79.75,Yes,0.8812,High
4971-PUYQO,Month-to-month,27,94.55,Yes,0.8214,High
3239-TPHPZ,Two year,12,20.05,No,0.151,Low
5115-GZDEL,Two year,72,67.2,No,0.026,Low
3338-CVVEH,Month-to-month,12,94.55,No,0.877,High
8485-GJCDN,Month-to-month,5,69.05,Yes,0.8219,High
2615-YVMYX,Month-to-month,71,107.5,No,0.6282,High
2851-STERV,One year,35,73.0,No,0.3657,Medium
4393-GEADV,Two year,70,114.75,No,0.091,Low
8486-AYEQH,Month-to-month,31,76.05,No,0.747,High
1527-SXDPN,Two year,52,96.25,Yes,0.1695,Low
6029-WTIPC,Month-to-month,37,101.1,Yes,0.8582,High
8634-CILSZ,One year,69,104.7,Yes,0.2978,Low
5419-JKZNQ,Month-to-month,30,77.9,No,0.6644,High
2495-KZNFB,Month-to-month,33,90.65,No,0.7252,High
1409-PHXTF,Two year,54,110.45,No,0.376,Medium
4560-WQAQW,One year,59,68.7,No,0.0683,Low
9591-YVTEB,Month-to-month,55,44.85,No,0.3482,Medium
9309-BZGNT,One year,69,29.8,No,0.0985,Low
4274-DRSQT,One year,66,88.9,No,0.3043,Medium
2027-DNKIV,One year,37,58.75,No,0.0811,Low
8075-GXIUB,One year,9,19.85,No,0.2098,Low
2885-HIJDH,Two year,69,86.9,No,0.0343,Low
5424-RLQLC,Month-to-month,10,59.65,No,0.6077,High
6682-QJDGB,Month-to-month,40,55.25,Yes,0.1696,Low
6507-DTJZV,Month-to-month,13,66.4,No,0.5587,Medium
8780-IXSTS,Month-to-month,6,90.1,Yes,0.8761,High
7673-BQGKU,Two year,69,20.15,No,0.0052,Low
6723-WSNTY,One year,66,108.1,No,0.3901,Medium
9530-EHPOH,Month-to-month,11,53.75,Yes,0.6686,High
2725-IWWBA,One year,46,56.9,No,0.0466,Low
0345-HKJVM,Month-to-month,6,89.3,Yes,0.8666,High
1061-PNTHC,Month-to-month,56,109.6,No,0.4531,Medium
0394-YONDK,Two year,70,25.15,No,0.0077,Low
6574-MCOEH,One year,33,79.15,No,0.3419,Medium
7399-QHBJS,Two year,72,66.75,No,0.0121,Low
3049-SOLAY,Month-to-month,3,95.2,Yes,0.9175,High
0997-YTLNY,Month-to-month,19,48.8,No,0.3053,Medium
3317-HRTNN,Month-to-month,5,45.7,Yes,0.8687,High
9479-HYNYL,Two year,71,80.7,No,0.0475,Low
3235-ETOOB,Month-to-month,8,74.5,Yes,0.7532,High
9708-KFDBY,Month-to-month,1,20.55,No,0.4131,Medium
8058-INTPH,Month-to-month,1,79.65,Yes,0.8843,High
3642-GKTCT,One year,61,115.1,No,0.2921,Low
0774-RMNUW,Two year,71,59.7,No,0.0226,Low
1334-PDUKM,One year,68,86.45,No,0.1839,Low
0756-MPZRL,One year,46,33.7,No,0.12,Low
2242-MFOTG,One year,33,80.1,No,0.3098,Medium
2927-CVULT,Two year,53,104.05,No,0.1132,Low
2144-BFDSO,Month-to-month,50,108.75,No,0.5776,Medium
8745-PVESG,One year,57,41.1,No,0.0716,Low
7647-GYYKX,Two year,54,20.35,No,0.0135,Low
5647-FXOTP,Month-to-month,60,105.9,No,0.7545,High
5569-OUICF,Month-to-month,28,101.3,Yes,0.7795,High
8821-XNHVZ,Month-to-month,1,80.05,Yes,0.8034,High
2082-OJVTK,Month-to-month,29,89.2,Yes,0.7797,High
9700-ISPUP,Month-to-month,10,65.5,No,0.5283,Medium
9839-ETQOE,Month-to-month,43,40.45,No,0.301,Medium
6078-VESFR,Month-to-month,13,70.45,No,0.7061,High
9027-TMATR,Two year,43,78.8,No,0.1153,Low
5940-NFXKV,Month-to-month,19,83.65,Yes,0.812,High
1941-HOSAM,Month-to-month,1,90.1,No,0.8767,High
9110-HSGTV,Two year,69,82.45,No,0.0404,Low
0704-VCUMB,Two year,61,20.25,No,0.0104,Low
6171-ZTVYB,Month-to-month,43,66.25,No,0.141,Low
8053-WWDRO,Month-to-month,6,19.5,Yes,0.3423,Medium
9564-KCLHR,Month-to-month,1,51.25,Yes,0.5085,Medium
1935-IMVBB,Month-to-month,56,89.7,No,0.5188,Medium
2535-PBCGC,Two year,70,64.55,No,0.0326,Low
2082-CEFLT,Month-to-month,1,45.6,Yes,0.7391,High
1470-PSXNM,One year,49,93.65,No,0.444,Medium
1213-NGCUN,Month-to-month,6,49.65,Yes,0.5182,Medium
2498-XLDZR,Two year,32,73.6,No,0.0461,Low
9866-OCCKE,Two year,72,109.75,No,0.1878,Low
5338-YHWYT,Two year,37,61.45,No,0.0294,Low
7718-UPSKJ,One year,69,106.4,No,0.1799,Low
8731-WBBMB,Month-to-month,26,81.9,No,0.3642,Medium
1448-CYWKC,One year,58,105.2,No,0.4078,Medium
7901-IIDQV,One year,24,54.6,No,0.2,Low
2690-DVRVK,One year,5,20.55,No,0.2228,Low
5688-KZTSN,Month-to-month,15,20.0,Yes,0.3415,Medium
1270-XKUCC,Two year,30,19.7,No,0.0326,Low
0334-ZFJSR,One year,55,66.05,No,0.0619,Low
2894-QOJRX,Month-to-month,25,34.0,Yes,0.6136,High
5747-PMBSQ,Month-to-month,10,92.5,Yes,0.7414,High
5583-EJXRD,Two year,44,54.05,No,0.0595,Low
4565-EVZMJ,One year,47,58.9,No,0.0642,Low
3143-JQEGI,Month-to-month,13,88.35,Yes,0.8076,High
6386-SZZKH,Two year,49,107.95,Yes,0.2221,Low
3327-YBAKM,One year,64,96.9,No,0.2203,Low
9441-QHEVC,Month-to-month,1,19.1,No,0.4153,Medium
6705-LNMDD,Month-to-month,20,50.0,No,0.3402,Medium
2580-ASVVY,Two year,37,45.4,No,0.1095,Low
3370-GQEAL,Month-to-month,30,85.45,No,0.7129,High
5032-USPKF,One year,38,84.1,No,0.2033,Low
2982-IHMFT,Month-to-month,1,74.45,Yes,0.8719,High
3521-SYVOR,Month-to-month,37,64.75,Yes,0.5689,Medium
4254-QPEDE,Two year,52,66.25,No,0.0607,Low
6283-GITPX,Two year,71,76.9,No,0.0196,Low
9526-JAWYF,Month-to-month,26,89.8,Yes,0.7091,High
0771-CHWSK,Two year,66,74.6,No,0.0496,Low
9788-HNGUT,Two year,72,116.95,No,0.1475,Low
9495-REDIY,One year,25,40.65,No,0.2924,Low
5375-XLDOF,Two year,69,114.35,No,0.1085,Low
1172-VIYBP,Two year,53,69.7,No,0.0402,Low
5649-VUKMC,One year,12,95.5,Yes,0.6315,High
6559-PDZLR,Month-to-month,26,98.65,No,0.774,High
8992-OBVDG,Month-to-month,21,61.65,No,0.4886,Medium
4273-MBHYA,Month-to-month,1,89.35,No,0.8832,High
4724-WXVWF,Month-to-month,48,95.4,No,0.549,Medium
5701-GUXDC,One year,26,35.4,No,0.2288,Low
1460-UZPRJ,Two year,60,19.95,No,0.0106,Low
6082-GLJIX,Month-to-month,18,19.25,No,0.2443,Low
5143-EGQFK,Month-to-month,10,29.65,Yes,0.7517,High
4919-IKATY,Month-to-month,5,84.5,Yes,0.7766,High
2495-TTHBQ,One year,4,20.4,No,0.223,Low
0485-ZBSLN,Two year,65,24.75,No,0.0097,Low
3810-PJUHR,Two year,70,25.35,No,0.0074,Low
9050-QLROH,Month-to-month,18,90.7,Yes,0.8076,High
0847-HGRML,Two year,62,20.0,No,0.0075,Low
8232-CTLKO,Two year,66,59.75,No,0.042,Low
9227-YBAXE,Two year,65,82.5,No,0.0378,Low
6168-WFVVF,Month-to-month,3,70.3,Yes,0.8746,High
9860-LISIZ,Month-to-month,34,20.35,No,0.1346,Low
0112-QAWRZ,Month-to-month,16,90.8,No,0.7634,High
0877-SDMBN,One year,54,103.95,Yes,0.4134,Medium
2786-GCDPI,Month-to-month,50,104.95,No,0.7637,High
4043-MKDTV,Two year,71,105.25,No,0.1811,Low
8065-YKXKD,Month-to-month,10,74.75,Yes,0.8576,High
9637-EIHEQ,Month-to-month,1,50.8,Yes,0.6599,High
9229-RQABD,One year,18,23.75,No,0.164,Low
8313-KTIHG,Month-to-month,4,61.3,No,0.6831,High
5320-BRKGK,Two year,58,75.8,No,0.0331,Low
6284-KMNUF,One year,56,98.0,No,0.4617,Medium
9689-PTNPG,Month-to-month,2,80.25,Yes,0.8786,High
9465-RWMXL,Month-to-month,32,78.9,Yes,0.7441,High
6229-UOLQL,One year,56,52.0,No,0.0687,Low
2362-IBOOY,Month-to-month,36,84.75,Yes,0.7801,High
3137-LUPIX,Month-to-month,4,64.4,No,0.6713,High
0843-WTBXE,Month-to-month,53,85.45,Yes,0.5315,Medium
6143-JQKEA,Month-to-month,10,45.8,No,0.5848,Medium
8676-OOQEJ,Month-to-month,4,30.5,No,0.7071,High
5515-IDEJJ,Month-to-month,1,19.9,Yes,0.3495,Medium
9701-CDXHR,Month-to-month,51,69.15,No,0.3936,Medium
7450-NWRTR,Month-to-month,12,99.45,Yes,0.9188,High
8124-NZVGJ,One year,6,49.25,No,0.5981,Medium
2162-FRZAA,Two year,63,39.35,No,0.0211,Low
5376-DEQCP,Month-to-month,1,70.6,Yes,0.857,High
5118-MUEYH,Month-to-month,48,105.1,No,0.6159,High
9095-HFAFX,Month-to-month,5,81.0,Yes,0.825,High
5627-TVBPP,One year,35,20.1,No,0.0652,Low
2379-ENZGV,Month-to-month,6,84.85,Yes,0.8446,High
3936-QQFLL,Month-to-month,2,19.75,No,0.4017,Medium
2589-AYCRP,One year,50,19.75,No,0.0314,Low
4067-HLYQI,Month-to-month,33,70.4,No,0.5919,Medium
5124-EOGYE,Two year,31,20.45,No,0.0396,Low
5057-RKGLH,Two year,9,20.35,No,0.0804,Low
0292-WEGCH,Month-to-month,54,86.2,No,0.3476,Medium
8910-ICHIU,One year,46,95.65,No,0.3072,Medium
4097-YODCF,One year,34,103.8,No,0.5212,Medium
9715-WZCLW,Two year,71,97.2,No,0.2012,Low
9786-YWNHU,Two year,63,63.55,No,0.0125,Low
6407-GSJNL,Two year,51,24.95,No,0.0215,Low
6005-OBZPH,Month-to-month,26,89.15,Yes,0.8353,High
4049-ZPALD,Two year,64,99.0,No,0.1642,Low
7932-WPTDS,Month-to-month,1,24.8,Yes,0.8635,High
3733-UOCWF,One year,61,85.55,No,0.2216,Low
6833-JMZYP,Month-to-month,15,94.0,No,0.8281,High
2722-VOJQL,One year,64,105.65,Yes,0.3472,Medium
1310-QRITU,Month-to-month,18,50.3,No,0.6631,High
8961-QDZZJ,One year,57,95.0,No,0.3988,Medium
9715-SBVSU,Two year,14,61.4,No,0.1309,Low
8490-BXHEO,Month-to-month,18,80.55,No,0.7687,High
7173-TETGO,Two year,72,78.5,No,0.079,Low
7929-SKFGK,Two year,70,114.3,No,0.1236,Low
2300-RQGOI,Two year,38,20.05,No,0.0293,Low
3563-SVYLG,Two year,68,62.65,No,0.0108,Low
5228-EXCET,Month-to-month,13,80.85,Yes,0.8352,High
6435-VWCCY,Two year,65,92.7,No,0.1629,Low
4998-IKFSE,Month-to-month,30,100.45,No,0.8244,High
8630-QSGXK,Two year,51,75.2,No,0.1111,Low
2455-USLMV,Month-to-month,31,84.75,No,0.6055,High
7394-FKDNK,Month-to-month,9,89.45,Yes,0.8522,High
9488-FVZCC,Two year,72,79.5,No,0.0232,Low
6331-LWDTQ,Month-to-month,10,72.15,Yes,0.7517,High
5995-WWKKG,One year,37,19.8,No,0.1017,Low
1597-FZREH,Month-to-month,2,76.4,Yes,0.6906,High
7879-CGSFV,One year,55,100.9,No,0.3,Low
9921-EZKBY,Month-to-month,33,95.3,No,0.5968,Medium
7432-FFVAR,One year,46,90.95,No,0.2124,Low
7246-ZGQDF,Month-to-month,1,54.5,No,0.4427,Medium
7000-WCEVQ,Month-to-month,20,61.6,Yes,0.6649,High
0727-IWKVK,Month-to-month,9,79.9,Yes,0.7902,High
5959-BELXA,Month-to-month,32,96.15,Yes,0.822,High
4456-RHSNB,Month-to-month,19,49.6,No,0.4277,Medium
3512-IZIKN,Two year,70,65.3,Yes,0.0204,Low
2481-SBOYW,Two year,61,25.0,No,0.0152,Low
7109-MFBYV,Month-to-month,26,45.45,No,0.457,Medium
1833-TCXKK,Month-to-month,45,107.75,No,0.6956,High
1832-PEUTS,Two year,62,89.1,No,0.1858,Low
6141-OOXUQ,Month-to-month,1,19.65,Yes,0.4132,Medium
8660-BUETV,Month-to-month,3,44.75,No,0.5944,Medium
0580-PIQHM,One year,41,101.6,No,0.2961,Low
5696-CEIQJ,Two year,67,103.15,No,0.0934,Low
7503-ZGUZJ,Month-to-month,1,84.65,Yes,0.8728,High
1696-HXOWK,One year,71,95.65,No,0.1753,Low
3026-ATZYV,One year,37,75.1,No,0.1207,Low
4012-YCFAI,Two year,60,61.35,No,0.0209,Low
2506-TNFCO,Month-to-month,1,69.55,Yes,0.8781,High
9970-QBCDA,Month-to-month,6,19.7,No,0.3654,Medium
8718-PTMEZ,Month-to-month,13,31.05,Yes,0.7193,High
9496-IVVRP,Month-to-month,11,51.0,No,0.3352,Medium
2207-OBZNX,Month-to-month,7,51.0,Yes,0.5067,Medium
2657-VPXTA,Month-to-month,10,88.85,No,0.8529,High
6551-VLJMV,Two year,34,20.05,No,0.034,Low
1221-GHZEP,Two year,62,65.1,No,0.0305,Low
9289-LBQVU,One year,64,70.15,No,0.093,Low
6142-VSJQO,Month-to-month,1,44.35,Yes,0.5975,Medium
3458-IDMFK,Two year,25,20.75,No,0.065,Low
6933-FHBZC,One year,26,56.05,No,0.2371,Low
0221-NAUXK,One year,10,19.95,No,0.1707,Low
9770-KXGQU,One year,53,98.6,No,0.2731,Low
6437-UKHMV,Month-to-month,7,79.7,Yes,0.8655,High
6538-POCHL,Month-to-month,33,79.0,No,0.5749,Medium
6726-NNFWD,Two year,71,89.45,No,0.1256,Low
3002-WQZWT,Month-to-month,29,74.2,No,0.7599,High
4277-UDIEF,Month-to-month,24,81.0,No,0.332,Medium
1208-NBVFH,Month-to-month,20,49.6,No,0.5127,Medium
4912-PIGUY,Month-to-month,1,84.6,No,0.9082,High
1114-CENIM,Month-to-month,54,55.0,Yes,0.2066,Low
6060-DRTNL,Month-to-month,5,84.85,Yes,0.8531,High
2725-TTRIQ,Two year,72,84.2,No,0.0379,Low
3374-TTZTK,Two year,52,106.3,No,0.2001,Low
8990-ZXLSU,Month-to-month,9,69.05,No,0.7869,High
2275-RBYQS,Month-to-month,1,45.4,No,0.6687,High
8473-VUVJN,Month-to-month,1,73.65,Yes,0.9066,High
6289-CPNLD,One year,33,73.9,Yes,0.2132,Low
5536-SLHPM,Month-to-month,55,77.75,Yes,0.6129,High
4419-UJMUS,Two year,69,99.35,No,0.2169,Low
7794-JASDG,Month-to-month,1,50.75,No,0.5638,Medium
7609-YBPXG,Two year,54,87.1,No,0.0631,Low
5519-TEEUH,One year,33,20.15,No,0.0706,Low
7856-GANIL,One year,45,98.7,No,0.4048,Medium
0804-XBFBV,Month-to-month,11,25.2,No,0.68,High
2676-OXPPQ,Month-to-month,6,55.7,No,0.458,Medium
3703-TTEPD,Month-to-month,21,65.35,No,0.3803,Medium
2799-TSLAG,Two year,65,25.3,No,0.0118,Low
0196-VULGZ,Month-to-month,6,84.35,Yes,0.9086,High
8837-VVWLQ,Month-to-month,8,84.95,Yes,0.7582,High
2696-NARTR,Month-to-month,11,73.85,Yes,0.757,High
2208-NKVVH,Two year,43,24.25,No,0.0247,Low
7614-QVWQL,One year,49,51.8,Yes,0.2032,Low
1976-CFOCS,Month-to-month,1,46.0,Yes,0.7227,High
4631-OACRM,Month-to-month,15,79.4,Yes,0.8567,High
7139-JZFVG,Two year,60,60.5,No,0.0177,Low
4987-GQWPO,Month-to-month,17,25.1,No,0.5849,Medium
3755-JBMNH,Month-to-month,16,71.8,Yes,0.7394,High
1757-TCATG,One year,35,20.05,No,0.0469,Low
6345-ULYRW,One year,44,88.4,Yes,0.423,Medium
4776-XSKYQ,One year,12,30.25,No,0.3016,Medium
8048-DSDFQ,Month-to-month,1,20.2,No,0.4111,Medium
5753-QQWPW,One year,28,59.9,No,0.1569,Low
6010-DDPPW,Two year,70,25.15,No,0.0093,Low
1809-DMJHQ,Month-to-month,5,46.0,Yes,0.5126,Medium
6693-FRIRW,Month-to-month,18,101.3,No,0.7314,High
6586-MYGKD,Two year,70,76.95,No,0.0481,Low
3173-NVMPX,Month-to-month,9,55.3,No,0.5541,Medium
0248-PGHBZ,Two year,67,92.45,No,0.0867,Low
0623-GDISB,Month-to-month,1,48.45,No,0.5616,Medium
2892-GESUL,Two year,18,19.35,No,0.0548,Low
6923-EFPNL,Month-to-month,4,51.75,Yes,0.6389,High
7472-EQOAV,One year,71,86.7,No,0.1118,Low
9574-RKJIF,Month-to-month,30,94.4,Yes,0.6573,High
2043-WVTQJ,Month-to-month,1,55.7,No,0.4892,Medium
8034-RYTVV,One year,55,84.25,No,0.2592,Low
3863-QSTYI,Month-to-month,59,64.65,No,0.2512,Low
2619-WFQWU,Month-to-month,1,70.15,Yes,0.8091,High
5044-LRQAQ,Month-to-month,7,69.2,No,0.7626,High
1716-LSAMB,Two year,45,54.65,No,0.0234,Low
1333-PBMXB,One year,54,24.75,No,0.0358,Low
6546-OPBBH,One year,51,23.95,No,0.0424,Low
5985-BEHZK,One year,72,105.0,No,0.3668,Medium
9127-QRZMH,One year,44,59.85,No,0.0627,Low
5919-VCZYM,Month-to-month,2,20.05,No,0.4008,Medium
9644-KVCNC,One year,66,92.15,No,0.3355,Medium
2137-DQMEV,One year,68,44.8,No,0.0463,Low
8174-LNWMW,Two year,31,20.9,No,0.0409,Low
9279-CJEOJ,Month-to-month,21,95.4,No,0.8557,High
7964-VEXDG,Month-to-month,21,80.35,No,0.6341,High
2404-JIBFC,Two year,55,85.1,No,0.0609,Low
0778-NELLA,Month-to-month,9,34.7,Yes,0.7714,High
8029-XYPWT,Two year,71,115.05,No,0.1555,Low
4614-NUVZD,Month-to-month,1,81.1,Yes,0.8804,High
4632-PAOYU,One year,22,19.95,No,0.0853,Low
3803-KMQFW,Month-to-month,1,20.55,Yes,0.3498,Medium
6804-GDMOI,Two year,61,106.6,Yes,0.3196,Medium
2990-OGYTD,Two year,67,86.15,No,0.056,Low
6646-JPPHA,Month-to-month,14,78.85,No,0.678,High
9572-MTILT,Month-to-month,59,106.75,Yes,0.4689,Medium
7658-UYUQS,Month-to-month,21,86.55,No,0.7184,High
7880-XSOJX,Month-to-month,4,42.4,No,0.4714,Medium
9611-CTWIH,Month-to-month,3,89.45,Yes,0.8992,High
4589-IUAJB,Two year,70,24.25,No,0.0089,Low
0329-GTIAJ,Month-to-month,3,97.9,Yes,0.8397,High
8746-BFOAJ,One year,21,20.5,No,0.1282,Low
8457-XIGKN,Month-to-month,20,19.6,No,0.2768,Low
6072-NUQCB,One year,22,20.25,No,0.0816,Low
6629-CZTTH,Month-to-month,1,55.7,Yes,0.7107,High
8838-GPHZP,Two year,63,20.6,No,0.0124,Low
8750-QWZAJ,Two year,70,19.8,No,0.0051,Low
5364-EVNIB,Month-to-month,13,79.8,Yes,0.7725,High
6918-UMQCG,Month-to-month,5,80.2,No,0.8384,High
0675-NCDYU,Two year,72,116.4,No,0.1218,Low
6339-DKLMK,Month-to-month,13,31.65,No,0.7197,High
1346-PJWTK,Month-to-month,61,94.15,No,0.3184,Medium
5088-QZLRL,Month-to-month,1,20.65,No,0.4968,Medium
8023-QHAIO,Month-to-month,56,76.85,No,0.4472,Medium
4397-FRLTA,Month-to-month,4,20.15,No,0.3816,Medium
3057-VJJQE,Two year,35,55.25,No,0.081,Low
5087-SUURX,Month-to-month,18,39.05,Yes,0.7637,High
2302-OUZXB,Two year,72,82.15,No,0.0603,Low
8133-ANHHJ,One year,49,103.0,No,0.2574,Low
2270-CHBFN,Month-to-month,44,95.1,No,0.3846,Medium
0013-EXCHZ,Month-to-month,3,83.9,Yes,0.8053,High
5982-FPVQN,Month-to-month,37,95.15,No,0.7079,High
9107-UKCKY,One year,61,79.8,No,0.2605,Low
4654-ULTTN,Two year,70,74.8,No,0.037,Low
5550-VFRLC,Month-to-month,1,69.85,Yes,0.8816,High
5546-BYZSM,Month-to-month,41,20.45,No,0.1372,Low
1492-KGETH,One year,70,78.35,No,0.0363,Low
4929-BSTRX,Month-to-month,1,53.55,Yes,0.7231,High
4163-HFTUK,One year,51,19.1,No,0.0445,Low
8215-NGSPE,Two year,42,20.0,No,0.019,Low
2225-ZRGSG,Two year,70,93.9,Yes,0.0423,Low
8859-YSTWS,One year,48,19.95,No,0.0343,Low
5271-YNWVR,Two year,68,113.15,Yes,0.1716,Low
7601-DHFWZ,Two year,48,24.0,No,0.0265,Low
2657-ALMWY,Month-to-month,26,84.95,Yes,0.7344,High
6330-JKLPC,Month-to-month,11,80.5,Yes,0.7519,High
4667-OHGKG,Month-to-month,1,19.3,Yes,0.4778,Medium
1998-VHJHK,One year,27,19.15,No,0.0896,Low
1707-HABPF,One year,46,91.3,No,0.4006,Medium
1660-HSOOQ,Month-to-month,1,49.65,Yes,0.6672,High
7253-UVNDW,Two year,46,54.35,Yes,0.0461,Low
0487-VVUVK,Month-to-month,25,19.15,No,0.189,Low
7228-OMTPN,Month-to-month,4,88.45,Yes,0.8981,High
5063-IUOKK,Two year,13,19.75,No,0.0866,Low
4508-OEBEY,One year,31,75.5,No,0.1387,Low
0027-KWYKW,Month-to-month,23,83.75,No,0.8001,High
2308-STERM,Month-to-month,2,19.4,No,0.4074,Medium
5982-XMDEX,Two year,65,26.5,No,0.0116,Low
6284-AHOOQ,Month-to-month,22,90.5,Yes,0.7476,High
6051-PTVNS,One year,55,19.15,No,0.0205,Low
2344-JMOGN,Month-to-month,9,94.85,Yes,0.7006,High
3799-ISUZQ,Month-to-month,7,69.95,Yes,0.7166,High
2877-VDUER,One year,35,40.9,No,0.1762,Low
9152-AMKAK,Two year,6,80.25,No,0.2158,Low
1794-HBQTJ,Month-to-month,1,48.6,Yes,0.5784,Medium
9432-VOFYX,Month-to-month,17,70.8,No,0.7793,High
8049-WJCLQ,Month-to-month,10,60.2,No,0.5167,Medium
6586-PSJOX,One year,15,55.2,No,0.1886,Low
2460-FPSYH,Month-to-month,40,55.8,Yes,0.5615,Medium
9705-ZJBCG,One year,13,54.15,No,0.1299,Low
4818-DRBQT,Month-to-month,29,80.15,Yes,0.6364,High
1320-HTRDR,Month-to-month,3,75.5,Yes,0.8793,High
6847-KJLTS,Month-to-month,58,100.4,No,0.6124,High
9670-BPNXF,One year,45,62.55,No,0.0674,Low
3913-FCUUW,Two year,72,70.45,No,0.0163,Low
3301-VKTGC,One year,68,85.5,No,0.1224,Low
1493-AMTIE,Month-to-month,1,20.2,Yes,0.4599,Medium
9555-SAHUZ,Month-to-month,38,54.5,No,0.1948,Low
0816-TSPHQ,Month-to-month,2,20.75,No,0.3982,Medium
9932-WBWIK,Month-to-month,11,20.35,No,0.3057,Medium
4619-EVPHY,One year,20,91.0,No,0.6671,High
5286-YHCVC,Two year,72,104.8,No,0.2189,Low
6424-ELEYH,Month-to-month,3,74.75,Yes,0.8352,High
4391-RESHN,Month-to-month,23,104.05,Yes,0.7794,High
9115-YQHGA,Month-to-month,40,51.1,No,0.3098,Medium
4462-CYWMH,Month-to-month,62,89.8,No,0.548,Medium
8963-MQVYN,Month-to-month,22,20.55,No,0.284,Low
2458-EOMRE,Month-to-month,11,64.05,No,0.464,Medium
9334-GWGOW,Month-to-month,7,74.85,No,0.8827,High
6821-BUXUX,Month-to-month,13,96.65,Yes,0.7919,High
5028-HTLJB,Month-to-month,1,20.05,Yes,0.4621,Medium
9801-GDWGV,Month-to-month,39,103.45,Yes,0.8062,High
6542-LWGXJ,Month-to-month,3,25.0,No,0.7164,High
5567-GZKQY,Two year,58,20.3,No,0.0119,Low
1222-LRYKO,Month-to-month,6,26.35,No,0.3629,Medium
2320-JRSDE,Month-to-month,1,19.9,Yes,0.5001,Medium
2087-QAREY,Month-to-month,22,54.7,No,0.4277,Medium
0601-WZHJF,Month-to-month,14,46.35,Yes,0.7841,High
4423-JWZJN,One year,64,90.25,No,0.2417,Low
5143-WMWOG,Month-to-month,1,19.95,Yes,0.4995,Medium
6490-FGZAT,Month-to-month,6,20.65,No,0.3547,Medium
5393-RXQSZ,Month-to-month,1,79.6,Yes,0.8522,High
7452-FOLON,One year,39,25.45,No,0.0535,Low
2320-TZRRH,One year,20,19.5,No,0.12,Low
0231-LXVAP,Month-to-month,1,75.9,Yes,0.8002,High
9444-JTXHZ,Month-to-month,1,76.2,Yes,0.8129,High
4942-VZZOM,One year,64,66.15,No,0.1053,Low
5510-BOIUJ,Month-to-month,1,19.25,Yes,0.3604,Medium
7502-BNYGS,Month-to-month,46,69.1,No,0.3731,Medium
4291-HYEBC,One year,28,39.1,No,0.4419,Medium
6147-CBCRA,Month-to-month,33,20.05,No,0.1366,Low
6047-SUHPR,One year,39,59.8,No,0.0987,Low
4471-KXAUH,Month-to-month,42,84.3,Yes,0.6173,High
9752-ZNQUT,Month-to-month,1,48.6,No,0.7103,High
7638-QVMVY,Month-to-month,7,79.0,Yes,0.8649,High
1576-PFZIW,Two year,70,105.35,No,0.1378,Low
5666-MBJPT,Two year,65,25.1,No,0.0152,Low
7312-XSBAT,Month-to-month,1,49.75,No,0.5914,Medium
3096-GKWEB,Month-to-month,18,94.75,No,0.882,High
2371-JQHZZ,Month-to-month,24,93.0,No,0.8678,High
0674-GCDXG,Two year,63,71.9,No,0.0426,Low
1121-QSIVB,One year,44,77.55,No,0.2442,Low
4396-KLSEH,Month-to-month,4,19.85,No,0.5285,Medium
3244-DCJWY,Month-to-month,1,70.25,Yes,0.8577,High
2824-MYYBN,Month-to-month,37,95.25,No,0.777,High
0875-CABNR,Month-to-month,10,84.6,Yes,0.8357,High
6345-HOVES,Month-to-month,34,25.05,No,0.4467,Medium
8318-LCNBW,One year,35,53.15,No,0.2768,Low
6469-QJKZW,Month-to-month,4,20.15,No,0.4589,Medium
0147-ESWWR,Month-to-month,39,101.25,No,0.7933,High
1217-VASWC,One year,43,100.55,No,0.4926,Medium
7812-FZHPE,Month-to-month,17,24.1,Yes,0.2585,Low
6370-ZVHDV,Two year,61,25.3,No,0.0134,Low
5915-DGNVC,One year,49,71.8,No,0.1589,Low
6260-XLACS,One year,4,19.7,No,0.2198,Low
3566-CAAYU,Two year,64,49.85,No,0.0454,Low
4983-CCWMC,Month-to-month,3,69.6,No,0.7983,High
9103-CXVOK,Month-to-month,1,19.75,No,0.4341,Medium
2896-TBNBE,One year,40,80.8,No,0.3365,Medium
4797-AXPXK,Month-to-month,1,60.0,Yes,0.4576,Medium
5229-PRWKT,Month-to-month,8,86.55,Yes,0.8836,High
6982-UQZLY,Month-to-month,1,20.85,Yes,0.5164,Medium
2522-WLNSF,One year,34,64.2,No,0.1796,Low
3841-CONLJ,Month-to-month,1,35.0,No,0.8311,High
5057-LCOUI,Month-to-month,39,50.75,Yes,0.6634,High
0193-ESZXP,One year,58,105.5,Yes,0.266,Low
4475-NVTLU,Two year,45,19.2,No,0.0236,Low
4369-HTUIF,Month-to-month,6,85.15,Yes,0.7749,High
9386-LDCZR,One year,43,90.65,No,0.1833,Low
9585-KKMFD,Two year,41,20.0,No,0.0257,Low
5399-ZIMKF,Month-to-month,5,74.65,No,0.8152,High
0336-KXKFK,Two year,72,61.2,No,0.0471,Low
5619-XZZKR,One year,4,19.95,No,0.2168,Low
3948-FVVRP,Month-to-month,9,54.8,No,0.3319,Medium
5327-XOKKY,Two year,72,73.45,No,0.1104,Low
0983-TATYJ,One year,33,51.45,No,0.1537,Low
1813-JYWTO,Two year,72,80.45,No,0.0656,Low
0156-FVPTA,Month-to-month,22,54.2,Yes,0.3614,Medium
1984-FCOWB,One year,70,109.5,Yes,0.3995,Medium
0654-HMSHN,Month-to-month,21,104.4,Yes,0.7867,High
6719-OXYBR,Month-to-month,15,85.3,No,0.7919,High
3312-ZWLGF,Month-to-month,29,79.3,No,0.737,High
6476-YHMGA,Month-to-month,15,76.5,No,0.4053,Medium
5287-QWLKY,Month-to-month,71,105.1,Yes,0.4694,Medium
0795-XCCTE,Two year,72,25.4,No,0.0103,Low
0168-XZKBB,Month-to-month,19,86.85,No,0.8447,High
3785-NRHYR,Month-to-month,1,19.65,No,0.4132,Medium
5196-SGOAK,Month-to-month,1,75.7,Yes,0.8322,High
4537-DKTAL,Month-to-month,2,45.55,No,0.6807,High
7072-MBHEV,Month-to-month,11,78.1,No,0.7988,High
5602-BVFMK,One year,12,19.3,No,0.1642,Low
6297-NOOPG,Two year,70,110.5,No,0.2551,Low
1891-UAWWU,Month-to-month,20,90.8,Yes,0.846,High
8204-TIFGJ,Month-to-month,23,20.3,No,0.2398,Low
8050-DVOJX,Two year,49,81.35,No,0.0601,Low
6108-OQZDQ,Month-to-month,4,97.95,Yes,0.8808,High
0363-QJVFX,Month-to-month,32,108.15,Yes,0.6169,High
8903-XEBGX,Month-to-month,2,55.3,No,0.7297,High
8169-SAEJD,Two year,69,56.55,No,0.0543,Low
9840-DVNDC,Month-to-month,6,80.5,Yes,0.8199,High
1089-XZWHH,Two year,24,19.7,No,0.0544,Low
2325-WINES,One year,32,104.05,No,0.6204,High
6064-ZATLR,Two year,27,52.85,No,0.07,Low
3096-JRDSO,Month-to-month,27,104.3,Yes,0.7027,High
7824-PANSQ,Month-to-month,58,80.65,No,0.3387,Medium
8042-JVNFH,Month-to-month,1,71.35,Yes,0.8043,High
9648-BCHKM,Two year,18,24.65,No,0.0924,Low
2888-ADFAO,Two year,47,21.3,No,0.0186,Low
8707-HOEDG,Two year,70,110.2,No,0.2121,Low
3374-LXDEV,Month-to-month,13,89.4,Yes,0.7098,High
4072-IPYLT,Month-to-month,36,51.05,No,0.1733,Low
7167-PCEYD,Two year,67,19.8,No,0.0102,Low
4936-YPJNK,Month-to-month,10,19.9,No,0.3779,Medium
1580-BMCMR,Month-to-month,19,87.3,No,0.7748,High
4817-KEQSP,Two year,71,19.85,No,0.0047,Low
6408-WHTEF,Two year,72,89.4,No,0.0363,Low
9251-AWQGT,Two year,48,20.0,No,0.0144,Low
8749-CLJXC,Month-to-month,1,20.05,No,0.4117,Medium
7989-VCQOH,Month-to-month,18,83.25,No,0.4096,Medium
5049-GLYVG,Month-to-month,1,20.6,Yes,0.4095,Medium
4199-QHJNM,Two year,67,102.9,No,0.1758,Low
8882-TLVRW,Two year,69,39.1,No,0.0145,Low
5883-GTGVD,Month-to-month,19,99.95,Yes,0.8664,High
5135-GRQJV,Two year,72,114.5,No,0.169,Low
2384-OVPSA,Two year,38,20.2,No,0.0356,Low
1371-WEPDS,One year,40,55.8,No,0.2643,Low
3580-GICBM,Two year,61,24.2,No,0.0144,Low
4817-QRJSX,Month-to-month,10,81.0,Yes,0.7775,High
9730-DRTMJ,One year,32,72.8,No,0.1869,Low
4686-UXDML,Month-to-month,21,99.85,No,0.811,High
3349-ANQNH,One year,59,99.5,No,0.6221,High
2398-YPMUR,Month-to-month,13,70.15,Yes,0.829,High
0932-YIXYU,Two year,47,20.25,No,0.0204,Low
7480-SPLEF,Two year,69,26.0,No,0.0096,Low
7636-XUHWW,Month-to-month,2,19.9,No,0.467,Medium
1431-CYWMH,Month-to-month,22,19.05,No,0.1666,Low
5937-EORGB,Month-to-month,15,96.5,No,0.8338,High
6349-JDHQP,Two year,53,19.85,No,0.0153,Low
5539-HIVAK,Month-to-month,28,25.7,No,0.2459,Low
5847-MXBEO,One year,22,20.3,No,0.109,Low
9985-MWVIX,Month-to-month,1,70.15,Yes,0.8091,High
4583-PARNH,Month-to-month,16,91.55,No,0.7975,High
1116-FRYVH,Two year,48,39.4,No,0.0283,Low
1421-HCERK,Month-to-month,30,105.7,No,0.5863,Medium
9633-XQABV,Month-to-month,3,70.25,No,0.8503,High
0716-BQNDX,Two year,57,93.75,No,0.1931,Low
1265-XTECC,One year,68,96.55,Yes,0.2644,Low
1183-CANVH,One year,23,60.0,No,0.2027,Low
1972-XMUWV,Two year,65,59.8,No,0.0393,Low
8679-LZBMD,One year,44,90.65,No,0.4556,Medium
3407-JMJQQ,Two year,71,109.0,No,0.1414,Low
6252-DFGTK,One year,37,68.1,No,0.1025,Low
1539-LNKHM,Month-to-month,12,20.4,No,0.3001,Medium
8645-KOMJQ,Two year,69,81.95,No,0.0512,Low
0289-IVARM,Month-to-month,35,60.55,No,0.2593,Low
9761-XUJWD,Month-to-month,5,65.6,No,0.5342,Medium
4057-FKCZK,Two year,58,82.5,No,0.1516,Low
4291-TPNFG,Two year,72,82.3,No,0.0298,Low
6087-YPWHO,Two year,72,68.15,No,0.0157,Low
3090-QFUVD,Month-to-month,1,20.3,No,0.4169,Medium
2237-ZFSMY,One year,39,95.55,Yes,0.3607,Medium
1722-LDZJS,One year,53,20.2,No,0.0224,Low
1818-ESQMW,Month-to-month,27,89.2,No,0.7143,High
4871-JTKJF,Month-to-month,1,69.65,Yes,0.8819,High
1415-YFWLT,Month-to-month,1,89.3,Yes,0.9211,High
7401-RUBNK,Month-to-month,18,74.8,No,0.6403,High
0506-YLVKJ,Two year,46,20.2,No,0.0201,Low
8661-BOYNW,Two year,72,84.4,No,0.0517,Low
6711-VTNRE,Month-to-month,36,87.55,Yes,0.6612,High
4815-GBTCD,Month-to-month,4,25.15,No,0.8177,High
2805-AUFQN,Two year,25,19.8,No,0.0527,Low
0980-PVMRC,Month-to-month,40,50.85,No,0.5462,Medium
7233-DRTRF,Month-to-month,63,102.4,No,0.6944,High
3500-RMZLT,Month-to-month,15,96.3,Yes,0.6596,High
3873-NFTGI,Month-to-month,14,55.5,No,0.574,Medium
1162-ECVII,Two year,72,109.75,No,0.209,Low
7048-GXDAY,Month-to-month,39,106.4,No,0.7225,High
8571-ZCMCX,Two year,47,60.0,No,0.0999,Low
1169-WCVAK,Month-to-month,19,88.8,No,0.5466,Medium
4548-SDBKE,Month-to-month,5,85.2,Yes,0.8986,High
8066-POXGX,Month-to-month,13,35.1,Yes,0.7993,High
7129-CAKJW,Month-to-month,17,80.05,No,0.7116,High
8695-ARGXZ,Month-to-month,34,75.55,No,0.7588,High
3570-YUEKJ,Month-to-month,42,49.55,No,0.3383,Medium
4143-OOBWZ,Month-to-month,5,81.3,Yes,0.8435,High
1555-HAPSU,Two year,71,23.9,No,0.0073,Low
1697-NVVGY,Month-to-month,19,66.4,No,0.4323,Medium
7854-EKTJL,Month-to-month,2,19.6,Yes,0.499,Medium
8464-EETCQ,Two year,57,18.8,No,0.0127,Low
2419-FSORS,Two year,72,108.4,No,0.2386,Low
8132-YPVBX,Month-to-month,6,85.95,No,0.7885,High
9102-IAYHT,Month-to-month,17,85.45,Yes,0.8241,High
6754-LZUKA,Two year,61,80.9,No,0.0838,Low
3422-LYEPQ,Month-to-month,1,71.0,Yes,0.8185,High
8099-MZPUJ,Two year,48,111.8,No,0.1455,Low
0787-LHDYT,Month-to-month,16,20.6,No,0.3145,Medium
2642-DTVCO,Month-to-month,9,85.05,Yes,0.903,High
0374-IOEGQ,Month-to-month,3,44.6,No,0.6751,High
4361-JEIVL,Month-to-month,1,44.4,Yes,0.6966,High
3197-NNYNB,Two year,65,105.1,No,0.2158,Low
3396-DKDEL,Two year,70,115.15,No,0.1266,Low
1752-OZXFY,One year,60,59.8,No,0.0828,Low
9066-QRSDU,One year,69,26.3,No,0.0345,Low
9112-WSNPU,Month-to-month,35,70.55,No,0.6526,High
9867-NNXLC,Month-to-month,22,20.05,No,0.2609,Low
5321-NTRKC,Two year,66,79.85,No,0.0585,Low
1363-TXLSL,Month-to-month,1,70.3,Yes,0.8756,High
9507-EXLTT,Month-to-month,1,79.35,Yes,0.8307,High
3161-GETRM,Month-to-month,34,90.05,No,0.6816,High
0402-OAMEN,Two year,72,24.45,No,0.0065,Low
6933-VLYFX,One year,31,59.95,No,0.2527,Low
6754-WKSHP,One year,30,25.35,No,0.0777,Low
9846-GKXAS,Month-to-month,9,90.8,Yes,0.8322,High
6017-PPLPX,Month-to-month,20,70.45,Yes,0.7146,High
4976-LNFVV,Month-to-month,19,34.3,No,0.6299,High
5055-MGMGF,Month-to-month,65,105.05,No,0.6394,High
4641-FROLU,Two year,30,19.3,No,0.0329,Low
2862-JVEOY,One year,6,19.15,No,0.2045,Low
2969-QWUBZ,Month-to-month,2,51.4,No,0.8334,High
9822-BIIGN,Month-to-month,53,71.85,No,0.1823,Low
2077-MPJQO,Month-to-month,7,75.4,No,0.8831,High
1534-OULXE,One year,61,49.7,No,0.0425,Low
7136-RVDTZ,One year,70,45.25,Yes,0.2406,Low
2971-SGAFL,Month-to-month,13,78.75,No,0.7265,High
1480-IVEVR,One year,35,81.6,No,0.4936,Medium
2905-KFQUV,Month-to-month,2,70.4,No,0.8003,High
4581-SSPWD,Month-to-month,3,75.8,Yes,0.8796,High
3370-HXOPH,Month-to-month,3,76.1,No,0.8494,High
9391-YZEJW,One year,62,94.0,No,0.4281,Medium
9958-MEKUC,Two year,72,103.95,No,0.0628,Low
0281-CNTZX,Two year,63,19.95,No,0.0111,Low
6927-WTFIV,Month-to-month,20,71.3,Yes,0.6809,High
4118-CEVPF,One year,35,110.8,No,0.4546,Medium
3398-ZOUAA,Month-to-month,21,69.1,Yes,0.7898,High
9114-VEPUF,One year,62,96.1,No,0.2694,Low
7876-BEUTG,Month-to-month,15,48.8,No,0.6104,High
2338-BQEZT,Month-to-month,55,50.55,No,0.1505,Low
9873-MNDKV,Month-to-month,11,44.65,No,0.5788,Medium
0378-NHQXU,Month-to-month,17,88.25,Yes,0.7913,High
8241-JUIQO,One year,61,19.45,No,0.02,Low
2194-IIQOF,Two year,71,89.3,No,0.0383,Low
4512-ZUIYL,Month-to-month,2,70.0,Yes,0.7511,High
9631-RXVJM,Two year,35,19.25,No,0.0335,Low
9584-EXCDZ,Month-to-month,17,70.5,No,0.6457,High
7969-AULMZ,Month-to-month,21,97.35,Yes,0.8786,High
5093-FEGLU,Two year,47,19.65,No,0.018,Low
2621-UDNLU,Month-to-month,3,20.85,No,0.3813,Medium
7526-IVLYU,Month-to-month,3,19.65,No,0.4542,Medium
2428-HYUNX,Two year,44,19.35,No,0.0342,Low
9214-EKVXR,Month-to-month,1,44.0,No,0.6736,High
3410-MHHUM,One year,44,94.4,No,0.4252,Medium
0568-ONFPC,Month-to-month,5,25.9,Yes,0.4119,Medium
0733-VUNUW,Month-to-month,24,55.65,Yes,0.4115,Medium
4550-EVXNY,Month-to-month,1,69.65,Yes,0.8288,High
2122-YWVYA,Month-to-month,18,75.4,No,0.6996,High
2968-SSGAA,Month-to-month,10,100.6,Yes,0.9071,High
2296-DKZFP,Two year,65,71.0,No,0.0255,Low
4844-JJWUY,Month-to-month,1,86.0,Yes,0.8823,High
6777-TGHTM,One year,53,106.95,Yes,0.441,Medium
8909-BOLNL,One year,3,21.2,No,0.2214,Low
6603-YRDCJ,Two year,33,61.05,No,0.0507,Low
3538-WZPHD,Month-to-month,3,29.6,Yes,0.8009,High
3229-USWAR,One year,34,79.95,No,0.1829,Low
2138-VFAPZ,Two year,14,19.7,No,0.0827,Low
6131-JLWZM,Month-to-month,13,20.3,No,0.3458,Medium
4785-QRJHC,One year,46,59.9,Yes,0.2551,Low
0269-XFESX,One year,23,24.35,No,0.1062,Low
1709-EJDOX,Two year,47,19.75,No,0.0153,Low
4316-XCSLJ,Month-to-month,17,50.3,No,0.3612,Medium
8610-WFCJF,Month-to-month,49,95.6,Yes,0.7353,High
9693-XMUOB,Month-to-month,59,50.25,No,0.4758,Medium
0383-CLDDA,Two year,69,85.35,No,0.058,Low
4905-JEFDW,One year,11,41.6,Yes,0.6623,High
2709-UQGNP,Month-to-month,10,51.65,No,0.4772,Medium
3549-ZTMNH,Two year,12,24.0,No,0.1087,Low
7881-INRLC,Month-to-month,45,100.85,Yes,0.7182,High
8033-ATFAS,Month-to-month,39,59.85,No,0.3394,Medium
1635-NZATJ,Two year,71,25.45,No,0.0111,Low
0562-HKHML,Two year,71,23.9,No,0.0071,Low
8277-RVRSV,One year,33,24.15,No,0.073,Low
9943-VSZUV,Month-to-month,67,75.7,No,0.4613,Medium
0117-LFRMW,Month-to-month,37,40.2,Yes,0.2041,Low
6172-FECYY,Month-to-month,49,84.5,Yes,0.6035,High
7054-ENNGU,Month-to-month,9,50.85,No,0.479,Medium
1455-HFBXA,Two year,52,91.6,No,0.116,Low
9402-CXWPL,One year,70,98.9,No,0.3911,Medium
1628-BIZYP,Month-to-month,1,85.0,No,0.8598,High
1965-AKTSX,Month-to-month,14,78.95,Yes,0.8456,High
0082-LDZUE,Month-to-month,1,44.3,No,0.67,High
4786-UKSNZ,Month-to-month,1,20.2,Yes,0.4111,Medium
5343-SGUBI,One year,52,80.2,No,0.3197,Medium
0856-NAOES,Month-to-month,6,60.9,No,0.6193,High
1976-AZZPJ,Month-to-month,7,34.2,No,0.5409,Medium
7248-VZQLC,Month-to-month,47,85.2,Yes,0.5843,Medium
6156-UZDLF,One year,26,87.15,No,0.2936,Low
3099-OONVS,Month-to-month,25,54.3,No,0.2367,Low
9500-WBGRP,Two year,69,19.1,No,0.0092,Low
5183-KLYEM,Two year,72,112.75,No,0.1488,Low
5144-PQCDZ,Month-to-month,4,19.95,No,0.4398,Medium
8514-VZHEB,Two year,59,19.5,No,0.0087,Low
6625-IUTTT,Two year,67,65.55,No,0.0285,Low
9355-NPPFS,Month-to-month,26,78.8,No,0.8138,High
0068-FIGTF,One year,27,78.2,No,0.2241,Low
5965-GGPRW,Two year,72,105.25,No,0.1226,Low
8035-PWSEV,Month-to-month,6,89.25,No,0.8149,High
2236-HILPA,Two year,62,20.65,No,0.0076,Low
1840-BIUOG,One year,20,68.7,No,0.3971,Medium
1356-MKYSK,Month-to-month,6,78.65,No,0.4868,Medium
6080-LNESI,Two year,51,24.75,No,0.0223,Low
1830-IPXVJ,Two year,61,19.75,No,0.0084,Low
5828-DWPIL,Month-to-month,62,89.1,No,0.4909,Medium
8398-TBIYD,Two year,72,84.7,No,0.0679,Low
0011-IGKFF,Month-to-month,13,98.0,Yes,0.8727,High
4192-GORJT,Month-to-month,5,94.45,Yes,0.8906,High
6496-SLWHQ,Month-to-month,3,105.0,Yes,0.9202,High
9912-GVSEQ,Month-to-month,26,93.85,Yes,0.8313,High
2931-FSOHN,Month-to-month,13,59.9,No,0.7066,High
9418-RUKPH,Two year,38,19.95,No,0.0292,Low
5383-MMTWC,Month-to-month,8,84.0,Yes,0.9036,High
9971-ZWPBF,Month-to-month,34,108.9,No,0.7528,High
4712-AUQZO,Month-to-month,18,33.6,No,0.4772,Medium
9711-FJTBX,One year,56,85.85,No,0.1457,Low
2908-ZTPNF,Month-to-month,36,34.85,No,0.3169,Medium
7240-ETPTR,Month-to-month,9,48.75,Yes,0.8565,High
2202-CUYXZ,Month-to-month,1,84.85,Yes,0.8821,High
5995-OIGLP,Month-to-month,12,56.65,Yes,0.3094,Medium
8421-WZOOW,Month-to-month,57,95.3,No,0.411,Medium
6261-RCVNS,One year,42,73.9,Yes,0.0853,Low
7951-QKZPL,Two year,33,24.5,Yes,0.0479,Low
1414-YADCW,Two year,70,84.6,No,0.0325,Low
8756-RDDLT,Month-to-month,68,44.95,No,0.1745,Low
2862-PFNIK,Month-to-month,1,24.7,No,0.8081,High
5816-QVHRX,Month-to-month,37,100.3,No,0.6434,High
4430-YHXGG,Month-to-month,4,25.45,No,0.449,Medium
6888-SBYAI,Month-to-month,1,50.7,No,0.564,Medium
7395-XWZOY,Month-to-month,20,55.0,No,0.4666,Medium
7169-YWAMK,Two year,72,68.4,No,0.0117,Low
3640-PHQXK,Month-to-month,31,89.9,Yes,0.8112,High
6877-LGWXO,Month-to-month,18,78.55,Yes,0.8063,High
6859-RKMZJ,Month-to-month,11,55.05,No,0.6145,High
2729-VNVAP,Two year,33,19.8,No,0.0288,Low
2957-JIRMN,One year,62,84.45,No,0.4109,Medium
2049-BAFNW,Month-to-month,1,35.9,No,0.6584,High
3842-QTGDL,Month-to-month,16,80.75,No,0.5051,Medium
7163-OCEQI,One year,22,78.65,No,0.3358,Medium
9782-LGXMC,Month-to-month,49,61.75,No,0.0845,Low
5975-BAICR,One year,36,63.7,No,0.1459,Low
8019-ENHXU,Month-to-month,42,99.45,Yes,0.6528,High
5167-GBFRE,Month-to-month,4,25.2,Yes,0.7892,High
9033-EOXWV,One year,12,74.05,Yes,0.4114,Medium
4673-KKSLS,Month-to-month,31,87.6,No,0.463,Medium
4853-OITSN,Month-to-month,5,89.15,No,0.844,High
9800-OUIGR,Two year,66,20.0,No,0.0065,Low
1324-NLTJE,Month-to-month,15,55.0,Yes,0.5035,Medium
2324-EFHVG,Two year,64,104.4,No,0.2637,Low
7094-MSZAO,Month-to-month,10,20.05,No,0.3186,Medium
1522-VVDMG,Month-to-month,7,89.75,Yes,0.7333,High
6907-CQGPN,Month-to-month,29,34.3,No,0.4185,Medium
0780-XNZFN,Two year,57,20.65,No,0.0116,Low
0239-OXEXL,Month-to-month,46,84.25,No,0.3891,Medium
2675-IJRGJ,Two year,53,19.65,No,0.0139,Low
7049-GKVZY,One year,17,79.85,No,0.2058,Low
8577-QSOCG,Two year,38,20.2,No,0.029,Low
3721-CNZHX,One year,15,19.8,No,0.1442,Low
0212-ISBBF,Month-to-month,22,50.35,No,0.7556,High
9185-TQCVP,Month-to-month,14,85.15,Yes,0.8625,High
3585-YNADK,One year,57,74.6,No,0.0966,Low
5271-DBYSJ,Month-to-month,11,79.15,No,0.8276,High
1099-GODLO,Two year,1,20.35,No,0.1117,Low
6828-HMKWP,Two year,12,21.05,No,0.0659,Low
5567-WSELE,Month-to-month,3,94.6,Yes,0.9314,High
1472-TNCWL,Month-to-month,36,94.7,No,0.7194,High
8063-RJYNF,Month-to-month,16,94.25,Yes,0.8049,High
0687-ZVTHB,One year,65,72.45,Yes,0.0595,Low
2080-GKCWQ,Month-to-month,2,74.95,No,0.7883,High
9661-ACXBS,Month-to-month,42,105.2,Yes,0.7525,High
2193-SFWQW,Two year,72,111.95,No,0.062,Low
5656-JAMLX,Two year,62,19.85,No,0.0094,Low
3462-BJQQA,Month-to-month,6,89.75,No,0.8776,High
0442-TDYUO,Two year,48,20.05,No,0.0236,Low
6733-LRIZX,Two year,35,108.95,No,0.3852,Medium
9503-XJUME,One year,52,19.65,No,0.0237,Low
4367-NHWMM,Month-to-month,1,24.9,No,0.7895,High
3727-RJMEO,Month-to-month,6,82.85,Yes,0.8924,High
3779-OSWCF,Two year,71,93.2,No,0.0371,Low
6736-DHUQI,One year,67,84.8,No,0.08,Low
3915-ODIYG,One year,60,71.75,No,0.1719,Low
1360-RCYRT,Month-to-month,23,30.35,No,0.4113,Medium
2724-FJDYW,One year,39,54.85,No,0.2069,Low
4451-RWASJ,One year,15,19.5,No,0.1414,Low
6646-VRFOL,Month-to-month,53,103.85,Yes,0.7786,High
3460-TJBWI,Two year,24,24.2,No,0.0558,Low
5917-HBSDW,Month-to-month,37,19.35,No,0.1292,Low
5685-IIXLY,Month-to-month,5,83.6,Yes,0.8119,High
5671-UUNXD,One year,50,100.65,No,0.583,Medium
0956-ACVZC,One year,54,94.1,No,0.435,Medium
2325-NBPZG,Month-to-month,3,74.55,No,0.7891,High
4250-ZBWLV,One year,68,108.45,Yes,0.3426,Medium
4482-FTFFX,Month-to-month,5,56.15,No,0.5599,Medium
8859-DZTGQ,Two year,33,20.35,No,0.0365,Low
0440-MOGPM,One year,41,80.55,No,0.3954,Medium
0020-JDNXP,One year,34,61.25,No,0.1734,Low
3752-CQSJI,Month-to-month,13,20.45,No,0.2865,Low
5025-GOOKI,Month-to-month,20,18.9,No,0.281,Low
4698-KVLLG,Two year,51,19.6,No,0.0203,Low
5095-AESKG,Month-to-month,3,91.5,Yes,0.8348,High
2887-JPYLU,Month-to-month,41,45.2,No,0.1978,Low
4770-QAZXN,Month-to-month,13,19.45,No,0.2936,Low
4896-CPRPF,Two year,35,25.45,No,0.0319,Low
1871-MOWRM,Month-to-month,12,80.85,Yes,0.4757,Medium
9714-EDSUC,Month-to-month,4,94.9,No,0.6373,High
2027-OAQQC,Month-to-month,43,49.05,Yes,0.527,Medium
0282-NVSJS,Month-to-month,12,29.3,No,0.6007,High
9090-SGQXL,Month-to-month,68,105.3,Yes,0.7215,High
6595-YGXIT,Month-to-month,25,88.95,Yes,0.8415,High
7353-YOWFP,One year,7,20.25,No,0.1956,Low
9835-ZIITK,One year,66,110.85,Yes,0.4799,Medium
8008-ESFLK,One year,53,110.5,No,0.2714,Low
7537-CBQUZ,Month-to-month,63,109.4,No,0.5859,Medium
1555-DJEQW,Two year,70,114.2,Yes,0.1064,Low
5649-TJHOV,Month-to-month,27,36.5,Yes,0.5718,Medium
0519-XUZJU,Month-to-month,1,70.75,Yes,0.7647,High
3363-EWLGO,Month-to-month,5,19.95,No,0.3719,Medium
4750-UKWJK,One year,37,19.6,No,0.0686,Low
6338-AVWCY,Month-to-month,3,40.15,Yes,0.8099,High
1689-YQBYY,Month-to-month,12,76.6,No,0.8114,High
4487-ZYJZK,One year,38,19.6,No,0.0443,Low
2959-FENLU,Month-to-month,9,85.3,No,0.8083,High
0708-LGSMF,Month-to-month,13,65.85,No,0.6573,High
9253-QXKBE,Month-to-month,29,94.45,Yes,0.8717,High
7634-HLQJR,Two year,47,20.05,No,0.0157,Low
0487-RPVUM,Month-to-month,61,99.4,No,0.321,Medium
4079-ULGFR,Month-to-month,16,20.0,No,0.2584,Low
2516-XSJKX,Two year,41,78.45,No,0.0639,Low
0057-QBUQH,Two year,43,25.1,No,0.046,Low
9445-SZLCH,Month-to-month,36,97.35,Yes,0.6189,High
6599-SFQVE,Month-to-month,6,55.0,No,0.7495,High
8331-ZXFOE,One year,58,71.1,No,0.0679,Low
4003-FUSHP,Month-to-month,19,61.55,No,0.4708,Medium
0356-ERHVT,Month-to-month,11,45.9,No,0.5508,Medium
7325-ENZFI,One year,39,40.3,No,0.114,Low
4884-ZTHVF,Month-to-month,8,87.1,No,0.8608,High
3920-HIHMQ,Month-to-month,26,49.5,No,0.4483,Medium
3055-OYMSE,Month-to-month,53,73.8,No,0.4724,Medium
0613-WUXUM,Two year,70,19.2,No,0.007,Low
7568-PODML,Month-to-month,1,45.3,Yes,0.8513,High
4458-KVRBJ,Two year,59,25.0,No,0.016,Low
5349-IECLD,Month-to-month,2,94.95,Yes,0.8742,High
1397-XKKWR,One year,7,35.3,No,0.3961,Medium
3945-GFWQL,Month-to-month,12,44.55,Yes,0.5975,Medium
8097-OMULG,One year,59,76.75,No,0.0787,Low
6013-BHCAW,Two year,61,81.0,No,0.0722,Low
0401-WDBXM,Two year,72,105.55,No,0.15,Low
3387-PLKUI,Month-to-month,13,18.8,No,0.2418,Low
6096-EGVTU,One year,64,24.9,No,0.0191,Low
3797-VTIDR,Month-to-month,1,23.45,Yes,0.8388,High
5081-NWSUP,One year,10,64.9,No,0.2709,Low
2580-ATZSQ,One year,65,61.35,No,0.0278,Low
8085-MSNLK,Two year,62,113.95,No,0.1293,Low
9691-HKOVS,One year,55,90.15,No,0.1753,Low
9881-VCZEP,Month-to-month,25,54.1,No,0.4946,Medium
9526-BIHHD,Month-to-month,1,29.7,Yes,0.6521,High
8757-TFHHJ,Month-to-month,1,49.8,No,0.5708,Medium
4523-WXCEF,Month-to-month,59,101.1,Yes,0.6506,High
1468-DEFNC,Two year,64,24.4,No,0.0145,Low
5119-KEPFY,Month-to-month,36,95.0,No,0.7582,High
8364-TRMMK,Month-to-month,3,50.65,Yes,0.7069,High
0916-KNFAJ,Two year,61,69.9,No,0.062,Low
8319-QBEHW,One year,26,39.95,No,0.3231,Medium
3063-QFSZL,Month-to-month,1,55.4,Yes,0.7806,High
8775-LHDJH,Month-to-month,1,90.6,Yes,0.9052,High
9625-QNLUX,Two year,68,103.25,No,0.1201,Low
3097-NQYSN,Month-to-month,2,86.85,Yes,0.8835,High
4024-CSNBY,Two year,72,94.25,No,0.0647,Low
7110-BDTWG,Two year,71,47.05,No,0.06,Low
7493-GVFIO,Two year,57,20.55,No,0.0129,Low
0690-SRQID,Month-to-month,4,19.65,No,0.4415,Medium
9605-WGJVW,Month-to-month,1,70.2,No,0.881,High
9114-DPSIA,Two year,72,81.0,No,0.0191,Low
4700-UBQMV,One year,21,75.9,No,0.3125,Medium
7711-GQBZC,Two year,71,24.7,No,0.007,Low
3565-UNOCC,Month-to-month,29,99.05,Yes,0.8313,High
4627-MIHJH,Two year,69,110.25,No,0.1563,Low
9795-NREXC,Two year,64,85.0,No,0.0646,Low
8573-CGOCC,Month-to-month,16,19.75,No,0.2629,Low
7356-AYNJP,One year,4,23.9,No,0.3457,Medium
9249-FXSCK,One year,52,111.25,Yes,0.3298,Medium
5493-SDRDQ,Month-to-month,2,55.1,Yes,0.5559,Medium
6286-SUUWT,Month-to-month,1,19.95,No,0.412,Medium
4819-HJPIW,Month-to-month,18,25.15,No,0.575,Medium
8654-DHAOW,Month-to-month,2,54.15,No,0.6218,High
5438-QMDDL,Month-to-month,19,59.8,No,0.5165,Medium
9812-GHVRI,Month-to-month,40,83.85,No,0.634,High
5553-AOINX,One year,66,104.9,No,0.4865,Medium
1228-ZLNBX,Month-to-month,21,75.3,No,0.6918,High
4226-KKDON,Month-to-month,8,66.65,No,0.6086,High
3831-YCPUO,Two year,72,109.5,No,0.0843,Low
7445-WMRBW,One year,48,73.85,No,0.1571,Low
3308-DGHKL,Two year,69,19.3,No,0.0091,Low
9924-JPRMC,Two year,72,118.2,No,0.1963,Low
0080-EMYVY,One year,14,51.45,No,0.2657,Low
6218-KNUBD,Month-to-month,6,59.45,No,0.661,High
7337-CINUD,Two year,8,19.5,No,0.0804,Low
7609-NRNCA,One year,17,19.55,No,0.1332,Low
0623-EJQEG,One year,65,93.55,No,0.2221,Low
7153-CHRBV,One year,57,59.3,No,0.0407,Low
0871-URUWO,Month-to-month,13,102.25,Yes,0.8568,High
9190-MFJLN,Month-to-month,19,95.9,Yes,0.8324,High
6198-PNNSZ,One year,56,109.8,No,0.3051,Medium
3317-VLGQT,Month-to-month,14,78.1,No,0.8349,High
4132-POCZS,Month-to-month,52,39.9,No,0.3395,Medium
5614-DNZCE,Two year,58,64.9,No,0.0251,Low
1095-JUDTC,Month-to-month,47,95.05,Yes,0.6774,High
3896-RCYYE,Month-to-month,67,53.4,No,0.2644,Low
9638-JIQYA,Month-to-month,2,24.9,No,0.7823,High
3258-SANFR,Month-to-month,6,44.7,No,0.6156,High
3726-TBHQT,Two year,71,114.0,No,0.1123,Low
3190-ITQXP,Two year,46,20.25,No,0.0148,Low
0870-VEMYL,Month-to-month,5,53.85,Yes,0.3822,Medium
4833-QTJNO,Month-to-month,67,83.85,No,0.278,Low
3039-MJSLN,Month-to-month,3,20.2,No,0.323,Medium
0178-CIIKR,Month-to-month,3,19.95,No,0.3928,Medium
5385-SUIRI,Month-to-month,52,104.2,Yes,0.7473,High
3982-XWFZQ,Month-to-month,42,50.25,Yes,0.44,Medium
5774-QPLTF,One year,50,20.35,No,0.0317,Low
2322-VCZHZ,Month-to-month,23,90.0,No,0.7201,High
5010-IPEAQ,Two year,67,54.2,No,0.0212,Low
4009-ALQFH,Month-to-month,25,99.5,Yes,0.8076,High
6383-ZTSIW,One year,39,99.1,No,0.3719,Medium
8990-YOZLV,Two year,69,66.9,No,0.022,Low
3069-SSVSN,One year,1,25.85,No,0.5652,Medium
5222-IMUKT,Month-to-month,32,91.05,No,0.7531,High
3627-FCRDW,Month-to-month,9,71.0,Yes,0.7825,High
7562-GSUHK,Month-to-month,16,93.2,Yes,0.7421,High
6685-XSHHU,Two year,60,20.95,No,0.0102,Low
8901-UPRHR,Two year,72,109.2,No,0.1414,Low
4903-UYAVB,Month-to-month,5,19.35,Yes,0.3637,Medium
0118-JPNOY,Month-to-month,26,85.8,No,0.6765,High
6776-TLWOI,Month-to-month,3,19.85,Yes,0.3908,Medium
3845-FXCYS,Month-to-month,2,19.65,No,0.5526,Medium
5857-XRECV,One year,2,20.5,No,0.1864,Low
0725-CXOTM,One year,36,89.65,No,0.2347,Low
4343-EJVQB,Month-to-month,7,74.35,No,0.6403,High
9000-PLFUZ,Two year,60,49.45,No,0.1252,Low
3427-GGZZI,Month-to-month,19,89.1,No,0.8247,High
7779-ORAEL,Two year,45,75.15,No,0.0739,Low
0644-OQMDK,Month-to-month,4,70.65,No,0.8687,High
4077-CROMM,Month-to-month,31,104.2,Yes,0.7606,High
3154-CFSZG,Month-to-month,47,90.05,No,0.4434,Medium
2868-MZAGQ,Month-to-month,1,79.25,Yes,0.8822,High
4847-QNOKA,Month-to-month,1,44.9,Yes,0.6577,High
2220-IAHLS,Month-to-month,1,19.4,No,0.4204,Medium
1658-XUHBX,Month-to-month,59,88.75,No,0.58,Medium
6379-RXJRQ,Month-to-month,10,70.1,Yes,0.8095,High
2378-HTWFW,Month-to-month,35,91.0,No,0.625,High
8650-RHRKE,Month-to-month,4,29.65,Yes,0.8222,High
4377-VDHYI,One year,32,90.8,No,0.3814,Medium
0475-RIJEP,Month-to-month,43,77.85,Yes,0.6512,High
1260-TTRXI,Month-to-month,4,54.3,Yes,0.7115,High
3719-TDVQB,Two year,54,18.95,No,0.0219,Low
6328-ZPBGN,Month-to-month,11,95.15,Yes,0.8829,High
0201-MIBOL,Two year,66,102.4,No,0.2224,Low
4937-QPZPO,One year,61,99.9,No,0.5,Medium
2925-VDZHY,Two year,72,88.7,No,0.03,Low
6981-TDRFT,One year,44,54.3,No,0.2835,Low
3413-CSSTH,Month-to-month,41,55.7,No,0.3585,Medium
8033-VCZGH,One year,50,103.95,No,0.5267,Medium
4789-KWMXN,One year,47,110.85,Yes,0.3807,Medium
0224-NIJLP,Two year,8,20.15,No,0.0831,Low
7542-CYDDM,Month-to-month,18,20.05,No,0.2433,Low
4718-WXBGI,Two year,72,91.95,No,0.0376,Low
2867-UIMSS,Month-to-month,1,80.5,Yes,0.8503,High
8495-PRWFH,Month-to-month,42,55.65,No,0.4474,Medium
0439-IFYUN,Month-to-month,18,74.7,No,0.7824,High
5716-LIBJC,One year,13,104.15,No,0.6606,High
2868-LLSKM,One year,68,83.65,No,0.1328,Low
8111-RKSPX,Month-to-month,4,72.2,Yes,0.8304,High
2988-QRAJY,Two year,69,110.05,No,0.1893,Low
1585-MQSSU,Month-to-month,17,51.5,Yes,0.3634,Medium
0071-NDAFP,Two year,25,25.5,No,0.0531,Low
2856-NNASM,Month-to-month,43,89.55,Yes,0.7207,High
7328-ZJAJO,Two year,59,19.5,No,0.0091,Low
6458-CYIDZ,Month-to-month,5,80.7,No,0.7303,High
8559-CIZFV,One year,21,77.5,Yes,0.1442,Low
1090-PYKCI,One year,69,105.1,No,0.1555,Low
3058-WQDRE,Month-to-month,13,25.15,No,0.6721,High
7547-EKNFS,Month-to-month,42,95.25,Yes,0.6373,High
2279-AXJJK,Month-to-month,52,95.65,No,0.5058,Medium
6769-DYBQN,Month-to-month,46,85.0,Yes,0.5645,Medium
0909-SELIE,Two year,61,80.8,No,0.0393,Low
3417-TSCIC,One year,29,24.85,No,0.331,Medium
1042-HFUCW,One year,25,54.75,No,0.1458,Low
4439-JMPMT,Month-to-month,5,85.75,Yes,0.7793,High
6537-OTKMY,One year,15,50.75,No,0.6213,High
8999-EXMNO,Two year,19,20.15,No,0.0526,Low
6725-TPKJO,Two year,44,20.05,No,0.0221,Low
2446-BEGGB,Month-to-month,6,98.25,Yes,0.9177,High
7162-WPHPM,Two year,58,71.6,No,0.0209,Low
1599-MMYRQ,One year,62,81.45,No,0.1137,Low
8821-KVZKQ,One year,70,58.4,No,0.0871,Low
1496-GGSUK,Month-to-month,1,25.7,Yes,0.8197,High
6434-TTGJP,Two year,10,53.7,No,0.1456,Low
0042-JVWOJ,One year,26,19.6,No,0.1095,Low
0130-SXOUN,Month-to-month,66,89.4,No,0.4341,Medium
2575-GFSOE,Month-to-month,7,69.0,Yes,0.7958,High
2330-PQGDQ,One year,51,84.2,No,0.1587,Low
1452-UZOSF,Two year,72,106.1,No,0.0788,Low
2097-YVPKN,Two year,65,25.75,No,0.0121,Low
2842-JTCCU,Month-to-month,2,46.05,Yes,0.5805,Medium
8597-CTXVJ,One year,70,64.95,No,0.024,Low
6631-HMANX,Two year,72,85.45,No,0.0652,Low
9962-BFPDU,Month-to-month,1,20.05,No,0.3516,Medium
3296-SILRA,Month-to-month,1,76.4,Yes,0.8028,High
9681-OXGVC,Month-to-month,5,100.5,Yes,0.9161,High
6394-HHHZM,Month-to-month,3,20.7,No,0.387,Medium
5995-LFTLE,Two year,58,25.3,No,0.0216,Low
5180-UCIIQ,Month-to-month,22,40.05,Yes,0.4815,Medium
1932-UEDCX,Month-to-month,33,100.6,No,0.7785,High
7153-OANIO,Month-to-month,1,69.95,Yes,0.8225,High
5188-HGMLP,Month-to-month,54,74.0,No,0.4702,Medium
0665-XHDJU,Two year,72,99.4,No,0.29,Low
6521-YYTYI,Month-to-month,1,93.3,Yes,0.9076,High
8878-HMWBV,Month-to-month,3,49.15,Yes,0.7285,High
8265-HKSOW,Two year,72,107.45,No,0.0624,Low
3544-FBCAS,Two year,72,83.6,No,0.0491,Low
5331-RGMTT,Month-to-month,54,99.05,No,0.7314,High
4759-PXTAN,One year,59,80.1,No,0.2021,Low
7054-DMVAS,Two year,54,65.3,No,0.0475,Low
3428-MMGUB,Two year,60,89.55,No,0.3048,Medium
6549-BTYPG,Two year,60,60.8,No,0.0667,Low
7823-JSOAG,Month-to-month,3,74.5,No,0.8499,High
3705-RHRFR,Two year,69,99.15,No,0.1489,Low
9374-YOLBJ,Month-to-month,1,19.25,No,0.4389,Medium
9074-KGVOX,Month-to-month,50,39.45,No,0.2479,Low
6128-DAFVY,Month-to-month,56,44.85,No,0.4112,Medium
9933-QRGTX,Two year,60,97.2,No,0.1727,Low
4476-OSWTN,One year,69,110.55,No,0.3118,Medium
3751-KTZEL,Month-to-month,1,35.05,Yes,0.7818,High
1977-STDKI,Month-to-month,1,73.0,Yes,0.8641,High
5066-GFJMM,Month-to-month,3,19.9,No,0.4453,Medium
2661-GKBTK,Two year,60,76.95,No,0.0347,Low
0458-HEUZG,Two year,13,35.4,No,0.215,Low
7268-WNTCP,Two year,62,20.45,No,0.0073,Low
0824-VWDPO,One year,45,96.75,No,0.2855,Low
8409-WQJUX,One year,25,54.2,No,0.4573,Medium
2578-JQPHZ,Two year,44,100.1,No,0.2067,Low
3278-FSIXX,Month-to-month,2,45.25,No,0.6596,High
5813-UECBU,Month-to-month,33,83.85,Yes,0.6905,High
0328-GRPMV,Month-to-month,1,70.1,Yes,0.858,High
9746-UGFAC,One year,22,20.85,No,0.1033,Low
2946-KIQSP,Month-to-month,35,33.45,No,0.3821,Medium
0625-AFOHS,Two year,29,20.2,No,0.0337,Low
6726-WEXXK,One year,27,85.9,No,0.5539,Medium
4636-OLWOE,One year,54,61.0,No,0.0823,Low
4342-HENTK,Month-to-month,2,70.65,Yes,0.8769,High
4685-ERGHK,One year,57,86.9,No,0.4724,Medium
0885-HMGPY,Two year,62,69.4,No,0.0214,Low
5003-OKNNK,One year,15,20.35,No,0.1169,Low
4195-SMMNX,Month-to-month,2,20.35,Yes,0.399,Medium
7208-PSIHR,Two year,70,104.3,No,0.194,Low
4012-ZTHBR,Month-to-month,21,44.95,No,0.5026,Medium
0489-WMEMG,One year,23,49.45,No,0.2366,Low
7435-ZNUYY,One year,6,20.6,No,0.2004,Low
1354-YZFNB,Two year,4,19.55,No,0.0998,Low
6956-SMUCM,Month-to-month,3,99.0,Yes,0.8069,High
2985-FMWYF,Month-to-month,23,93.5,No,0.8806,High
2812-ENYMO,One year,26,54.55,No,0.2655,Low
2717-HVIZY,Month-to-month,8,20.05,No,0.2904,Low
3223-WZWJM,Month-to-month,26,83.95,Yes,0.8288,High
3422-GALYP,Month-to-month,2,79.45,No,0.8621,High
9053-JZFKV,Two year,67,116.2,Yes,0.1268,Low
2530-ENDWQ,Two year,71,93.7,Yes,0.2262,Low
2890-WFBHU,One year,59,79.85,No,0.0713,Low
0327-WFZSY,One year,39,100.0,No,0.5559,Medium
7977-HXJKU,Two year,21,19.6,No,0.0494,Low
6615-ZGEDR,Month-to-month,1,19.7,Yes,0.413,Medium
7033-CLAMM,Two year,48,20.2,No,0.0139,Low
4023-RTIQM,One year,31,50.4,No,0.3041,Medium
0864-FVJNJ,One year,64,113.35,No,0.2464,Low
7356-IWLFW,Month-to-month,46,80.0,No,0.4666,Medium
9541-PWTWO,Two year,52,80.95,No,0.1178,Low
3967-VQOGC,Two year,67,24.9,No,0.0112,Low
7872-RDDLZ,Month-to-month,67,54.9,No,0.2126,Low
9250-WYPLL,Month-to-month,5,75.55,Yes,0.8427,High
6308-CQRBU,Two year,71,109.25,No,0.2026,Low
2754-XBHTB,Month-to-month,9,77.65,Yes,0.8047,High
1597-LHYNC,Month-to-month,26,95.0,Yes,0.7726,High
0186-CAERR,One year,71,116.3,No,0.2435,Low
3043-SUDUA,Month-to-month,32,19.9,No,0.1385,Low
5442-BHQNG,Month-to-month,2,70.35,No,0.8185,High
2169-RRLFW,Two year,71,25.6,No,0.0094,Low
5872-OEQNH,One year,60,44.45,No,0.1661,Low
3162-KKZXO,One year,55,100.15,No,0.6374,High
7055-VKGDA,One year,54,105.4,Yes,0.2426,Low
0754-UKWQP,Month-to-month,2,95.85,Yes,0.8989,High
8873-GLDMH,Month-to-month,6,73.85,No,0.8255,High
5696-JVVQY,Two year,48,70.1,No,0.0489,Low
8946-BFWSG,Two year,63,25.25,No,0.0102,Low
7493-TPUWZ,Month-to-month,1,79.15,Yes,0.8666,High
0547-HURJB,Month-to-month,12,21.05,No,0.2511,Low
8904-OPDCK,Month-to-month,54,24.95,No,0.283,Low
8845-LWKGE,One year,30,64.5,No,0.2462,Low
1577-HKTFG,Month-to-month,30,19.65,Yes,0.1487,Low
8752-STIVR,Month-to-month,4,79.0,Yes,0.8756,High
0691-NIKRI,One year,40,105.95,No,0.5244,Medium
5022-JNQEQ,Month-to-month,9,75.85,No,0.7062,High
4558-FANTW,Month-to-month,17,91.85,Yes,0.5595,Medium
3249-VHRIP,Two year,62,43.6,No,0.0776,Low
3736-BLEPA,One year,28,91.25,No,0.3733,Medium
4701-LKOZD,Two year,70,89.75,No,0.0412,Low
6603-QWSPR,Two year,46,104.4,No,0.2285,Low
9921-QFQUL,Month-to-month,23,90.15,No,0.7334,High
1929-ZCBHE,One year,47,40.3,No,0.0865,Low
4378-MYPGO,Two year,68,105.25,No,0.1122,Low
8651-ENBZX,One year,60,106.0,Yes,0.5454,Medium
4129-LYCOI,Two year,67,104.0,No,0.2197,Low
7798-JVXYM,Month-to-month,14,69.65,No,0.6649,High
8647-SDTWQ,Month-to-month,57,74.3,No,0.4956,Medium
2696-ECXKC,One year,55,100.9,No,0.2808,Low
2081-KJSQF,Month-to-month,1,20.25,No,0.474,Medium
7623-TRNQN,Month-to-month,1,49.9,Yes,0.5206,Medium
3323-CPBWR,Month-to-month,23,96.9,No,0.7144,High
9330-IJWIO,Month-to-month,13,100.35,Yes,0.8566,High
3384-CTMSF,Month-to-month,47,104.1,No,0.7793,High
0902-RFHOF,One year,38,20.1,No,0.0549,Low
9286-DOJGF,Month-to-month,38,74.95,Yes,0.6617,High
6048-QBXKL,Month-to-month,2,56.55,No,0.7187,High
9661-MHUMO,Month-to-month,1,49.25,Yes,0.5681,Medium
7718-RXDGG,Month-to-month,15,68.6,No,0.716,High
1025-FALIX,Month-to-month,26,69.05,No,0.6603,High
3451-VAWLI,Two year,35,19.7,No,0.0267,Low
3407-QGWLG,Month-to-month,3,20.05,No,0.3972,Medium
1842-EZJMK,Month-to-month,50,103.7,Yes,0.5578,Medium
2347-WKKAE,Month-to-month,42,94.4,No,0.6785,High
8735-DCXNF,Month-to-month,10,54.95,No,0.386,Medium
3214-IYUUQ,One year,61,93.7,No,0.1204,Low
1936-UAFEH,Two year,68,110.25,No,0.1119,Low
3587-PMCOY,One year,10,98.9,No,0.6945,High
8079-XRJRS,One year,65,89.75,Yes,0.1963,Low
1027-LKKQQ,Two year,72,80.45,No,0.0283,Low
7148-XZPHA,Month-to-month,55,79.4,No,0.2793,Low
8073-IJDCM,Month-to-month,1,20.3,Yes,0.4768,Medium
5309-TAIKL,Month-to-month,7,62.8,No,0.5094,Medium
6856-RAURS,Month-to-month,2,74.9,No,0.8417,High
8778-LMWTJ,Month-to-month,9,74.85,No,0.7567,High
9717-IOAAF,Two year,27,25.85,No,0.0658,Low
8884-ADFVN,Month-to-month,7,101.95,Yes,0.922,High
2845-KDHVX,Two year,64,68.3,No,0.0393,Low
0848-SOMKO,Two year,70,48.4,No,0.025,Low
2720-WGKHP,Month-to-month,2,94.0,Yes,0.9358,High
6734-FQAJX,Two year,67,105.05,No,0.1806,Low
2869-ADAWR,Month-to-month,45,89.3,Yes,0.6387,High
1535-VTJOQ,Two year,24,25.15,No,0.0713,Low
6368-TZZDT,Two year,4,19.5,No,0.1006,Low
0943-ZQPXH,Month-to-month,44,92.95,No,0.6122,High
1293-BSEUN,Two year,72,20.7,No,0.0063,Low
9894-EZEWG,Month-to-month,1,74.3,Yes,0.7831,High
1302-TPUBN,Two year,66,19.35,No,0.0077,Low
7851-FLGGQ,Month-to-month,1,44.65,Yes,0.7215,High
0637-UBJRP,Month-to-month,13,84.05,Yes,0.6731,High
0940-OUQEC,Month-to-month,10,80.7,Yes,0.7623,High
2378-VTKDH,Month-to-month,65,104.35,No,0.7167,High
0927-CNGRH,Month-to-month,1,19.55,No,0.3593,Medium
8608-OZTLB,One year,38,74.05,No,0.1007,Low
2335-GSODA,Two year,23,40.1,No,0.086,Low
1952-DVVSW,One year,10,20.1,No,0.1697,Low
0702-PGIBZ,Month-to-month,4,101.7,Yes,0.8765,High
6656-GULJQ,Two year,72,83.55,No,0.0416,Low
9853-JFZDU,Month-to-month,35,56.85,No,0.2515,Low
1963-VAUKV,Month-to-month,1,20.4,Yes,0.4132,Medium
3777-XROBG,Two year,58,19.55,No,0.0092,Low
6994-FGRHH,One year,70,106.15,No,0.2721,Low
4000-VGMQP,One year,38,78.95,No,0.2266,Low
3999-WRNGR,Month-to-month,60,49.75,No,0.3675,Medium
3466-RITXD,Month-to-month,26,92.4,No,0.6647,High
2680-XKKNJ,One year,8,58.2,No,0.1658,Low
3058-HJCUY,One year,41,102.6,Yes,0.5323,Medium
2974-GGUXS,Month-to-month,36,91.95,No,0.7237,High
7994-XIRTR,One year,54,65.25,No,0.1027,Low
3259-FDWOY,Two year,71,106.0,Yes,0.1976,Low
2101-RANCD,Month-to-month,55,73.1,No,0.6025,High
7921-BEPCI,Two year,72,59.75,No,0.0194,Low
0807-ZABDG,Month-to-month,3,55.1,Yes,0.3982,Medium
8510-TMWYB,Two year,54,59.8,No,0.054,Low
3258-ZKPAI,Two year,72,116.6,No,0.1075,Low
1428-IEDPR,Two year,52,109.3,No,0.2918,Low
5298-GSTLM,One year,60,101.4,No,0.4159,Medium
4450-YOOHP,Month-to-month,39,50.65,No,0.5774,Medium
6728-CZFEI,One year,15,56.15,No,0.3527,Medium
5748-RNCJT,Two year,69,106.5,Yes,0.2075,Low
3653-NCRDJ,One year,43,19.2,No,0.0437,Low
6121-TNHBO,One year,63,83.0,No,0.0724,Low
5119-NZPTV,Month-to-month,2,70.1,No,0.8411,High
6519-ZHPXP,Two year,72,108.3,No,0.0771,Low
7739-LAXOG,Month-to-month,32,91.05,Yes,0.6792,High
3472-QPRCH,Two year,40,25.25,No,0.0281,Low
8224-UAXBZ,One year,58,45.35,No,0.1429,Low
9610-WCESF,Two year,67,43.9,No,0.04,Low
9776-CLUJA,Month-to-month,51,77.5,Yes,0.569,Medium
2486-WYVVE,One year,31,79.3,No,0.3309,Medium
3865-ZYKAD,Month-to-month,69,84.9,No,0.3332,Medium
1422-DGUBX,One year,32,79.25,No,0.4847,Medium
2999-AANRQ,Two year,21,71.05,No,0.082,Low
8668-KNZTI,One year,52,53.75,No,0.0924,Low
0480-KYJVA,Two year,72,24.25,No,0.0071,Low
6034-ZRYCV,Two year,72,54.2,Yes,0.1042,Low
9746-YKGXB,One year,52,44.25,No,0.0928,Low
3926-YZVVX,One year,41,50.05,No,0.0915,Low
6000-UKLWI,Two year,41,20.15,No,0.0253,Low
2079-FBMZK,Month-to-month,6,69.25,Yes,0.7852,High
6332-FBZRI,One year,67,69.35,No,0.0379,Low
2096-XOTMO,Month-to-month,16,19.35,No,0.2145,Low
3266-FTKHB,Two year,17,19.15,No,0.0738,Low
8221-EQDGL,Month-to-month,35,61.0,No,0.1946,Low
2346-LOCWC,Two year,58,20.5,No,0.0094,Low
6608-QQLVK,Month-to-month,1,50.5,Yes,0.738,High
0298-XACET,Two year,52,50.2,No,0.0491,Low
7560-QJAVJ,Two year,70,79.6,No,0.0296,Low
2995-YWTCD,Two year,19,24.9,No,0.0823,Low
3551-HUAZH,Month-to-month,1,74.4,Yes,0.9055,High
9137-UIYPG,Month-to-month,35,106.9,No,0.5889,Medium
2809-ZMYOQ,Month-to-month,32,101.35,No,0.8519,High
5084-OOVCJ,Month-to-month,17,55.35,No,0.2786,Low
0254-WWRKD,One year,67,50.55,No,0.0372,Low
7727-SHVZV,Month-to-month,9,19.5,No,0.317,Medium
6302-JGYRJ,One year,31,79.45,Yes,0.259,Low
5339-PXDVH,Month-to-month,4,90.65,No,0.8175,High
2205-LPVGL,One year,58,89.85,No,0.1438,Low
8782-NUUOL,One year,60,79.0,No,0.0782,Low
3685-YLCMQ,One year,58,104.65,Yes,0.5075,Medium
7601-WFVZV,Month-to-month,1,19.55,No,0.4136,Medium
4609-KNNWG,Two year,27,19.9,No,0.0372,Low
4868-AADLV,One year,66,116.25,No,0.3437,Medium
9529-OFXHY,Month-to-month,15,87.75,No,0.7433,High
8634-MPHTR,Month-to-month,47,100.05,Yes,0.8278,High
2669-QVCRG,Month-to-month,41,81.3,No,0.5138,Medium
2478-EEWWM,Month-to-month,59,44.3,No,0.4537,Medium
9174-IHETN,Two year,50,70.35,No,0.1125,Low
2233-TXSIU,One year,17,44.45,No,0.3089,Medium
9644-UMGQA,Month-to-month,6,49.15,No,0.5447,Medium
3256-EZDBI,Month-to-month,51,29.45,No,0.2971,Low
8761-NSOBC,Month-to-month,44,100.55,Yes,0.5842,Medium
0419-YAAPX,Month-to-month,49,85.3,No,0.5297,Medium
8413-VONUO,Month-to-month,2,95.65,Yes,0.8511,High
0872-CASZJ,One year,59,69.1,No,0.0872,Low
4726-DLWQN,Month-to-month,50,70.35,No,0.2908,Low
8164-OCKUJ,Two year,59,20.6,No,0.009,Low
3094-JOJAI,Month-to-month,18,74.15,No,0.7174,High
9494-MRNYX,Month-to-month,10,75.05,No,0.8204,High
2599-CZABP,One year,14,44.6,No,0.3705,Medium
7945-PRBVF,Two year,35,21.45,No,0.0308,Low
4544-RXFMG,One year,8,43.45,No,0.352,Medium
0859-YGKFW,One year,18,20.05,No,0.0953,Low
1150-FTQGN,One year,60,94.15,No,0.1784,Low
9223-UCPVT,Month-to-month,1,94.4,Yes,0.8795,High
7196-LIWRH,Two year,6,19.55,No,0.117,Low
5448-VWNAM,Month-to-month,19,75.9,No,0.3486,Medium
1177-XZBJL,One year,53,64.15,No,0.0413,Low
3518-FSTWG,Two year,72,109.55,No,0.2022,Low
9330-VOFSZ,Two year,60,110.8,No,0.2312,Low
4351-QLCSU,Month-to-month,1,55.0,Yes,0.7213,High
0939-EREMR,Month-to-month,13,53.45,No,0.3587,Medium
9389-ACWBI,Month-to-month,5,69.95,No,0.6902,High
5419-JPRRN,Month-to-month,1,101.45,Yes,0.9211,High
3644-QXEHN,Month-to-month,13,97.0,No,0.7999,High
2911-IJORQ,One year,37,90.6,No,0.192,Low
5921-NGYRH,Month-to-month,64,73.55,No,0.274,Low
2100-BDNSN,Month-to-month,5,67.95,Yes,0.5873,Medium
5998-DZLYR,Two year,61,94.35,No,0.1458,Low
0488-GSLFR,Month-to-month,1,69.5,Yes,0.8592,High
9318-NKNFC,Month-to-month,1,18.85,Yes,0.4795,Medium
3985-HOYPM,One year,26,19.4,No,0.0931,Low
9728-FTTVZ,Month-to-month,1,69.2,Yes,0.8597,High
9548-LERKT,Two year,24,19.75,No,0.0523,Low
6576-FBXOJ,One year,17,54.6,No,0.5128,Medium
4310-KEDTB,Month-to-month,26,29.8,No,0.5032,Medium
7254-IQWOZ,Month-to-month,1,69.65,Yes,0.8574,High
2474-BRUCM,Month-to-month,40,101.85,Yes,0.7333,High
4062-HBMOS,Month-to-month,52,103.05,No,0.7543,High
0742-NXBGR,Month-to-month,1,82.3,Yes,0.8277,High
2676-ISHSF,Month-to-month,1,20.3,No,0.4107,Medium
9236-NDUCW,Two year,21,35.1,No,0.1156,Low
4753-PADAS,One year,67,105.7,No,0.3717,Medium
6103-QCKFX,Month-to-month,44,56.25,No,0.0934,Low
7781-EWARA,One year,70,60.35,No,0.097,Low
6110-OHIHY,Month-to-month,3,79.25,Yes,0.8482,High
7018-FPXHH,Two year,56,59.8,No,0.0264,Low
5889-LFOLL,Month-to-month,13,84.6,Yes,0.8742,High
5708-EVONK,Month-to-month,58,93.4,Yes,0.3812,Medium
8708-XPXHZ,Month-to-month,42,94.2,Yes,0.776,High
0616-ATFGB,Month-to-month,1,25.05,Yes,0.8282,High
0572-ZJKLT,Two year,46,99.65,No,0.1224,Low
5135-RDDQL,Two year,63,50.65,No,0.0212,Low
1353-LJWEM,Month-to-month,11,60.9,No,0.5278,Medium
1794-SWWKL,Month-to-month,15,59.65,No,0.4359,Medium
6166-YIPFO,Two year,72,64.7,No,0.0587,Low
7016-BPGEU,Month-to-month,29,25.1,Yes,0.5215,Medium
6876-ADESB,Month-to-month,1,48.95,Yes,0.64,High
9332-GYWLO,Month-to-month,6,54.85,No,0.6445,High
1963-SVUCV,Month-to-month,1,45.3,Yes,0.6878,High
4184-VODJZ,One year,63,91.35,No,0.341,Medium
0220-EBGCE,Month-to-month,2,85.85,Yes,0.8756,High
1092-WPIVQ,Two year,18,25.1,No,0.0709,Low
7233-IOQNP,Month-to-month,43,34.0,No,0.1704,Low
2834-JKOOW,One year,15,45.9,No,0.2157,Low
2754-VDLTR,Month-to-month,10,95.2,Yes,0.8534,High
2400-FEQME,Two year,55,20.5,No,0.0106,Low
3190-XFANI,One year,49,100.6,Yes,0.386,Medium
7551-DACSP,Month-to-month,6,55.3,Yes,0.5118,Medium
4957-SREEC,Two year,70,20.35,No,0.0054,Low
7235-NXZCP,Month-to-month,2,74.85,Yes,0.8665,High
0230-UBYPQ,One year,63,36.1,No,0.0465,Low
4923-ADWXJ,Month-to-month,25,65.8,No,0.3732,Medium
1763-KUAAW,One year,18,20.35,No,0.1461,Low
1104-TNLZA,Month-to-month,28,105.8,No,0.8114,High
5195-KPUNQ,One year,53,96.75,No,0.2231,Low
0520-FDVVT,One year,35,102.35,Yes,0.5004,Medium
3439-GVUSX,Month-to-month,1,24.4,No,0.743,High
1444-VVSGW,One year,70,115.65,Yes,0.2002,Low
5712-PTIWW,Month-to-month,2,79.85,Yes,0.7966,High
5949-HGVJL,Month-to-month,26,73.05,No,0.5371,Medium
5203-XEHAX,One year,34,64.35,No,0.178,Low
1635-HDGFT,Two year,19,20.5,No,0.0543,Low
3315-TOTBP,Month-to-month,15,76.0,Yes,0.776,High
8050-XGRVL,One year,62,54.75,No,0.0378,Low
6661-HBGWL,Month-to-month,42,104.75,Yes,0.7564,High
1518-VOWAV,Month-to-month,9,74.65,Yes,0.6574,High
9828-QHFBK,Month-to-month,24,51.15,No,0.4393,Medium
3908-MKIMJ,Two year,68,41.95,No,0.051,Low
5012-YSPJJ,Month-to-month,31,54.35,No,0.2114,Low
5909-ECHUI,Month-to-month,1,56.25,Yes,0.7782,High
1309-BXVOQ,Month-to-month,21,106.1,Yes,0.8304,High
6728-VOIFY,One year,63,96.0,No,0.4132,Medium
9317-WZPGV,Month-to-month,2,79.75,Yes,0.8559,High
4891-NLUBA,Two year,61,61.45,No,0.0627,Low
2856-HYAPG,Month-to-month,1,68.65,Yes,0.8272,High
8969-PRHFK,One year,18,19.65,No,0.1298,Low
0661-KQHNK,One year,6,19.0,No,0.1677,Low
8709-KRDVL,Month-to-month,33,100.0,No,0.8228,High
4488-PSYCG,Month-to-month,16,20.25,Yes,0.2494,Low
1427-VERSM,Month-to-month,56,98.7,No,0.6242,High
9801-NOSHQ,One year,23,19.8,No,0.0851,Low
6339-YPSAH,Month-to-month,9,73.8,No,0.8264,High
3621-CEOVK,Month-to-month,14,100.2,Yes,0.8957,High
6906-ANDWJ,Month-to-month,15,74.9,Yes,0.7171,High
2159-TURXX,Month-to-month,5,20.05,No,0.3711,Medium
1548-FEHVL,Month-to-month,61,106.2,No,0.6039,High
3795-CAWEX,Two year,70,116.55,No,0.12,Low
6215-NQCPY,Month-to-month,15,99.7,No,0.8506,High
5647-URDKA,Two year,8,19.7,No,0.0829,Low
2229-DPMBI,Two year,8,19.5,No,0.0848,Low
9626-WEQRM,Month-to-month,4,29.15,No,0.6843,High
2188-SXWVT,One year,34,55.0,No,0.1044,Low
6258-PVZWJ,Two year,68,90.8,No,0.0535,Low
1094-BKOSX,One year,45,51.0,No,0.1101,Low
6969-MVBAI,Month-to-month,9,90.1,No,0.9062,High
2978-XXSOG,Month-to-month,22,59.05,No,0.357,Medium
2342-CKIAO,Month-to-month,2,20.3,No,0.4026,Medium
6953-PBDIN,Two year,70,72.95,No,0.0351,Low
3898-BSJYF,One year,10,73.55,No,0.236,Low
3938-YFPXD,Two year,72,84.3,No,0.0405,Low
7696-AMHOD,One year,49,78.0,No,0.1368,Low
2453-SAFNS,One year,54,72.1,No,0.1253,Low
9558-IHEZX,Two year,71,106.75,No,0.1779,Low
9617-UDPEU,One year,22,19.25,No,0.138,Low
6340-DACFT,Two year,50,20.55,No,0.0136,Low
4955-VCWBI,One year,43,20.0,No,0.0345,Low
6813-GZQCG,Two year,45,24.65,No,0.03,Low
7426-GSWPO,Month-to-month,64,103.5,No,0.5473,Medium
3389-KTRXV,Two year,23,23.85,No,0.0598,Low
3118-UHVVQ,Two year,68,25.8,No,0.011,Low
1031-IIDEO,Month-to-month,1,70.85,Yes,0.8565,High
5832-XKAES,Month-to-month,2,69.8,Yes,0.805,High
3205-MXZRA,One year,26,59.45,No,0.2019,Low
4701-AHWMW,Month-to-month,55,54.55,Yes,0.3296,Medium
8317-BVKSO,Month-to-month,14,20.05,No,0.4166,Medium
5702-KVQRD,Two year,71,82.55,No,0.0518,Low
0083-PIVIK,One year,64,81.25,No,0.0917,Low
9210-IAHGH,Month-to-month,7,70.75,Yes,0.6364,High
6169-PGNCD,Two year,57,74.3,No,0.0365,Low
0023-XUOPT,Month-to-month,13,94.1,Yes,0.8173,High
4592-IWTJI,Month-to-month,3,29.7,Yes,0.5749,Medium
4909-JOUPP,Two year,72,109.7,No,0.1788,Low
4657-FWVFY,Month-to-month,40,96.35,No,0.6201,High
2257-BOVXD,Month-to-month,14,66.6,No,0.5807,Medium
7729-JTEEC,Month-to-month,2,44.5,No,0.6798,High
7632-MNYOY,One year,66,110.9,Yes,0.3417,Medium
6518-LGAOV,Month-to-month,38,105.0,Yes,0.7727,High
7242-QZLXF,Month-to-month,1,25.3,Yes,0.8066,High
4576-CSAJH,One year,22,55.15,Yes,0.1941,Low
1000-AJSLD,Month-to-month,1,20.1,Yes,0.4746,Medium
9696-RMYBA,Month-to-month,5,80.1,No,0.8238,High
8690-UPCZI,One year,29,69.05,No,0.1287,Low
1062-LHZOD,Month-to-month,1,69.9,Yes,0.7631,High
9770-LXDBK,Month-to-month,3,20.4,No,0.3914,Medium
4086-WITJG,Two year,71,19.7,No,0.005,Low
8344-WFMFH,Month-to-month,9,50.1,No,0.584,Medium
9600-NAXZN,Month-to-month,43,101.4,Yes,0.7879,High
8822-KNBHV,One year,48,83.45,No,0.2056,Low
8404-FYDIB,Month-to-month,26,86.65,No,0.5872,Medium
2791-SFVEW,Month-to-month,9,20.15,No,0.3198,Medium
6457-USBER,Month-to-month,1,80.8,Yes,0.8796,High
6762-NSODU,Two year,46,19.4,No,0.0164,Low
4662-EKDPQ,Month-to-month,2,62.05,Yes,0.6867,High
9248-OJYKK,Month-to-month,1,76.45,Yes,0.9027,High
9888-ZCUMM,Two year,64,60.05,No,0.0447,Low
3398-FSHON,Month-to-month,12,91.3,Yes,0.8796,High
3319-DWOEP,Month-to-month,6,95.75,Yes,0.9047,High
1074-WVEVG,One year,59,20.35,No,0.0218,Low
9979-RGMZT,One year,7,94.05,No,0.6822,High
6437-UDQJM,Two year,72,84.1,No,0.0765,Low
1226-IENZN,Month-to-month,16,78.75,No,0.8537,High
2108-GLPQB,Month-to-month,25,55.55,No,0.4484,Medium
9259-PACGQ,Month-to-month,34,62.65,Yes,0.2621,Low
4415-IJZTP,Month-to-month,1,74.5,Yes,0.8875,High
1465-VINDH,Month-to-month,10,102.1,Yes,0.8237,High
5474-LAMUQ,One year,24,20.1,No,0.0979,Low
3468-DRVQJ,One year,10,70.3,No,0.3357,Medium
1122-YJBCS,One year,69,53.65,No,0.0398,Low
4990-ALDGW,Two year,57,20.75,No,0.0122,Low
4816-OKWNX,One year,50,103.4,No,0.2837,Low
3315-IKYZQ,One year,28,50.8,No,0.1635,Low
2810-FTLEM,Month-to-month,16,50.15,Yes,0.5139,Medium
4747-LCAQL,Month-to-month,25,79.0,No,0.3569,Medium
3411-WLRSQ,Month-to-month,3,74.6,No,0.7887,High
0898-XCGTF,One year,61,96.5,No,0.4132,Medium
8006-PYCSW,Month-to-month,2,20.1,No,0.4033,Medium
8249-THVEC,One year,51,19.4,No,0.0243,Low
8722-PRFDV,Two year,71,77.55,No,0.0323,Low
2164-SOQXL,Month-to-month,20,20.05,No,0.1856,Low
4020-KIUDI,Month-to-month,6,19.85,No,0.3036,Medium
5850-BDWCY,Month-to-month,6,20.2,No,0.36,Medium
2038-YSEZE,Month-to-month,29,67.45,No,0.2142,Low
0827-ITJPH,Two year,36,18.55,No,0.0419,Low
8799-OXZMD,Month-to-month,28,29.75,No,0.5353,Medium
1925-TIBLE,Month-to-month,7,86.5,Yes,0.886,High
1705-GUHPV,Two year,63,24.2,No,0.0138,Low
4779-ZGICK,Two year,48,23.55,No,0.02,Low
0048-PIHNL,One year,49,20.45,No,0.0307,Low
0818-OCPZO,Month-to-month,27,81.45,Yes,0.7784,High
3967-KXAPS,Two year,72,92.3,No,0.0374,Low
1447-GIQMR,Month-to-month,1,69.15,Yes,0.8538,High
3704-IEAXF,Two year,72,53.65,No,0.0326,Low
6810-VCAEX,One year,47,39.65,No,0.0699,Low
0674-EYYZV,Month-to-month,1,54.65,No,0.7852,High
4480-MBMLB,One year,36,104.8,No,0.5815,Medium
1395-OFUWC,Month-to-month,43,29.3,No,0.2309,Low
0822-QGCXA,Month-to-month,27,83.85,No,0.5926,Medium
0872-NXJYS,Month-to-month,9,79.55,Yes,0.8561,High
2832-KJCRD,Month-to-month,38,103.65,No,0.7812,High
3588-WSTTJ,Month-to-month,35,99.05,No,0.8139,High
5090-EMGTC,Two year,59,100.05,No,0.1734,Low
2346-CZYIL,Two year,27,20.35,No,0.0476,Low
3798-EPWRR,Month-to-month,2,43.95,No,0.7287,High
6258-NGCNG,Month-to-month,7,23.5,No,0.4154,Medium
4186-ZBUEW,One year,36,70.7,No,0.2089,Low
5274-XHAKY,Month-to-month,41,94.3,No,0.4934,Medium
1442-BQPVU,Month-to-month,13,29.15,No,0.6722,High
3978-YNKDD,Two year,19,20.85,No,0.0551,Low
4940-KHCWD,Two year,60,37.7,No,0.0205,Low
9412-ARGBX,Two year,48,95.5,Yes,0.1428,Low
1389-CXMLU,Month-to-month,3,91.05,Yes,0.8957,High
9589-ABEPT,Two year,69,92.45,No,0.1321,Low
9388-ZEYVT,One year,43,44.15,No,0.233,Low
0305-SQECB,One year,11,36.05,No,0.2804,Low
7605-SNLQG,Month-to-month,45,50.25,No,0.2702,Low
4670-TABXH,Two year,72,109.75,No,0.1807,Low
5561-NWEVX,Month-to-month,2,79.2,Yes,0.8753,High
0064-SUDOG,Two year,12,20.3,No,0.0668,Low
8561-NMTBD,One year,67,112.35,No,0.2798,Low
5161-XEUVX,Two year,37,94.3,No,0.2398,Low
8292-FRFZQ,One year,39,41.15,No,0.091,Low
8591-NXRCV,Month-to-month,41,74.65,No,0.2822,Low
7895-VONWT,Month-to-month,25,48.25,No,0.776,High
4526-RMTLL,Two year,8,76.15,No,0.1456,Low
6253-GNHWH,Two year,71,71.1,No,0.0142,Low
4566-NECEV,Month-to-month,5,96.55,No,0.8438,High
8080-POTJR,One year,30,79.3,No,0.3437,Medium
6906-MPARY,One year,40,89.6,No,0.3142,Medium
3662-FXJFO,Two year,54,20.5,No,0.0182,Low
8107-RZLNV,Two year,72,106.3,No,0.2191,Low
0516-OOHAR,One year,28,100.35,No,0.4129,Medium
2027-CWDNU,Month-to-month,18,85.6,No,0.7057,High
2737-WFVYW,Month-to-month,2,45.25,Yes,0.888,High
9912-OMZDS,One year,59,106.15,No,0.4772,Medium
3733-ZEECP,Month-to-month,22,51.1,No,0.4067,Medium
7878-RTCZG,Month-to-month,1,19.9,No,0.4151,Medium
2452-MRMZF,Two year,72,25.7,No,0.0143,Low
2272-QAGFO,Month-to-month,14,74.3,Yes,0.8679,High
7103-IPXPJ,One year,50,99.4,No,0.462,Medium
4342-HFXWS,One year,48,69.7,No,0.0541,Low
3545-CNWRG,Month-to-month,49,98.35,No,0.7103,High
1785-BPHTP,Month-to-month,28,85.45,No,0.6658,High
4989-LIXVT,Month-to-month,68,95.9,No,0.6322,High
7315-WYOAW,Month-to-month,13,100.75,No,0.8238,High
1173-XZPYF,Month-to-month,11,89.2,No,0.883,High
9850-OWRHQ,Month-to-month,3,74.1,Yes,0.8366,High
3768-NLUBH,Month-to-month,57,100.6,Yes,0.7364,High
8676-TRMJS,Month-to-month,3,75.0,Yes,0.7973,High
2509-TFPJU,Two year,72,25.75,No,0.0088,Low
9530-GRMJG,Two year,70,84.1,No,0.0763,Low
6898-RBTLU,Two year,49,79.3,No,0.0675,Low
5481-NTDOH,One year,67,107.05,No,0.3954,Medium
2068-WWXQZ,Two year,46,20.05,No,0.0192,Low
7359-SSBJK,Two year,64,70.2,Yes,0.0339,Low
2061-VVFST,Month-to-month,37,19.5,No,0.113,Low
0685-MLYYM,Month-to-month,2,70.75,Yes,0.8467,High
0749-IRGQE,Month-to-month,13,45.3,No,0.8231,High
2380-DAMQP,Two year,72,115.15,No,0.1552,Low
2256-YLYLP,Two year,68,72.95,No,0.0421,Low
1272-ILHFG,One year,15,19.65,No,0.1153,Low
0164-XAIRP,Two year,24,19.55,No,0.066,Low
5666-CYCYZ,Month-to-month,24,89.55,No,0.785,High
4011-ARPHK,Month-to-month,27,50.35,No,0.2773,Low
8182-PNAGI,Month-to-month,12,50.25,Yes,0.3955,Medium
6365-HITVU,Two year,71,87.25,No,0.0225,Low
7558-IMLMT,Two year,67,20.8,No,0.0079,Low
9488-FYQAU,Two year,63,109.25,No,0.2063,Low
3590-TCXTB,Month-to-month,1,20.35,No,0.4105,Medium
6994-KERXL,Month-to-month,4,55.9,No,0.7585,High
7957-RYHQD,Month-to-month,40,79.2,Yes,0.4779,Medium
2180-DXNEG,Month-to-month,12,96.0,Yes,0.8715,High
1960-UOTYM,Two year,52,79.2,No,0.0658,Low
2740-JFBOK,Month-to-month,10,24.0,No,0.5302,Medium
6500-JVEGC,One year,68,101.35,No,0.2012,Low
5515-AKOAJ,Month-to-month,54,100.1,Yes,0.6959,High
8976-OQHGT,Month-to-month,4,56.5,Yes,0.3733,Medium
5245-VDBUR,One year,52,35.45,No,0.0915,Low
6230-BSUXY,Month-to-month,1,85.0,Yes,0.9013,High
8469-SNFFH,One year,70,79.4,No,0.0462,Low
2144-ESWKO,One year,43,35.2,No,0.1586,Low
1241-FPMOF,Two year,52,19.65,No,0.0156,Low
9928-BZVLZ,Two year,12,49.85,No,0.1935,Low
4114-QMKVN,One year,56,68.75,No,0.0694,Low
9003-CPATH,Month-to-month,42,79.9,No,0.6348,High
1754-GKYPY,Month-to-month,22,89.75,No,0.8039,High
5294-CDGWY,One year,51,59.3,Yes,0.17,Low
7956-XQWGU,Month-to-month,27,19.4,No,0.2164,Low
1591-MQJTP,One year,51,93.65,No,0.3834,Medium
5295-PCJOO,Month-to-month,4,49.4,Yes,0.5709,Medium
2369-FEVNO,Month-to-month,1,19.9,No,0.4754,Medium
9863-JZAIC,Month-to-month,35,55.0,Yes,0.3669,Medium
7471-MQPOS,One year,71,72.9,No,0.075,Low
7660-HDPJV,Month-to-month,1,69.2,Yes,0.8597,High
5115-SQAAU,Two year,69,25.6,No,0.0094,Low
9845-QOMAD,One year,14,19.75,No,0.1198,Low
7672-VFMXZ,Month-to-month,57,55.7,No,0.1092,Low
9739-JLPQJ,Two year,72,117.5,No,0.0983,Low
9916-AYHTC,Two year,48,19.85,No,0.0187,Low
3855-ONCAR,Month-to-month,4,78.9,No,0.7911,High
1488-SYSFC,Month-to-month,31,20.65,No,0.202,Low
7931-PXHFC,One year,38,62.3,Yes,0.1813,Low
3990-QYKBE,Month-to-month,37,92.5,Yes,0.8529,High
0970-QXPXW,Month-to-month,1,19.65,No,0.4161,Medium
3259-KNMRR,Two year,57,79.75,No,0.1416,Low
6120-RJKLU,Two year,62,79.95,No,0.0574,Low
9572-WUKSB,Month-to-month,3,29.9,No,0.7602,High
5893-KCLGT,Two year,72,19.75,No,0.0068,Low
0076-LVEPS,Month-to-month,29,45.0,No,0.2609,Low
3640-JQGJG,Month-to-month,13,44.8,No,0.412,Medium
4919-MOAVT,Month-to-month,3,69.65,Yes,0.7768,High
1596-OQSPS,Month-to-month,11,51.1,No,0.5544,Medium
9867-XOBQA,Two year,21,53.15,No,0.1096,Low
9546-KDTRB,Month-to-month,19,24.7,No,0.2806,Low
3090-HAWSU,Two year,61,111.6,Yes,0.195,Low
9820-RMCQV,Month-to-month,11,48.55,Yes,0.4184,Medium
3174-RKMOW,Month-to-month,35,109.95,No,0.7073,High
1760-CAZHT,Month-to-month,25,20.8,No,0.1536,Low
7839-QRKXN,Month-to-month,1,20.2,Yes,0.4771,Medium
8441-SHIPE,Two year,67,25.6,No,0.014,Low
5204-QZXPU,Month-to-month,19,39.65,Yes,0.7604,High
4597-ELFTS,One year,56,24.9,Yes,0.0478,Low
1320-GVNHT,Two year,72,108.4,No,0.1471,Low
1047-RNXZV,Two year,43,19.55,No,0.0236,Low
3541-ZNUHK,Month-to-month,55,85.1,No,0.4061,Medium
8450-JOVAH,Month-to-month,2,56.7,Yes,0.485,Medium
8725-JEDFD,Month-to-month,27,69.05,No,0.6415,High
7562-UXTPG,Month-to-month,13,70.15,No,0.7406,High
8071-SBTRN,Two year,70,111.15,No,0.191,Low
1113-IUJYX,One year,14,105.95,Yes,0.367,Medium
6668-CNMFP,One year,19,89.35,No,0.4837,Medium
5626-MGTUK,Month-to-month,20,89.1,No,0.7247,High
5681-LLOEI,One year,43,91.25,No,0.2158,Low
8212-DJRCH,Month-to-month,5,90.35,No,0.6959,High
4323-OHFOW,One year,70,105.55,No,0.3209,Medium
4933-BSAIP,Two year,40,19.1,No,0.0263,Low
2030-BTZRO,Two year,6,20.4,No,0.1142,Low
1116-DXXDF,Two year,39,100.45,No,0.349,Medium
9274-CNFMO,Month-to-month,4,74.95,Yes,0.8661,High
7758-XKCBS,Month-to-month,15,29.7,Yes,0.6624,High
8992-JQYUN,Month-to-month,1,50.35,Yes,0.8863,High
6563-VNPMN,Month-to-month,45,85.7,No,0.3357,Medium
0617-AQNWT,Two year,64,47.85,Yes,0.0455,Low
2267-WTPYD,Month-to-month,57,94.0,No,0.5569,Medium
0270-THENM,Two year,72,69.85,No,0.0124,Low
2446-PLQVO,Month-to-month,1,70.3,Yes,0.8562,High
4707-MAXGU,Two year,72,25.85,No,0.0088,Low
2710-WYVXG,Two year,3,71.1,No,0.1328,Low
3005-NFMTA,Month-to-month,55,98.8,Yes,0.7304,High
6300-BWMJX,Month-to-month,59,93.35,No,0.5185,Medium
8784-CGILN,Month-to-month,18,99.85,Yes,0.7828,High
5389-FFVKB,Month-to-month,32,80.3,Yes,0.7072,High
7009-LGECI,Month-to-month,4,50.55,No,0.5275,Medium
8444-WRIDW,Month-to-month,66,80.45,Yes,0.4453,Medium
5022-KVDQT,Month-to-month,27,81.3,No,0.7816,High
7976-CICYS,Month-to-month,4,20.7,No,0.4418,Medium
1036-GUDCL,Month-to-month,60,79.05,No,0.1309,Low
2005-DWQZJ,Two year,8,19.05,No,0.0861,Low
8148-WOCMK,Two year,8,19.6,No,0.084,Low
7815-PDTHL,Two year,35,20.2,No,0.0423,Low
9451-LPGOO,Month-to-month,7,86.8,Yes,0.8876,High
9173-IVZVP,Two year,53,20.9,No,0.0117,Low
9129-UXERG,Month-to-month,18,103.6,No,0.8017,High
3635-JBPSG,Two year,15,38.8,No,0.3414,Medium
7964-ZRKKG,One year,67,88.4,No,0.2742,Low
5868-YWPDW,Month-to-month,6,84.2,Yes,0.8647,High
6229-LSCKB,Month-to-month,6,79.7,No,0.8892,High
2025-JKFWI,Month-to-month,13,99.0,Yes,0.8131,High
4078-SAYYN,Month-to-month,11,100.75,Yes,0.9041,High
1724-IQWNM,Month-to-month,1,19.3,No,0.4211,Medium
8217-QYOHV,Month-to-month,5,55.75,No,0.4308,Medium
5546-QUERU,One year,13,19.95,No,0.192,Low
9940-HPQPG,Month-to-month,9,91.75,Yes,0.6224,High
6897-UUBNU,Month-to-month,29,89.65,No,0.5209,Medium
6127-IYJOZ,Month-to-month,1,45.85,No,0.7086,High
6618-RYATB,Month-to-month,1,79.55,Yes,0.8461,High
8930-XOTDP,Month-to-month,18,55.95,No,0.4514,Medium
5916-QEWPT,Month-to-month,2,69.0,No,0.7003,High
5060-TQUQN,Month-to-month,30,83.55,No,0.4996,Medium
0531-XBKMM,Two year,66,65.7,No,0.0144,Low
8465-SBRXP,Two year,38,94.9,No,0.2309,Low
2408-PSJVE,Month-to-month,44,61.9,No,0.166,Low
9079-YEXQJ,Month-to-month,54,111.1,Yes,0.6251,High
9700-ZCLOT,Month-to-month,2,20.0,No,0.4004,Medium
8738-JOKAR,One year,42,67.7,No,0.1019,Low
4534-WGCIR,Two year,58,25.15,No,0.0132,Low
1930-WNXSB,Month-to-month,58,92.85,No,0.5716,Medium
2685-SREOM,Month-to-month,25,89.1,Yes,0.8012,High
3508-CFVZL,Two year,71,111.3,No,0.1198,Low
0402-CQAJN,Month-to-month,37,101.9,Yes,0.7354,High
6692-UDPJC,Month-to-month,14,91.65,Yes,0.7798,High
1273-MTETI,Month-to-month,4,88.85,Yes,0.9175,High
0657-DOGUM,One year,48,60.6,No,0.0861,Low
5480-HPRRX,Month-to-month,3,25.3,Yes,0.822,High
8792-AOROI,Two year,8,65.5,No,0.1327,Low
0295-PPHDO,Month-to-month,1,95.45,Yes,0.9227,High
5146-YYFRZ,Two year,67,19.95,No,0.0074,Low
1195-OIYEJ,Month-to-month,13,91.1,Yes,0.8674,High
5906-CVLHP,One year,45,54.15,Yes,0.0733,Low
3452-SRFEG,Month-to-month,49,74.6,No,0.5404,Medium
4070-OKWVH,Month-to-month,52,94.6,No,0.5258,Medium
5297-MDOIR,One year,63,81.15,No,0.1661,Low
6369-MCAKO,Two year,68,89.05,No,0.0405,Low
4926-UMJZD,Month-to-month,31,49.2,No,0.2998,Low
6848-HJTXY,Two year,64,19.45,No,0.0089,Low
6341-AEVKX,One year,62,104.3,No,0.3154,Medium
4501-EQDRN,Month-to-month,1,69.7,Yes,0.7573,High
2990-HWIML,Month-to-month,6,89.5,Yes,0.8931,High
0682-USIXD,Month-to-month,21,86.05,No,0.7366,High
6976-BWGLQ,Two year,72,25.2,No,0.0065,Low
7078-NVFAM,Month-to-month,32,35.15,No,0.372,Medium
8065-QBYTO,One year,71,99.65,No,0.2106,Low
2133-TSRRM,Month-to-month,34,105.35,No,0.5604,Medium
7384-GHBPI,Month-to-month,3,35.15,Yes,0.852,High
7603-USHJS,Month-to-month,12,73.75,Yes,0.7591,High
7234-FECYN,Month-to-month,8,101.35,Yes,0.904,High
2511-ALLCS,Two year,35,24.3,No,0.0329,Low
3191-CSNMG,Month-to-month,3,80.7,No,0.8444,High
7952-OBOYL,Month-to-month,3,89.85,No,0.7704,High
7470-DYNOE,One year,53,61.1,No,0.2099,Low
7853-OETYL,Month-to-month,4,29.05,No,0.7496,High
1545-ACTAS,One year,48,99.7,No,0.3198,Medium
5876-HZVZM,Month-to-month,6,55.9,Yes,0.3535,Medium
1400-MMYXY,Month-to-month,3,105.9,Yes,0.9172,High
5126-RCXYW,Two year,54,46.0,No,0.0509,Low
3085-QUOZK,Month-to-month,1,43.95,Yes,0.6152,High
2363-BJLSL,Month-to-month,62,80.4,No,0.2116,Low
1956-YIFGE,One year,22,100.05,No,0.5209,Medium
3926-CUQZX,Month-to-month,1,45.1,Yes,0.6543,High
7921-LMDFQ,One year,51,94.0,No,0.4935,Medium
2925-MXLSX,One year,30,68.95,No,0.3287,Medium
5820-PTRYM,One year,56,68.45,No,0.0845,Low
9609-BENEA,One year,35,69.0,No,0.2784,Low
6211-WHMYA,Month-to-month,64,43.85,No,0.28,Low
4459-BBGHE,Month-to-month,30,44.5,No,0.6766,High
9945-PSVIP,Two year,25,18.7,No,0.0512,Low
1041-RXHRA,Month-to-month,41,70.25,Yes,0.4583,Medium
1750-CSKKM,Month-to-month,9,55.35,Yes,0.6189,High
9108-EJFJP,Month-to-month,1,53.55,No,0.5195,Medium
0530-IJVDB,Two year,70,114.6,No,0.1604,Low
0508-SQWPL,Two year,57,20.1,No,0.0116,Low
2215-ZAFGX,Month-to-month,9,85.5,No,0.8855,High
8213-TAZPM,One year,69,108.75,No,0.2626,Low
7142-HVGBG,Month-to-month,43,103.0,Yes,0.817,High
1304-SEGFY,Two year,72,97.85,No,0.3109,Medium
7242-EDTYC,Two year,44,19.55,No,0.0167,Low
2904-GGUAZ,Two year,72,84.05,No,0.077,Low
8267-ZNYVZ,One year,33,103.75,Yes,0.4619,Medium
5136-GFPMB,Month-to-month,54,89.4,No,0.5581,Medium
2595-KIWPV,Two year,27,19.7,No,0.0384,Low
5243-SAOTC,Month-to-month,54,79.85,No,0.4676,Medium
9398-MMQTO,Month-to-month,3,74.45,No,0.7212,High
7619-PLRLP,One year,53,74.1,No,0.0978,Low
6457-GIRWB,Month-to-month,1,69.35,Yes,0.858,High
6508-NJYRO,One year,15,18.8,No,0.1413,Low
1450-SKCVI,Month-to-month,56,73.85,Yes,0.4735,Medium
4710-NKCAW,Month-to-month,5,64.4,No,0.335,Medium
5306-BVTKJ,One year,48,55.8,No,0.0945,Low
0357-NVCRI,Month-to-month,25,20.05,No,0.159,Low
5570-PTWEH,Month-to-month,3,75.15,Yes,0.8339,High
2371-KFUOG,One year,58,99.15,No,0.2243,Low
0463-ZSDNT,Month-to-month,10,56.75,No,0.6187,High
6502-MJQAE,Month-to-month,1,69.6,Yes,0.8575,High
6257-DTAYD,Two year,71,104.15,No,0.1755,Low
4616-ULAOA,Two year,65,110.8,No,0.1788,Low
7693-LCKZL,Month-to-month,5,80.15,Yes,0.8125,High
7746-AWNQW,Month-to-month,28,35.75,No,0.4459,Medium
5996-EBTKM,Two year,67,69.9,No,0.041,Low
2758-RNWXS,One year,35,89.2,No,0.3816,Medium
2314-TNDJQ,Two year,72,55.65,No,0.017,Low
2405-LBMUW,One year,61,50.7,No,0.0548,Low
3454-JFUBC,Two year,68,20.0,No,0.0122,Low
0032-PGELS,Month-to-month,1,30.5,Yes,0.5753,Medium
9039-ZVJDC,Month-to-month,3,19.1,No,0.4554,Medium
6797-LNAQX,Two year,70,98.3,Yes,0.1436,Low
9013-AQORL,Month-to-month,48,45.55,No,0.2706,Low
2898-MRKPI,One year,68,101.05,No,0.3196,Medium
2750-BJLSB,One year,47,103.7,No,0.386,Medium
3648-GZPHF,One year,32,36.25,No,0.1906,Low
2075-RMJIK,Month-to-month,5,49.4,No,0.467,Medium
9588-YRFHY,Two year,49,19.9,No,0.0235,Low
6394-MFYNG,Month-to-month,48,107.4,Yes,0.6882,High
1564-NTYXF,Month-to-month,13,82.0,Yes,0.8993,High
9364-YKUVW,Month-to-month,15,19.8,No,0.3242,Medium
5392-AKEMH,Month-to-month,12,45.05,No,0.6519,High
2451-YMUXS,Two year,67,64.55,No,0.0265,Low
3914-FDRHP,Month-to-month,9,86.25,No,0.7554,High
3078-ZKNTS,Two year,13,19.75,No,0.0819,Low
1024-KPRBB,One year,38,89.1,No,0.5229,Medium
4690-PKDQG,Month-to-month,42,95.55,No,0.7647,High
8155-IBNHG,Month-to-month,24,75.4,Yes,0.7202,High
0886-QGENL,Month-to-month,27,101.25,Yes,0.7914,High
9547-ITEFG,Month-to-month,9,102.6,No,0.8216,High
1264-FUHCX,One year,49,56.3,No,0.2025,Low
7789-CRUVC,Month-to-month,61,94.2,No,0.3477,Medium
6598-KELSS,One year,50,43.05,No,0.1142,Low
8739-WWKDU,Month-to-month,25,89.5,Yes,0.8369,High
8685-WHQPW,Month-to-month,22,74.4,Yes,0.7721,High
4745-LSPLO,Month-to-month,1,20.5,Yes,0.4099,Medium
8083-YTZES,Month-to-month,4,74.35,Yes,0.8759,High
7240-FQLHE,Month-to-month,18,99.75,Yes,0.7705,High
6664-FPDAC,One year,56,111.95,Yes,0.5438,Medium
9972-VAFJJ,One year,53,94.0,No,0.3683,Medium
0422-UXFAP,One year,51,98.85,No,0.6044,High
1904-WAJAA,Two year,24,64.35,No,0.1142,Low
5130-YPIRV,Two year,62,72.0,No,0.0395,Low
2843-CQMEG,Month-to-month,24,49.7,No,0.4136,Medium
6439-PKTRR,Two year,70,80.7,No,0.0293,Low
5351-QESIO,Month-to-month,1,24.2,No,0.6976,High
0786-VSSUD,Month-to-month,16,39.0,Yes,0.7261,High
5568-DMXZS,Month-to-month,8,65.45,No,0.6181,High
8468-FZTOE,Two year,72,74.35,No,0.0242,Low
6633-SYEUS,Month-to-month,23,83.2,No,0.4941,Medium
6447-GORXK,Month-to-month,31,25.0,No,0.3796,Medium
6967-PEJLL,One year,37,40.2,No,0.1597,Low
3976-BWUCK,Month-to-month,30,94.1,Yes,0.6433,High
5981-ZVXOT,One year,35,108.35,No,0.6334,High
1684-FLBGS,Month-to-month,23,69.5,No,0.419,Medium
1389-WNUIB,One year,20,76.0,No,0.2743,Low
0376-OIWME,Month-to-month,36,93.6,No,0.705,High
3585-ISXZP,Month-to-month,8,95.65,Yes,0.8383,High
0218-QNVAS,One year,71,100.55,No,0.243,Low
6583-QGCSI,Month-to-month,50,88.05,Yes,0.7182,High
0804-YGEQV,One year,43,24.45,No,0.0562,Low
7164-BPTUT,Two year,57,89.55,No,0.0432,Low
4174-LPGTI,One year,41,66.5,Yes,0.107,Low
2523-EWWZL,Month-to-month,27,76.1,No,0.683,High
0928-XUTSN,Month-to-month,13,80.5,No,0.8377,High
2108-XWMPY,Month-to-month,3,35.45,Yes,0.6461,High
0052-YNYOT,One year,67,20.55,No,0.0218,Low
6304-IJFSQ,Month-to-month,3,49.9,Yes,0.6059,High
9586-JGQKH,Two year,64,105.4,No,0.1944,Low
4501-VCPFK,Month-to-month,26,35.75,No,0.4967,Medium
6075-SLNIL,Month-to-month,38,95.1,No,0.6883,High
9347-AERRL,One year,23,19.3,No,0.1037,Low
0093-XWZFY,Month-to-month,40,104.5,Yes,0.7344,High
2274-XUATA,Two year,72,63.1,No,0.0488,Low
1980-KXVPM,Month-to-month,3,75.05,Yes,0.8662,High
7703-ZEKEF,Month-to-month,23,81.0,Yes,0.8005,High
0723-DRCLG,Month-to-month,1,74.45,Yes,0.9032,High
5482-NUPNA,Month-to-month,4,60.4,Yes,0.4019,Medium
6691-CCIHA,Two year,62,84.95,No,0.0758,Low
1685-BQULA,Month-to-month,40,93.4,No,0.6661,High
9053-EJUNL,Month-to-month,41,89.2,No,0.732,High
0666-UXTJO,Month-to-month,34,85.2,No,0.7095,High
1471-GIQKQ,Month-to-month,1,49.95,No,0.65,High
4807-IZYOZ,Two year,51,20.65,No,0.0154,Low
1122-JWTJW,Month-to-month,1,70.65,Yes,0.761,High
9710-NJERN,Two year,39,20.15,No,0.0285,Low
9837-FWLCH,Month-to-month,12,19.2,No,0.3767,Medium
1699-HPSBG,One year,12,59.8,Yes,0.4312,Medium
7203-OYKCT,One year,72,104.95,No,0.4657,Medium
1035-IPQPU,Month-to-month,63,103.5,No,0.7368,High
7398-LXGYX,Month-to-month,44,84.8,No,0.4962,Medium
2823-LKABH,Month-to-month,18,95.05,No,0.7348,High
8775-CEBBJ,Month-to-month,9,44.2,Yes,0.587,Medium
0550-DCXLH,Month-to-month,13,73.35,No,0.4873,Medium
9281-CEDRU,Two year,68,64.1,No,0.0237,Low
2235-DWLJU,Month-to-month,6,44.4,No,0.894,High
0871-OPBXW,Month-to-month,2,20.05,No,0.4663,Medium
3605-JISKB,One year,55,60.0,No,0.0821,Low
6894-LFHLY,Month-to-month,1,75.75,Yes,0.9037,High
9767-FFLEM,Month-to-month,38,69.5,No,0.5618,Medium
0639-TSIQW,Month-to-month,67,102.95,Yes,0.429,Medium
8456-QDAVC,Month-to-month,19,78.7,No,0.7474,High
7750-EYXWZ,One year,12,60.65,No,0.5247,Medium
2569-WGERO,Two year,72,21.15,No,0.0076,Low
6840-RESVB,One year,24,84.8,No,0.2413,Low
2234-XADUH,One year,72,103.2,No,0.3203,Medium
4801-JZAZL,Month-to-month,11,29.6,No,0.6362,High
8361-LTMKD,Month-to-month,4,74.4,Yes,0.8554,High
3186-AJIEK,Two year,66,105.65,No,0.1199,Low
